"SP500_lag2","IndexDiv_lag1","Loss"
-100,-100,58591.8302150115
-97.979797979798,-100,57452.4449728768
-95.959595959596,-100,56327.7018979418
-93.9393939393939,-100,55164.8743716243
-91.9191919191919,-100,53978.1436857411
-89.8989898989899,-100,52785.43341516
-87.8787878787879,-100,51590.6169699843
-85.8585858585859,-100,50408.1559158945
-83.8383838383838,-100,49221.662856054
-81.8181818181818,-100,47972.4018138874
-79.7979797979798,-100,46695.3277033938
-77.7777777777778,-100,45439.6845237809
-75.7575757575758,-100,44206.0628198915
-73.7373737373737,-100,42991.961563466
-71.7171717171717,-100,41774.5165036913
-69.6969696969697,-100,40568.8963380242
-67.6767676767677,-100,39414.3355198965
-65.6565656565656,-100,38263.0628172284
-63.6363636363636,-100,37132.2767648743
-61.6161616161616,-100,36012.103777918
-59.5959595959596,-100,34887.251890611
-57.5757575757576,-100,33764.7797250678
-55.5555555555556,-100,32646.4888251572
-53.5353535353535,-100,31522.5130088279
-51.5151515151515,-100,30417.2254908504
-49.4949494949495,-100,29337.3497203349
-47.4747474747475,-100,28256.6676338109
-45.4545454545455,-100,27170.7097326739
-43.4343434343434,-100,26098.8417826174
-41.4141414141414,-100,25049.2198964785
-39.3939393939394,-100,24003.4865607351
-37.3737373737374,-100,22971.3158346168
-35.3535353535353,-100,21939.8218062234
-33.3333333333333,-100,20918.5484987625
-31.3131313131313,-100,19911.3170029462
-29.2929292929293,-100,18915.5998025292
-27.2727272727273,-100,17958.2365444042
-25.2525252525252,-100,17032.5476131866
-23.2323232323232,-100,16122.2371743372
-21.2121212121212,-100,15227.4432640437
-19.1919191919192,-100,14340.590217357
-17.1717171717172,-100,13487.4429250822
-15.1515151515151,-100,12647.7160973224
-13.1313131313131,-100,11832.4803098534
-11.1111111111111,-100,11044.6751264166
-9.09090909090908,-100,10246.8012054336
-7.07070707070706,-100,9435.9109062055
-5.05050505050504,-100,8643.9372292098
-3.03030303030303,-100,7868.38217604315
-1.01010101010101,-100,7124.74192520644
1.01010101010101,-100,6650.05162104674
3.03030303030303,-100,5981.17719936581
5.05050505050505,-100,5352.26849679605
7.07070707070707,-100,4755.81569351989
9.09090909090909,-100,4198.51796523561
11.1111111111111,-100,3655.59380475875
13.1313131313131,-100,3147.67947454218
15.1515151515152,-100,2676.48433193937
17.1717171717172,-100,2236.72853505199
19.1919191919192,-100,1838.76916042079
21.2121212121212,-100,1481.51788754791
23.2323232323232,-100,1155.84183378588
25.2525252525253,-100,867.406518896159
27.2727272727273,-100,622.23354811552
29.2929292929293,-100,422.928933790902
31.3131313131313,-100,258.262789400994
33.3333333333333,-100,133.64600053636
35.3535353535354,-100,50.5509960706228
37.3737373737374,-100,7.1844666856796
39.3939393939394,-100,3.16999423722441
41.4141414141414,-100,41.3071330613305
43.4343434343434,-100,123.448643743471
45.4545454545455,-100,246.403221265227
47.4747474747475,-100,410.811179419134
49.4949494949495,-100,614.730977476408
51.5151515151515,-100,852.780904401662
53.5353535353536,-100,1129.9118555693
55.5555555555556,-100,1445.74981959766
57.5757575757576,-100,1797.73740808252
59.5959595959596,-100,2177.16653627774
61.6161616161616,-100,2595.97323190218
63.6363636363637,-100,3048.03733076163
65.6565656565657,-100,3536.43910803709
67.6767676767677,-100,4048.12157757792
69.6969696969697,-100,4570.63390345559
71.7171717171717,-100,5119.77128398213
73.7373737373738,-100,5701.89912476146
75.7575757575758,-100,6321.74263032967
77.7777777777778,-100,6985.26010354733
79.7979797979798,-100,7658.37754020866
81.8181818181818,-100,8365.3045845279
83.8383838383839,-100,9100.90027858255
85.8585858585859,-100,9868.444543965
87.8787878787879,-100,10662.6853631238
89.8989898989899,-100,11505.5515751456
91.919191919192,-100,12401.4887847458
93.9393939393939,-100,13325.5141110465
95.959595959596,-100,14294.1212099274
97.979797979798,-100,15299.7741981945
100,-100,16309.6536355165
-100,-97.979797979798,57346.3265565997
-97.979797979798,-97.979797979798,56233.1713533475
-95.959595959596,-97.979797979798,55117.1763037876
-93.9393939393939,-97.979797979798,54015.1112725486
-91.9191919191919,-97.979797979798,52873.6250336991
-89.8989898989899,-97.979797979798,51710.0972716551
-87.8787878787879,-97.979797979798,50541.9081417922
-85.8585858585859,-97.979797979798,49371.3868515145
-83.8383838383838,-97.979797979798,48215.1688119558
-81.8181818181818,-97.979797979798,47041.9463195585
-79.7979797979798,-97.979797979798,45812.3277162923
-77.7777777777778,-97.979797979798,44563.3021342355
-75.7575757575758,-97.979797979798,43337.8541085542
-73.7373737373737,-97.979797979798,42135.3480628979
-71.7171717171717,-97.979797979798,40942.7887799042
-69.6969696969697,-97.979797979798,39755.957485314
-67.6767676767677,-97.979797979798,38589.8070081952
-65.6565656565656,-97.979797979798,37460.0319400215
-63.6363636363636,-97.979797979798,36338.2972722325
-61.6161616161616,-97.979797979798,35233.9576584444
-59.5959595959596,-97.979797979798,34139.1870602207
-57.5757575757576,-97.979797979798,33034.3765039469
-55.5555555555556,-97.979797979798,31939.6711321952
-53.5353535353535,-97.979797979798,30839.4773783043
-51.5151515151515,-97.979797979798,29743.5954928444
-49.4949494949495,-97.979797979798,28673.5430029096
-47.4747474747475,-97.979797979798,27617.3413398685
-45.4545454545455,-97.979797979798,26555.0184093941
-43.4343434343434,-97.979797979798,25498.5085132431
-41.4141414141414,-97.979797979798,24460.2464566001
-39.3939393939394,-97.979797979798,23437.5743558538
-37.3737373737374,-97.979797979798,22418.1481619698
-35.3535353535353,-97.979797979798,21411.2900841491
-33.3333333333333,-97.979797979798,20401.8256367905
-31.3131313131313,-97.979797979798,19418.019785055
-29.2929292929293,-97.979797979798,18431.049143913
-27.2727272727273,-97.979797979798,17483.4074547037
-25.2525252525252,-97.979797979798,16569.1525867493
-23.2323232323232,-97.979797979798,15673.8391511617
-21.2121212121212,-97.979797979798,14796.0236678623
-19.1919191919192,-97.979797979798,13924.3219434072
-17.1717171717172,-97.979797979798,13082.0626289081
-15.1515151515151,-97.979797979798,12257.5617442699
-13.1313131313131,-97.979797979798,11455.0936897634
-11.1111111111111,-97.979797979798,10680.3781979342
-9.09090909090908,-97.979797979798,9903.16495459238
-7.07070707070706,-97.979797979798,9107.08416459851
-5.05050505050504,-97.979797979798,8330.56018399301
-3.03030303030303,-97.979797979798,7569.89982023358
-1.01010101010101,-97.979797979798,6840.80235064213
1.01010101010101,-97.979797979798,6375.77445706911
3.03030303030303,-97.979797979798,5721.20131898103
5.05050505050505,-97.979797979798,5106.79275197814
7.07070707070707,-97.979797979798,4524.86817044187
9.09090909090909,-97.979797979798,3981.13381753807
11.1111111111111,-97.979797979798,3451.23809848969
13.1313131313131,-97.979797979798,2958.50078172114
15.1515151515152,-97.979797979798,2500.64710572826
17.1717171717172,-97.979797979798,2076.59436032807
19.1919191919192,-97.979797979798,1693.97609278275
21.2121212121212,-97.979797979798,1351.7334082518
23.2323232323232,-97.979797979798,1039.81726345393
25.2525252525253,-97.979797979798,766.851214349988
27.2727272727273,-97.979797979798,539.954022521534
29.2929292929293,-97.979797979798,355.447821882862
31.3131313131313,-97.979797979798,204.554187576195
33.3333333333333,-97.979797979798,96.4781751391183
35.3535353535354,-97.979797979798,29.1577964897428
37.3737373737374,-97.979797979798,0.896716008207946
39.3939393939394,-97.979797979798,12.8573305302344
41.4141414141414,-97.979797979798,68.0237021634789
43.4343434343434,-97.979797979798,166.35967822679
45.4545454545455,-97.979797979798,305.281887111892
47.4747474747475,-97.979797979798,485.650458135784
49.4949494949495,-97.979797979798,701.983100806229
51.5151515151515,-97.979797979798,953.90462560242
53.5353535353536,-97.979797979798,1246.63692584774
55.5555555555556,-97.979797979798,1577.08421991711
57.5757575757576,-97.979797979798,1936.71904166894
59.5959595959596,-97.979797979798,2331.04291467812
61.6161616161616,-97.979797979798,2761.1703683108
63.6363636363637,-97.979797979798,3227.89931867814
65.6565656565657,-97.979797979798,3724.32958984145
67.6767676767677,-97.979797979798,4230.41944200472
69.6969696969697,-97.979797979798,4761.14569587237
71.7171717171717,-97.979797979798,5320.93333413701
73.7373737373738,-97.979797979798,5918.5482091011
75.7575757575758,-97.979797979798,6560.56912659863
77.7777777777778,-97.979797979798,7217.27634719027
79.7979797979798,-97.979797979798,7904.1061069851
81.8181818181818,-97.979797979798,8619.66070216224
83.8383838383839,-97.979797979798,9367.09825210781
85.8585858585859,-97.979797979798,10142.1403026151
87.8787878787879,-97.979797979798,10960.3965832576
89.8989898989899,-97.979797979798,11835.5487931014
91.919191919192,-97.979797979798,12737.8350332604
93.9393939393939,-97.979797979798,13685.3553835162
95.959595959596,-97.979797979798,14669.5641661248
97.979797979798,-97.979797979798,15659.0788118136
100,-97.979797979798,16670.9868256363
-100,-95.959595959596,56109.3167252941
-97.979797979798,-95.959595959596,55013.0948070968
-95.959595959596,-95.959595959596,53923.0384720652
-93.9393939393939,-95.959595959596,52830.3091420188
-91.9191919191919,-95.959595959596,51751.0007311944
-89.8989898989899,-95.959595959596,50630.9664491106
-87.8787878787879,-95.959595959596,49490.6739270985
-85.8585858585859,-95.959595959596,48347.323249857
-83.8383838383838,-95.959595959596,47201.3807720296
-81.8181818181818,-95.959595959596,46070.9771742631
-79.7979797979798,-95.959595959596,44910.4277538568
-77.7777777777778,-95.959595959596,43700.1168500562
-75.7575757575758,-95.959595959596,42482.3192645126
-73.7373737373737,-95.959595959596,41285.779627025
-71.7171717171717,-95.959595959596,40114.289905582
-69.6969696969697,-95.959595959596,38945.4765118334
-67.6767676767677,-95.959595959596,37782.7077821928
-65.6565656565656,-95.959595959596,36659.6564354678
-63.6363636363636,-95.959595959596,35553.3357059546
-61.6161616161616,-95.959595959596,34463.9537448245
-59.5959595959596,-95.959595959596,33385.2321488788
-57.5757575757576,-95.959595959596,32309.9906479309
-55.5555555555556,-95.959595959596,31230.1254856743
-53.5353535353535,-95.959595959596,30159.2166817482
-51.5151515151515,-95.959595959596,29080.032414961
-49.4949494949495,-95.959595959596,28018.5787398506
-47.4747474747475,-95.959595959596,26982.3579003443
-45.4545454545455,-95.959595959596,25945.3114578759
-43.4343434343434,-95.959595959596,24904.4957195381
-41.4141414141414,-95.959595959596,23878.3363868298
-39.3939393939394,-95.959595959596,22875.0434778681
-37.3737373737374,-95.959595959596,21871.2619191919
-35.3535353535353,-95.959595959596,20883.2130497878
-33.3333333333333,-95.959595959596,19893.4930849443
-31.3131313131313,-95.959595959596,18923.7096705759
-29.2929292929293,-95.959595959596,17954.8055253914
-27.2727272727273,-95.959595959596,17015.2825152383
-25.2525252525252,-95.959595959596,16111.666189028
-23.2323232323232,-95.959595959596,15231.9758074169
-21.2121212121212,-95.959595959596,14370.071968392
-19.1919191919192,-95.959595959596,13514.0586029944
-17.1717171717172,-95.959595959596,12682.7336863122
-15.1515151515151,-95.959595959596,11873.7708072546
-13.1313131313131,-95.959595959596,11083.836059059
-11.1111111111111,-95.959595959596,10321.9842339655
-9.09090909090908,-95.959595959596,9565.38948084289
-7.07070707070706,-95.959595959596,8784.09904441153
-5.05050505050504,-95.959595959596,8022.97728621434
-3.03030303030303,-95.959595959596,7277.18883483492
-1.01010101010101,-95.959595959596,6562.6412166362
1.01010101010101,-95.959595959596,6107.27203396448
3.03030303030303,-95.959595959596,5467.0095806618
5.05050505050505,-95.959595959596,4866.99505673316
7.07070707070707,-95.959595959596,4299.46950278489
9.09090909090909,-95.959595959596,3768.1555974277
11.1111111111111,-95.959595959596,3252.75633891037
13.1313131313131,-95.959595959596,2775.17288225671
15.1515151515152,-95.959595959596,2330.74510206389
17.1717171717172,-95.959595959596,1922.63242705907
19.1919191919192,-95.959595959596,1555.11218448696
21.2121212121212,-95.959595959596,1227.70308381114
23.2323232323232,-95.959595959596,929.927682511352
25.2525252525253,-95.959595959596,672.359423889759
27.2727272727273,-95.959595959596,463.583595516275
29.2929292929293,-95.959595959596,292.889299323741
31.3131313131313,-95.959595959596,157.643477657479
33.3333333333333,-95.959595959596,65.4940308711894
35.3535353535354,-95.959595959596,13.550118722105
37.3737373737374,-95.959595959596,0.600486085281326
39.3939393939394,-95.959595959596,29.073224359706
41.4141414141414,-95.959595959596,101.546807211864
43.4343434343434,-95.959595959596,215.166878343564
45.4545454545455,-95.959595959596,370.20544663609
47.4747474747475,-95.959595959596,564.88802534225
49.4949494949495,-95.959595959596,793.833540032904
51.5151515151515,-95.959595959596,1062.1341580661
53.5353535353536,-95.959595959596,1368.66770017483
55.5555555555556,-95.959595959596,1709.90053719049
57.5757575757576,-95.959595959596,2080.55289914054
59.5959595959596,-95.959595959596,2489.65373245403
61.6161616161616,-95.959595959596,2933.77036209767
63.6363636363637,-95.959595959596,3410.25130793107
65.6565656565657,-95.959595959596,3903.31073803693
67.6767676767677,-95.959595959596,4415.3865122158
69.6969696969697,-95.959595959596,4954.1305578979
71.7171717171717,-95.959595959596,5530.2838325461
73.7373737373738,-95.959595959596,6148.37679542506
75.7575757575758,-95.959595959596,6789.25026575914
77.7777777777778,-95.959595959596,7455.52034311768
79.7979797979798,-95.959595959596,8151.46369135702
81.8181818181818,-95.959595959596,8878.81672461867
83.8383838383839,-95.959595959596,9634.73984883571
85.8585858585859,-95.959595959596,10428.4908791207
87.8787878787879,-95.959595959596,11282.5742002693
89.8989898989899,-95.959595959596,12163.4036398943
91.919191919192,-95.959595959596,13089.8503651104
93.9393939393939,-95.959595959596,14052.6115845464
95.959595959596,-95.959595959596,15021.7578742209
97.979797979798,-95.959595959596,16013.2279430535
100,-95.959595959596,17026.5292735256
-100,-93.9393939393939,54886.5880505775
-97.979797979798,-93.9393939393939,53801.6781313087
-95.959595959596,-93.9393939393939,52728.3477048217
-93.9393939393939,-93.9393939393939,51661.3230192014
-91.9191919191919,-93.9393939393939,50591.9221482441
-89.8989898989899,-93.9393939393939,49535.3562388458
-87.8787878787879,-93.9393939393939,48436.8856363077
-85.8585858585859,-93.9393939393939,47319.9569278936
-83.8383838383838,-93.9393939393939,46201.1062631851
-81.8181818181818,-93.9393939393939,45080.3485897214
-79.7979797979798,-93.9393939393939,43974.7920417097
-77.7777777777778,-93.9393939393939,42827.4985359299
-75.7575757575758,-93.9393939393939,41638.0969238939
-73.7373737373737,-93.9393939393939,40450.8721992996
-71.7171717171717,-93.9393939393939,39284.8894754241
-69.6969696969697,-93.9393939393939,38142.9011807316
-67.6767676767677,-93.9393939393939,36998.6827616901
-65.6565656565656,-93.9393939393939,35863.0460962782
-63.6363636363636,-93.9393939393939,34778.060600871
-61.6161616161616,-93.9393939393939,33697.3588181836
-59.5959595959596,-93.9393939393939,32636.2500936855
-57.5757575757576,-93.9393939393939,31586.0904806937
-55.5555555555556,-93.9393939393939,30527.7234807086
-53.5353535353535,-93.9393939393939,29476.6180982702
-51.5151515151515,-93.9393939393939,28423.4095578827
-49.4949494949495,-93.9393939393939,27372.4286262162
-47.4747474747475,-93.9393939393939,26346.0356934159
-45.4545454545455,-93.9393939393939,25333.5431827994
-43.4343434343434,-93.9393939393939,24315.1995343962
-41.4141414141414,-93.9393939393939,23303.4084339561
-39.3939393939394,-93.9393939393939,22312.1471365068
-37.3737373737374,-93.9393939393939,21331.1244355205
-35.3535353535353,-93.9393939393939,20359.3390353038
-33.3333333333333,-93.9393939393939,19391.569243356
-31.3131313131313,-93.9393939393939,18432.0932191242
-29.2929292929293,-93.9393939393939,17485.7761866382
-27.2727272727273,-93.9393939393939,16555.0413546885
-25.2525252525252,-93.9393939393939,15661.4435792663
-23.2323232323232,-93.9393939393939,14796.2835177423
-21.2121212121212,-93.9393939393939,13948.0760228972
-19.1919191919192,-93.9393939393939,13109.75347532
-17.1717171717172,-93.9393939393939,12289.3287460202
-15.1515151515151,-93.9393939393939,11495.3217823651
-13.1313131313131,-93.9393939393939,10718.6862404801
-11.1111111111111,-93.9393939393939,9969.71870311419
-9.09090909090908,-93.9393939393939,9233.47331795329
-7.07070707070706,-93.9393939393939,8466.9535944427
-5.05050505050504,-93.9393939393939,7721.17063841201
-3.03030303030303,-93.9393939393939,6990.25177135225
-1.01010101010101,-93.9393939393939,6290.25821209012
1.01010101010101,-93.9393939393939,5844.55026217025
3.03030303030303,-93.9393939393939,5218.58270089561
5.05050505050505,-93.9393939393939,4632.90855497926
7.07070707070707,-93.9393939393939,4079.82860986568
9.09090909090909,-93.9393939393939,3561.00548099174
11.1111111111111,-93.9393939393939,3060.03573222899
13.1313131313131,-93.9393939393939,2597.4414431608
15.1515151515152,-93.9393939393939,2166.93838400861
17.1717171717172,-93.9393939393939,1774.5982995802
19.1919191919192,-93.9393939393939,1422.52144149907
21.2121212121212,-93.9393939393939,1107.78893832501
23.2323232323232,-93.9393939393939,825.971851988817
25.2525252525253,-93.9393939393939,585.837376290886
27.2727272727273,-93.9393939393939,392.80694480799
29.2929292929293,-93.9393939393939,235.385068750342
31.3131313131313,-93.9393939393939,117.276710376594
33.3333333333333,-93.9393939393939,40.7338427822321
35.3535353535354,-93.9393939393939,3.78083704428579
37.3737373737374,-93.9393939393939,6.5056374592356
39.3939393939394,-93.9393939393939,51.9102448691079
41.4141414141414,-93.9393939393939,140.900045281127
43.4343434343434,-93.9393939393939,270.395955695675
45.4545454545455,-93.9393939393939,441.406526591088
47.4747474747475,-93.9393939393939,648.599179528857
49.4949494949495,-93.9393939393939,891.630175353223
51.5151515151515,-93.9393939393939,1175.16663836919
53.5353535353536,-93.9393939393939,1496.12081046818
55.5555555555556,-93.9393939393939,1845.50801868269
57.5757575757576,-93.9393939393939,2231.55496106065
59.5959595959596,-93.9393939393939,2652.49548287753
61.6161616161616,-93.9393939393939,3109.37087795436
63.6363636363637,-93.9393939393939,3589.37160787523
65.6565656565657,-93.9393939393939,4082.21121451695
67.6767676767677,-93.9393939393939,4600.90436715973
69.6969696969697,-93.9393939393939,5155.41943632893
71.7171717171717,-93.9393939393939,5749.47572538864
73.7373737373738,-93.9393939393939,6374.44375267123
75.7575757575758,-93.9393939393939,7020.03471592094
77.7777777777778,-93.9393939393939,7696.33847657941
79.7979797979798,-93.9393939393939,8403.6156992573
81.8181818181818,-93.9393939393939,9140.1903052929
83.8383838383839,-93.9393939393939,9909.8163411131
85.8585858585859,-93.9393939393939,10742.7841082245
87.8787878787879,-93.9393939393939,11602.859645557
89.8989898989899,-93.9393939393939,12507.5813212158
91.919191919192,-93.9393939393939,13448.907370012
93.9393939393939,-93.9393939393939,14397.6698582941
95.959595959596,-93.9393939393939,15368.4578827571
97.979797979798,-93.9393939393939,16361.4284442913
100,-93.9393939393939,17374.4051872654
-100,-91.9191919191919,53687.6173004025
-97.979797979798,-91.9191919191919,52604.5113059021
-95.959595959596,-91.9191919191919,51542.4949522635
-93.9393939393939,-91.9191919191919,50492.0697323542
-91.9191919191919,-91.9191919191919,49448.0951095969
-89.8989898989899,-91.9191919191919,48401.9866639619
-87.8787878787879,-91.9191919191919,47367.932495634
-85.8585858585859,-91.9191919191919,46291.416779153
-83.8383838383838,-91.9191919191919,45197.8990515048
-81.8181818181818,-91.9191919191919,44102.09503591
-79.7979797979798,-91.9191919191919,43007.9214234787
-77.7777777777778,-91.9191919191919,41925.7674131897
-75.7575757575758,-91.9191919191919,40794.0011042368
-73.7373737373737,-91.9191919191919,39625.9086825891
-71.7171717171717,-91.9191919191919,38469.1629326056
-69.6969696969697,-91.9191919191919,37334.2454321089
-67.6767676767677,-91.9191919191919,36217.7784429499
-65.6565656565656,-91.9191919191919,35101.8023791832
-63.6363636363636,-91.9191919191919,34003.5710379925
-61.6161616161616,-91.9191919191919,32944.0219393475
-59.5959595959596,-91.9191919191919,31893.2090371884
-57.5757575757576,-91.9191919191919,30857.9588213501
-55.5555555555556,-91.9191919191919,29830.2006285746
-53.5353535353535,-91.9191919191919,28794.7326683434
-51.5151515151515,-91.9191919191919,27769.7381723221
-49.4949494949495,-91.9191919191919,26736.0267874482
-47.4747474747475,-91.9191919191919,25718.4516522689
-45.4545454545455,-91.9191919191919,24725.8536524387
-43.4343434343434,-91.9191919191919,23732.5924041596
-41.4141414141414,-91.9191919191919,22736.9589755969
-39.3939393939394,-91.9191919191919,21756.5241395274
-37.3737373737374,-91.9191919191919,20798.0351529016
-35.3535353535353,-91.9191919191919,19838.130621192
-33.3333333333333,-91.9191919191919,18893.7848299667
-31.3131313131313,-91.9191919191919,17947.3230335248
-29.2929292929293,-91.9191919191919,17024.125006071
-27.2727272727273,-91.9191919191919,16101.4568674535
-25.2525252525252,-91.9191919191919,15218.167493986
-23.2323232323232,-91.9191919191919,14366.6918962681
-21.2121212121212,-91.9191919191919,13531.7033637755
-19.1919191919192,-91.9191919191919,12710.5424584133
-17.1717171717172,-91.9191919191919,11902.1118259417
-15.1515151515151,-91.9191919191919,11122.8989302793
-13.1313131313131,-91.9191919191919,10359.6446342747
-11.1111111111111,-91.9191919191919,9623.56150549728
-9.09090909090908,-91.9191919191919,8907.09252227031
-7.07070707070706,-91.9191919191919,8155.62805372861
-5.05050505050504,-91.9191919191919,7424.77132058213
-3.03030303030303,-91.9191919191919,6709.08847426354
-1.01010101010101,-91.9191919191919,6023.64118323543
1.01010101010101,-91.9191919191919,5587.60084632921
3.03030303030303,-91.9191919191919,4975.9354503049
5.05050505050505,-91.9191919191919,4404.59103919018
7.07070707070707,-91.9191919191919,3865.95596668541
9.09090909090909,-91.9191919191919,3359.56103462215
11.1111111111111,-91.9191919191919,2872.19609338023
13.1313131313131,-91.9191919191919,2425.58889224425
15.1515151515152,-91.9191919191919,2009.13816885266
17.1717171717172,-91.9191919191919,1632.25636539746
19.1919191919192,-91.9191919191919,1296.50631017499
21.2121212121212,-91.9191919191919,994.063663941307
23.2323232323232,-91.9191919191919,728.14419094705
25.2525252525253,-91.9191919191919,505.762811659647
27.2727272727273,-91.9191919191919,328.093270875924
29.2929292929293,-91.9191919191919,184.217343446688
31.3131313131313,-91.9191919191919,82.6307893976667
33.3333333333333,-91.9191919191919,21.8297216934714
35.3535353535354,-91.9191919191919,0.0478953637127092
37.3737373737374,-91.9191919191919,18.9823056144328
39.3939393939394,-91.9191919191919,81.6124746824673
41.4141414141414,-91.9191919191919,186.047347096287
43.4343434343434,-91.9191919191919,331.712061292159
45.4545454545455,-91.9191919191919,517.15274387507
47.4747474747475,-91.9191919191919,736.997634369362
49.4949494949495,-91.9191919191919,996.385926807034
51.5151515151515,-91.9191919191919,1293.85958346735
53.5353535353536,-91.9191919191919,1624.2645095777
55.5555555555556,-91.9191919191919,1986.43004509671
57.5757575757576,-91.9191919191919,2385.55941427601
59.5959595959596,-91.9191919191919,2820.50634475936
61.6161616161616,-91.9191919191919,3285.73051255612
63.6363636363637,-91.9191919191919,3761.05037223953
65.6565656565657,-91.9191919191919,4261.68580962107
67.6767676767677,-91.9191919191919,4793.64734848461
69.6969696969697,-91.9191919191919,5363.94125588758
71.7171717171717,-91.9191919191919,5973.5276914443
73.7373737373738,-91.9191919191919,6597.65329514514
75.7575757575758,-91.9191919191919,7254.27607750688
77.7777777777778,-91.9191919191919,7941.46432459572
79.7979797979798,-91.9191919191919,8657.94439475011
81.8181818181818,-91.9191919191919,9404.71171468264
83.8383838383839,-91.9191919191919,10215.8995776366
85.8585858585859,-91.9191919191919,11055.7886000577
87.8787878787879,-91.9191919191919,11938.5656310072
89.8989898989899,-91.9191919191919,12858.4605274081
91.919191919192,-91.9191919191919,13786.8241933901
93.9393939393939,-91.9191919191919,14736.9441158294
95.959595959596,-91.9191919191919,15709.5990289822
97.979797979798,-91.9191919191919,16701.3804791118
100,-91.9191919191919,17703.8693893772
-100,-89.8989898989899,52517.0830095589
-97.979797979798,-89.8989898989899,51432.6691372647
-95.959595959596,-89.8989898989899,50370.8482801244
-93.9393939393939,-89.8989898989899,49331.6994063342
-91.9191919191919,-89.8989898989899,48304.2264523128
-89.8989898989899,-89.8989898989899,47283.266222613
-87.8787878787879,-89.8989898989899,46260.4895615761
-85.8585858585859,-89.8989898989899,45248.675223106
-83.8383838383838,-89.8989898989899,44194.558975044
-81.8181818181818,-89.8989898989899,43124.5586897164
-79.7979797979798,-89.8989898989899,42052.6809426235
-77.7777777777778,-89.8989898989899,40984.1842607308
-75.7575757575758,-89.8989898989899,39925.6016526151
-73.7373737373737,-89.8989898989899,38809.8050152064
-71.7171717171717,-89.8989898989899,37663.8719459699
-69.6969696969697,-89.8989898989899,36537.2287480394
-67.6767676767677,-89.8989898989899,35433.2593321689
-65.6565656565656,-89.8989898989899,34339.3196021107
-63.6363636363636,-89.8989898989899,33250.8397012003
-61.6161616161616,-89.8989898989899,32193.4790227569
-59.5959595959596,-89.8989898989899,31157.4798374013
-57.5757575757576,-89.8989898989899,30137.8357493332
-55.5555555555556,-89.8989898989899,29129.6071794997
-53.5353535353535,-89.8989898989899,28119.8545350578
-51.5151515151515,-89.8989898989899,27112.4138110741
-49.4949494949495,-89.8989898989899,26105.9022437972
-47.4747474747475,-89.8989898989899,25099.7768448896
-45.4545454545455,-89.8989898989899,24117.0430895983
-43.4343434343434,-89.8989898989899,23148.3061645824
-41.4141414141414,-89.8989898989899,22174.0342347668
-39.3939393939394,-89.8989898989899,21207.9023368926
-37.3737373737374,-89.8989898989899,20262.7592418937
-35.3535353535353,-89.8989898989899,19323.9478453635
-33.3333333333333,-89.8989898989899,18397.2114439214
-31.3131313131313,-89.8989898989899,17470.7312120753
-29.2929292929293,-89.8989898989899,16562.4045234453
-27.2727272727273,-89.8989898989899,15655.9731341936
-25.2525252525252,-89.8989898989899,14781.3310149187
-23.2323232323232,-89.8989898989899,13941.5333902934
-21.2121212121212,-89.8989898989899,13121.1680047201
-19.1919191919192,-89.8989898989899,12316.9333669179
-17.1717171717172,-89.8989898989899,11521.2259005615
-15.1515151515151,-89.8989898989899,10756.6244896763
-13.1313131313131,-89.8989898989899,10006.7299573985
-11.1111111111111,-89.8989898989899,9283.52774336631
-9.09090909090908,-89.8989898989899,8583.36513394786
-7.07070707070706,-89.8989898989899,7850.13656702051
-5.05050505050504,-89.8989898989899,7133.99123813261
-3.03030303030303,-89.8989898989899,6433.69634022305
-1.01010101010101,-89.8989898989899,5762.79986345713
1.01010101010101,-89.8989898989899,5336.42736382092
3.03030303030303,-89.8989898989899,4739.10015884733
5.05050505050505,-89.8989898989899,4182.04300274907
7.07070707070707,-89.8989898989899,3658.1488456675
9.09090909090909,-89.8989898989899,3163.92870814356
11.1111111111111,-89.8989898989899,2691.24844026498
13.1313131313131,-89.8989898989899,2259.36632004229
15.1515151515152,-89.8989898989899,1856.98654359589
17.1717171717172,-89.8989898989899,1496.0014373027
19.1919191919192,-89.8989898989899,1175.45552245835
21.2121212121212,-89.8989898989899,886.688664840177
23.2323232323232,-89.8989898989899,636.159823565828
25.2525252525253,-89.8989898989899,432.145665067866
27.2727272727273,-89.8989898989899,268.389544598613
29.2929292929293,-89.8989898989899,139.818846356713
31.3131313131313,-89.8989898989899,54.2464660643795
33.3333333333333,-89.8989898989899,8.67703827342645
35.3535353535354,-89.8989898989899,2.29964003503236
37.3737373737374,-89.8989898989899,37.9822358134115
39.3939393939394,-89.8989898989899,117.470127457348
41.4141414141414,-89.8989898989899,237.625518118546
43.4343434343434,-89.8989898989899,399.274813375943
45.4545454545455,-89.8989898989899,597.32607457087
47.4747474747475,-89.8989898989899,831.456459624256
49.4949494949495,-89.8989898989899,1105.79456631884
51.5151515151515,-89.8989898989899,1416.94983414456
53.5353535353536,-89.8989898989899,1756.1090943227
55.5555555555556,-89.8989898989899,2133.68116848783
57.5757575757576,-89.8989898989899,2545.82491108059
59.5959595959596,-89.8989898989899,2991.16692562142
61.6161616161616,-89.8989898989899,3453.02152564486
63.6363636363637,-89.8989898989899,3934.91776638491
65.6565656565657,-89.8989898989899,4445.02129332554
67.6767676767677,-89.8989898989899,4992.47210747062
69.6969696969697,-89.8989898989899,5583.82126991004
71.7171717171717,-89.8989898989899,6188.49851724304
73.7373737373738,-89.8989898989899,6825.29633958579
75.7575757575758,-89.8989898989899,7492.06706702819
77.7777777777778,-89.8989898989899,8188.76334157037
79.7979797979798,-89.8989898989899,8913.81693805335
81.8181818181818,-89.8989898989899,9702.25057182575
83.8383838383839,-89.8989898989899,10521.8810231502
85.8585858585859,-89.8989898989899,11382.7930554732
87.8787878787879,-89.8989898989899,12281.2674390682
89.8989898989899,-89.8989898989899,13189.2137521862
91.919191919192,-89.8989898989899,14118.6716663551
93.9393939393939,-89.8989898989899,15071.0153795445
95.959595959596,-89.8989898989899,16041.5107096873
97.979797979798,-89.8989898989899,17022.7783335724
100,-89.8989898989899,18025.7325638882
-100,-87.8787878787879,51360.4737307458
-97.979797979798,-87.8787878787879,50287.1105748233
-95.959595959596,-87.8787878787879,49226.0909387333
-93.9393939393939,-87.8787878787879,48185.6619679464
-91.9191919191919,-87.8787878787879,47169.4219313275
-89.8989898989899,-87.8787878787879,46164.8651156736
-87.8787878787879,-87.8787878787879,45166.969678325
-85.8585858585859,-87.8787878787879,44167.450983101
-83.8383838383838,-87.8787878787879,43177.7840695118
-81.8181818181818,-87.8787878787879,42146.2799957568
-79.7979797979798,-87.8787878787879,41099.865077024
-77.7777777777778,-87.8787878787879,40051.4991186193
-75.7575757575758,-87.8787878787879,39009.1847186578
-73.7373737373737,-87.8787878787879,37969.9851477093
-71.7171717171717,-87.8787878787879,36871.0368681848
-69.6969696969697,-87.8787878787879,35751.6389032431
-67.6767676767677,-87.8787878787879,34655.0805511238
-65.6565656565656,-87.8787878787879,33581.9656428751
-63.6363636363636,-87.8787878787879,32512.663146844
-61.6161616161616,-87.8787878787879,31447.8880759611
-59.5959595959596,-87.8787878787879,30431.789399056
-57.5757575757576,-87.8787878787879,29421.655311483
-55.5555555555556,-87.8787878787879,28430.294028652
-53.5353535353535,-87.8787878787879,27448.6814043765
-51.5151515151515,-87.8787878787879,26458.5542866877
-49.4949494949495,-87.8787878787879,25478.3962252851
-47.4747474747475,-87.8787878787879,24490.7403366646
-45.4545454545455,-87.8787878787879,23516.7901788924
-43.4343434343434,-87.8787878787879,22567.8912618874
-41.4141414141414,-87.8787878787879,21618.4213613112
-39.3939393939394,-87.8787878787879,20668.0718907833
-37.3737373737374,-87.8787878787879,19733.4241181592
-35.3535353535353,-87.8787878787879,18816.5038206912
-33.3333333333333,-87.8787878787879,17904.343260567
-31.3131313131313,-87.8787878787879,17000.5607458895
-29.2929292929293,-87.8787878787879,16102.9051857581
-27.2727272727273,-87.8787878787879,15217.7929078899
-25.2525252525252,-87.8787878787879,14351.7424082609
-23.2323232323232,-87.8787878787879,13521.9568655346
-21.2121212121212,-87.8787878787879,12717.0821284008
-19.1919191919192,-87.8787878787879,11928.9533418589
-17.1717171717172,-87.8787878787879,11147.9081627223
-15.1515151515151,-87.8787878787879,10396.0262462801
-13.1313131313131,-87.8787878787879,9660.05562781419
-11.1111111111111,-87.8787878787879,8949.59825075031
-9.09090909090908,-87.8787878787879,8263.83088538592
-7.07070707070706,-87.8787878787879,7550.07591297148
-5.05050505050504,-87.8787878787879,6849.01313000066
-3.03030303030303,-87.8787878787879,6164.06818127887
-1.01010101010101,-87.8787878787879,5507.72843512018
1.01010101010101,-87.8787878787879,5091.02763717206
3.03030303030303,-87.8787878787879,4508.27703689147
5.05050505050505,-87.8787878787879,3964.88728164718
7.07070707070707,-87.8787878787879,3455.81759132979
9.09090909090909,-87.8787878787879,2973.66273455863
11.1111111111111,-87.8787878787879,2516.52511198766
13.1313131313131,-87.8787878787879,2098.24526361054
15.1515151515152,-87.8787878787879,1711.28719988316
17.1717171717172,-87.8787878787879,1365.690554182
19.1919191919192,-87.8787878787879,1060.16269171059
21.2121212121212,-87.8787878787879,785.448229025568
23.2323232323232,-87.8787878787879,550.670277813185
25.2525252525253,-87.8787878787879,363.840772154787
27.2727272727273,-87.8787878787879,213.569004148438
29.2929292929293,-87.8787878787879,101.976412827816
31.3131313131313,-87.8787878787879,31.9754729949339
33.3333333333333,-87.8787878787879,1.46086561058749
35.3535353535354,-87.8787878787879,11.0341321366904
37.3737373737374,-87.8787878787879,63.8304353940963
39.3939393939394,-87.8787878787879,159.043890283252
41.4141414141414,-87.8787878787879,295.331452010782
43.4343434343434,-87.8787878787879,471.523548082974
45.4545454545455,-87.8787878787879,682.272730060534
47.4747474747475,-87.8787878787879,932.578830795421
49.4949494949495,-87.8787878787879,1221.16813670028
51.5151515151515,-87.8787878787879,1540.82775583231
53.5353535353536,-87.8787878787879,1894.67341030769
55.5555555555556,-87.8787878787879,2284.24544191137
57.5757575757576,-87.8787878787879,2709.7694283507
59.5959595959596,-87.8787878787879,3158.12312870254
61.6161616161616,-87.8787878787879,3621.18009117395
63.6363636363637,-87.8787878787879,4110.34689703962
65.6565656565657,-87.8787878787879,4636.4142334192
67.6767676767677,-87.8787878787879,5204.30101603842
69.6969696969697,-87.8787878787879,5792.63740473124
71.7171717171717,-87.8787878787879,6409.38744917823
73.7373737373738,-87.8787878787879,7055.10714431326
75.7575757575758,-87.8787878787879,7732.65286396292
77.7777777777778,-87.8787878787879,8437.04223603799
79.7979797979798,-87.8787878787879,9201.85706166164
81.8181818181818,-87.8787878787879,10001.1816457123
83.8383838383839,-87.8787878787879,10840.2670076177
85.8585858585859,-87.8787878787879,11717.3181947212
87.8787878787879,-87.8787878787879,12604.8525930242
89.8989898989899,-87.8787878787879,13513.6481008379
91.919191919192,-87.8787878787879,14445.6758976672
93.9393939393939,-87.8787878787879,15394.1019918114
95.959595959596,-87.8787878787879,16353.9930106141
97.979797979798,-87.8787878787879,17338.4176993371
100,-87.8787878787879,18361.1005660662
-100,-85.8585858585859,50217.7140477448
-97.979797979798,-85.8585858585859,49157.0179384658
-95.959595959596,-85.8585858585859,48105.5151757968
-93.9393939393939,-85.8585858585859,47067.8699134234
-91.9191919191919,-85.8585858585859,46048.9051760515
-89.8989898989899,-85.8585858585859,45055.574260674
-87.8787878787879,-85.8585858585859,44073.9390723087
-85.8585858585859,-85.8585858585859,43099.0353450584
-83.8383838383838,-85.8585858585859,42122.8642145318
-81.8181818181818,-85.8585858585859,41154.965143317
-79.7979797979798,-85.8585858585859,40146.6117686484
-77.7777777777778,-85.8585858585859,39123.4100046046
-75.7575757575758,-85.8585858585859,38098.8445874998
-73.7373737373737,-85.8585858585859,37082.989701988
-71.7171717171717,-85.8585858585859,36058.5358173406
-69.6969696969697,-85.8585858585859,34978.9299524636
-67.6767676767677,-85.8585858585859,33890.48014538
-65.6565656565656,-85.8585858585859,32823.4689040291
-63.6363636363636,-85.8585858585859,31780.3516584815
-61.6161616161616,-85.8585858585859,30736.0557832355
-59.5959595959596,-85.8585858585859,29707.3328346799
-57.5757575757576,-85.8585858585859,28717.9966012681
-55.5555555555556,-85.8585858585859,27737.9983023481
-53.5353535353535,-85.8585858585859,26772.0465813951
-51.5151515151515,-85.8585858585859,25811.0381369741
-49.4949494949495,-85.8585858585859,24846.9052850663
-47.4747474747475,-85.8585858585859,23886.9104160132
-45.4545454545455,-85.8585858585859,22925.6033067372
-43.4343434343434,-85.8585858585859,21986.5322306945
-41.4141414141414,-85.8585858585859,21061.6106416596
-39.3939393939394,-85.8585858585859,20131.5417596834
-37.3737373737374,-85.8585858585859,19211.0864017689
-35.3535353535353,-85.8585858585859,18312.2473181194
-33.3333333333333,-85.8585858585859,17415.9116750256
-31.3131313131313,-85.8585858585859,16533.4678666342
-29.2929292929293,-85.8585858585859,15650.0684174573
-27.2727272727273,-85.8585858585859,14787.4332021641
-25.2525252525252,-85.8585858585859,13929.6449012477
-23.2323232323232,-85.8585858585859,13110.0784376106
-21.2121212121212,-85.8585858585859,12319.3127735212
-19.1919191919192,-85.8585858585859,11546.0475001583
-17.1717171717172,-85.8585858585859,10781.1965532611
-15.1515151515151,-85.8585858585859,10040.5329379762
-13.1313131313131,-85.8585858585859,9319.65330334467
-11.1111111111111,-85.8585858585859,8621.79067005343
-9.09090909090908,-85.8585858585859,7949.73590680877
-7.07070707070706,-85.8585858585859,7255.69328409868
-5.05050505050504,-85.8585858585859,6569.84233342219
-3.03030303030303,-85.8585858585859,5900.22204507057
-1.01010101010101,-85.8585858585859,5258.43377050144
1.01010101010101,-85.8585858585859,4851.40501038521
3.03030303030303,-85.8585858585859,4283.36117484427
5.05050505050505,-85.8585858585859,3753.4853319507
7.07070707070707,-85.8585858585859,3259.1175187989
9.09090909090909,-85.8585858585859,2789.21787149959
11.1111111111111,-85.8585858585859,2347.75272839108
13.1313131313131,-85.8585858585859,1942.97971796385
15.1515151515152,-85.8585858585859,1571.68893034611
17.1717171717172,-85.8585858585859,1241.31151938098
19.1919191919192,-85.8585858585859,949.59311406659
21.2121212121212,-85.8585858585859,690.164181303159
23.2323232323232,-85.8585858585859,472.963064270064
25.2525252525253,-85.8585858585859,301.62877349586
27.2727272727273,-85.8585858585859,164.945206114665
29.2929292929293,-85.8585858585859,69.8555542077673
31.3131313131313,-85.8585858585859,15.5527078977296
33.3333333333333,-85.8585858585859,0.261887233480644
35.3535353535354,-85.8585858585859,26.2965582532748
37.3737373737374,-85.8585858585859,96.1354697053429
39.3939393939394,-85.8585858585859,206.971366325671
41.4141414141414,-85.8585858585859,359.256340778534
43.4343434343434,-85.8585858585859,548.163887002539
45.4545454545455,-85.8585858585859,773.386153534691
47.4747474747475,-85.8585858585859,1038.51463760263
49.4949494949495,-85.8585858585859,1339.27948344922
51.5151515151515,-85.8585858585859,1669.45104319612
53.5353535353536,-85.8585858585859,2037.39664776627
55.5555555555556,-85.8585858585859,2440.58620114383
57.5757575757576,-85.8585858585859,2874.59939506875
59.5959595959596,-85.8585858585859,3319.27556602082
61.6161616161616,-85.8585858585859,3789.61815784397
63.6363636363637,-85.8585858585859,4293.719175148
65.6565656565657,-85.8585858585859,4837.87193815159
67.6767676767677,-85.8585858585859,5409.85925968007
69.6969696969697,-85.8585858585859,6006.33795939096
71.7171717171717,-85.8585858585859,6632.27440113786
73.7373737373738,-85.8585858585859,7289.61154212688
75.7575757575758,-85.8585858585859,7973.83021132476
77.7777777777778,-85.8585858585859,8714.78968064303
79.7979797979798,-85.8585858585859,9493.7012279674
81.8181818181818,-85.8585858585859,10310.9952345607
83.8383838383839,-85.8585858585859,11166.6360754532
85.8585858585859,-85.8585858585859,12033.7267360835
87.8787878787879,-85.8585858585859,12921.7849581966
89.8989898989899,-85.8585858585859,13833.5917049121
91.919191919192,-85.8585858585859,14759.9722974247
93.9393939393939,-85.8585858585859,15699.2674627307
95.959595959596,-85.8585858585859,16664.3835150993
97.979797979798,-85.8585858585859,17671.0997395591
100,-85.8585858585859,18721.303977736
-100,-83.8383838383838,49072.0648276333
-97.979797979798,-83.8383838383838,48037.1194557687
-95.959595959596,-83.8383838383838,47001.1953162234
-93.9393939393939,-83.8383838383838,45972.2968124794
-91.9191919191919,-83.8383838383838,44958.0915317569
-89.8989898989899,-83.8383838383838,43960.6436925713
-87.8787878787879,-83.8383838383838,42990.22147233
-85.8585858585859,-83.8383838383838,42031.4621872993
-83.8383838383838,-83.8383838383838,41079.5684969699
-81.8181818181818,-83.8383838383838,40126.7231426921
-79.7979797979798,-83.8383838383838,39180.6547369223
-77.7777777777778,-83.8383838383838,38195.2790357142
-75.7575757575758,-83.8383838383838,37195.3029656795
-73.7373737373737,-83.8383838383838,36194.9748388031
-71.7171717171717,-83.8383838383838,35205.5564157923
-69.6969696969697,-83.8383838383838,34195.4277403538
-67.6767676767677,-83.8383838383838,33136.7253454392
-65.6565656565656,-83.8383838383838,32078.7082734479
-63.6363636363636,-83.8383838383838,31042.5723107005
-61.6161616161616,-83.8383838383838,30024.0273359195
-59.5959595959596,-83.8383838383838,29007.9532019011
-57.5757575757576,-83.8383838383838,28017.306797189
-55.5555555555556,-83.8383838383838,27051.6456670512
-53.5353535353535,-83.8383838383838,26101.7210732683
-51.5151515151515,-83.8383838383838,25164.0250088004
-49.4949494949495,-83.8383838383838,24220.7786928784
-47.4747474747475,-83.8383838383838,23285.0336957383
-45.4545454545455,-83.8383838383838,22343.9082953381
-43.4343434343434,-83.8383838383838,21413.665803644
-41.4141414141414,-83.8383838383838,20508.4369234366
-39.3939393939394,-83.8383838383838,19602.1615041167
-37.3737373737374,-83.8383838383838,18696.9732415245
-35.3535353535353,-83.8383838383838,17809.0275343757
-33.3333333333333,-83.8383838383838,16934.2863907954
-31.3131313131313,-83.8383838383838,16068.7998844189
-29.2929292929293,-83.8383838383838,15205.2403523295
-27.2727272727273,-83.8383838383838,14358.3860707234
-25.2525252525252,-83.8383838383838,13514.71670341
-23.2323232323232,-83.8383838383838,12704.8059327515
-21.2121212121212,-83.8383838383838,11927.6151308321
-19.1919191919192,-83.8383838383838,11167.8993263925
-17.1717171717172,-83.8383838383838,10420.4152514414
-15.1515151515151,-83.8383838383838,9690.95651406874
-13.1313131313131,-83.8383838383838,8985.17580911817
-11.1111111111111,-83.8383838383838,8300.10329092524
-9.09090909090908,-83.8383838383838,7641.7302604167
-7.07070707070706,-83.8383838383838,6967.15933951919
-5.05050505050504,-83.8383838383838,6296.49224511007
-3.03030303030303,-83.8383838383838,5642.14003948025
-1.01010101010101,-83.8383838383838,5014.91455570963
1.01010101010101,-83.8383838383838,4617.56147941739
3.03030303030303,-83.8383838383838,4064.189560865
5.05050505050505,-83.8383838383838,3547.88055855428
7.07070707070707,-83.8383838383838,3068.17426377096
9.09090909090909,-83.8383838383838,2610.86063254495
11.1111111111111,-83.8383838383838,2184.76513451573
13.1313131313131,-83.8383838383838,1793.5696216257
15.1515151515152,-83.8383838383838,1438.13087736478
17.1717171717172,-83.8383838383838,1123.33451335945
19.1919191919192,-83.8383838383838,844.477857512098
21.2121212121212,-83.8383838383838,601.007684153877
23.2323232323232,-83.8383838383838,401.510783455261
25.2525252525253,-83.8383838383838,244.787076003828
27.2727272727273,-83.8383838383838,123.06384005479
29.2929292929293,-83.8383838383838,44.0577577983529
31.3131313131313,-83.8383838383838,4.88290345643785
33.3333333333333,-83.8383838383838,5.22885537866609
35.3535353535354,-83.8383838383838,48.255635826228
37.3737373737374,-83.8383838383838,134.196936413551
39.3939393939394,-83.8383838383838,261.063336963582
41.4141414141414,-83.8383838383838,428.001739215721
43.4343434343434,-83.8383838383838,629.658049571884
45.4545454545455,-83.8383838383838,870.881936861619
47.4747474747475,-83.8383838383838,1150.21066523833
49.4949494949495,-83.8383838383838,1459.59061544182
51.5151515151515,-83.8383838383838,1805.08540688899
53.5353535353536,-83.8383838383838,2185.3765914237
55.5555555555556,-83.8383838383838,2599.54682478429
57.5757575757576,-83.8383838383838,3030.3208790983
59.5959595959596,-83.8383838383838,3482.11586466486
61.6161616161616,-83.8383838383838,3964.14198227778
63.6363636363637,-83.8383838383838,4484.77401280634
65.6565656565657,-83.8383838383838,5040.40132411994
67.6767676767677,-83.8383838383838,5616.13361650517
69.6969696969697,-83.8383838383838,6222.38181174382
71.7171717171717,-83.8383838383838,6859.63937606224
73.7373737373738,-83.8383838383838,7524.26980427837
75.7575757575758,-83.8383838383838,8241.00177941465
77.7777777777778,-83.8383838383838,8999.42916657053
79.7979797979798,-83.8383838383838,9794.95600509631
81.8181818181818,-83.8383838383838,10629.2012607238
83.8383838383839,-83.8383838383838,11475.8414385198
85.8585858585859,-83.8383838383838,12343.2255631908
87.8787878787879,-83.8383838383838,13234.7536707713
89.8989898989899,-83.8383838383838,14139.1796046767
91.919191919192,-83.8383838383838,15058.2838454506
93.9393939393939,-83.8383838383838,16002.4958753953
95.959595959596,-83.8383838383838,16994.3212943805
97.979797979798,-83.8383838383838,18024.6959648439
100,-83.8383838383838,19089.3869726768
-100,-81.8181818181818,47976.4591750704
-97.979797979798,-81.8181818181818,46918.5762506107
-95.959595959596,-81.8181818181818,45904.8795468781
-93.9393939393939,-81.8181818181818,44893.0129772874
-91.9191919191919,-81.8181818181818,43887.4874510223
-89.8989898989899,-81.8181818181818,42896.6564812891
-87.8787878787879,-81.8181818181818,41920.7873368571
-85.8585858585859,-81.8181818181818,40973.3299758298
-83.8383838383838,-81.8181818181818,40037.4471240274
-81.8181818181818,-81.8181818181818,39108.6044435306
-79.7979797979798,-81.8181818181818,38179.0461071113
-77.7777777777778,-81.8181818181818,37254.8836550296
-75.7575757575758,-81.8181818181818,36291.31913756
-73.7373737373737,-81.8181818181818,35315.9037026164
-71.7171717171717,-81.8181818181818,34340.1226413952
-69.6969696969697,-81.8181818181818,33376.8741614382
-67.6767676767677,-81.8181818181818,32381.0068820547
-65.6565656565656,-81.8181818181818,31344.3581308694
-63.6363636363636,-81.8181818181818,30316.68287345
-61.6161616161616,-81.8181818181818,29311.3559035623
-59.5959595959596,-81.8181818181818,28316.4217117575
-57.5757575757576,-81.8181818181818,27325.8157774619
-55.5555555555556,-81.8181818181818,26375.5169582316
-53.5353535353535,-81.8181818181818,25435.873778123
-51.5151515151515,-81.8181818181818,24514.20972626
-49.4949494949495,-81.8181818181818,23599.9463055403
-47.4747474747475,-81.8181818181818,22679.7363412771
-45.4545454545455,-81.8181818181818,21766.4643020997
-43.4343434343434,-81.8181818181818,20849.8991985899
-41.4141414141414,-81.8181818181818,19954.5408167426
-39.3939393939394,-81.8181818181818,19073.4614713658
-37.3737373737374,-81.8181818181818,18187.717350439
-35.3535353535353,-81.8181818181818,17312.9953250446
-33.3333333333333,-81.8181818181818,16459.4730513177
-31.3131313131313,-81.8181818181818,15607.0204093384
-29.2929292929293,-81.8181818181818,14766.803269626
-27.2727272727273,-81.8181818181818,13930.9776006381
-25.2525252525252,-81.8181818181818,13107.5941507908
-23.2323232323232,-81.8181818181818,12306.1298577246
-21.2121212121212,-81.8181818181818,11540.6161588821
-19.1919191919192,-81.8181818181818,10795.2401272491
-17.1717171717172,-81.8181818181818,10064.7250669529
-15.1515151515151,-81.8181818181818,9347.45293759806
-13.1313131313131,-81.8181818181818,8656.78505618958
-11.1111111111111,-81.8181818181818,7984.52905588109
-9.09090909090908,-81.8181818181818,7339.68298106335
-7.07070707070706,-81.8181818181818,6684.31595614092
-5.05050505050504,-81.8181818181818,6028.93601962825
-3.03030303030303,-81.8181818181818,5389.82823222892
-1.01010101010101,-81.8181818181818,4777.16325269919
1.01010101010101,-81.8181818181818,4389.49478900402
3.03030303030303,-81.8181818181818,3850.58456495184
5.05050505050505,-81.8181818181818,3347.57760117742
7.07070707070707,-81.8181818181818,2883.17807950505
9.09090909090909,-81.8181818181818,2438.61328180749
11.1111111111111,-81.8181818181818,2027.64109465713
13.1313131313131,-81.8181818181818,1650.22302357094
15.1515151515152,-81.8181818181818,1310.3583720506
17.1717171717172,-81.8181818181818,1011.48191084979
19.1919191919192,-81.8181818181818,745.749862609152
21.2121212121212,-81.8181818181818,517.668250252446
23.2323232323232,-81.8181818181818,336.053123388775
25.2525252525253,-81.8181818181818,192.798871234002
27.2727272727273,-81.8181818181818,87.745219272958
29.2929292929293,-81.8181818181818,24.2760009670827
31.3131313131313,-81.8181818181818,0.23084791729792
33.3333333333333,-81.8181818181818,16.7520281769561
35.3535353535354,-81.8181818181818,76.9350407658731
37.3737373737374,-81.8181818181818,178.433306247892
39.3939393939394,-81.8181818181818,321.350491159189
41.4141414141414,-81.8181818181818,501.113470764992
43.4343434343434,-81.8181818181818,717.466923473427
45.4545454545455,-81.8181818181818,973.345849296749
47.4747474747475,-81.8181818181818,1263.61551381851
49.4949494949495,-81.8181818181818,1585.34005854216
51.5151515151515,-81.8181818181818,1943.47764630418
53.5353535353536,-81.8181818181818,2337.64111109313
55.5555555555556,-81.8181818181818,2754.46297017268
57.5757575757576,-81.8181818181818,3187.36956919514
59.5959595959596,-81.8181818181818,3647.84442240871
61.6161616161616,-81.8181818181818,4145.14691917412
63.6363636363637,-81.8181818181818,4684.47086391817
65.6565656565657,-81.8181818181818,5239.03340192437
67.6767676767677,-81.8181818181818,5825.55917521008
69.6969696969697,-81.8181818181818,6442.73881531324
71.7171717171717,-81.8181818181818,7087.9557151979
73.7373737373738,-81.8181818181818,7780.45126352263
75.7575757575758,-81.8181818181818,8518.25878328798
77.7777777777778,-81.8181818181818,9292.17979720237
79.7979797979798,-81.8181818181818,10105.0234251209
81.8181818181818,-81.8181818181818,10931.2014863608
83.8383838383839,-81.8181818181818,11777.923325571
85.8585858585859,-81.8181818181818,12649.1654631579
87.8787878787879,-81.8181818181818,13531.7274635534
89.8989898989899,-81.8181818181818,14430.656033222
91.919191919192,-81.8181818181818,15354.0206040802
93.9393939393939,-81.8181818181818,16330.7569600759
95.959595959596,-81.8181818181818,17341.2427602103
97.979797979798,-81.8181818181818,18387.7410882506
100,-81.8181818181818,19473.1075548048
-100,-79.7979797979798,46919.1249087667
-97.979797979798,-79.7979797979798,45851.5930003734
-95.959595959596,-79.7979797979798,44815.7122554789
-93.9393939393939,-79.7979797979798,43820.0839392834
-91.9191919191919,-79.7979797979798,42833.3090422316
-89.8989898989899,-79.7979797979798,41851.0286518086
-87.8787878787879,-79.7979797979798,40883.5731839297
-85.8585858585859,-79.7979797979798,39929.4067934618
-83.8383838383838,-79.7979797979798,39004.8390493885
-81.8181818181818,-79.7979797979798,38091.8874756955
-79.7979797979798,-79.7979797979798,37186.0571909182
-77.7777777777778,-79.7979797979798,36279.7915172127
-75.7575757575758,-79.7979797979798,35377.622295528
-73.7373737373737,-79.7979797979798,34435.9665563866
-71.7171717171717,-79.7979797979798,33485.2466255611
-69.6969696969697,-79.7979797979798,32534.3969651122
-67.6767676767677,-79.7979797979798,31595.5989935809
-65.6565656565656,-79.7979797979798,30616.0226235716
-63.6363636363636,-79.7979797979798,29602.0903825828
-61.6161616161616,-79.7979797979798,28604.4419019346
-59.5959595959596,-79.7979797979798,27629.813697423
-57.5757575757576,-79.7979797979798,26660.1133486675
-55.5555555555556,-79.7979797979798,25701.1294705489
-53.5353535353535,-79.7979797979798,24781.9537210048
-51.5151515151515,-79.7979797979798,23872.6165072123
-49.4949494949495,-79.7979797979798,22976.3207174617
-47.4747474747475,-79.7979797979798,22081.4489253027
-45.4545454545455,-79.7979797979798,21189.1606137544
-43.4343434343434,-79.7979797979798,20295.5573914884
-41.4141414141414,-79.7979797979798,19409.0266189826
-39.3939393939394,-79.7979797979798,18547.4919222053
-37.3737373737374,-79.7979797979798,17684.5757437032
-35.3535353535353,-79.7979797979798,16824.3410698243
-33.3333333333333,-79.7979797979798,15983.3485350295
-31.3131313131313,-79.7979797979798,15151.2970852838
-29.2929292929293,-79.7979797979798,14330.5456265432
-27.2727272727273,-79.7979797979798,13510.074865521
-25.2525252525252,-79.7979797979798,12708.0412772342
-23.2323232323232,-79.7979797979798,11915.0999107832
-21.2121212121212,-79.7979797979798,11159.0837930782
-19.1919191919192,-79.7979797979798,10428.9481032343
-17.1717171717172,-79.7979797979798,9714.80674265438
-15.1515151515151,-79.7979797979798,9010.14903273943
-13.1313131313131,-79.7979797979798,8334.00886283906
-11.1111111111111,-79.7979797979798,7675.07213537229
-9.09090909090908,-79.7979797979798,7043.38155377543
-7.07070707070706,-79.7979797979798,6407.33950910853
-5.05050505050504,-79.7979797979798,5766.94399788211
-3.03030303030303,-79.7979797979798,5143.29217263058
-1.01010101010101,-79.7979797979798,4545.19053751743
1.01010101010101,-79.7979797979798,4167.20141380469
3.03030303030303,-79.7979797979798,3642.74680110874
5.05050505050505,-79.7979797979798,3153.38870304964
7.07070707070707,-79.7979797979798,2703.82871084495
9.09090909090909,-79.7979797979798,2272.24187790423
11.1111111111111,-79.7979797979798,1876.15746032176
13.1313131313131,-79.7979797979798,1512.8668306791
15.1515151515152,-79.7979797979798,1188.55951293213
17.1717171717172,-79.7979797979798,904.766978050949
19.1919191919192,-79.7979797979798,653.158792678204
21.2121212121212,-79.7979797979798,441.368454772477
23.2323232323232,-79.7979797979798,276.277495087794
25.2525252525253,-79.7979797979798,146.737796741823
27.2727272727273,-79.7979797979798,58.152688851525
29.2929292929293,-79.7979797979798,10.3067114272297
31.3131313131313,-79.7979797979798,1.56864571185797
33.3333333333333,-79.7979797979798,34.8555419581425
35.3535353535354,-79.7979797979798,111.465536918925
37.3737373737374,-79.7979797979798,228.90772791229
39.3939393939394,-79.7979797979798,386.587333546705
41.4141414141414,-79.7979797979798,579.154042416206
43.4343434343434,-79.7979797979798,811.297197964623
45.4545454545455,-79.7979797979798,1081.1576265207
47.4747474747475,-79.7979797979798,1380.25604531472
49.4949494949495,-79.7979797979798,1716.68318669052
51.5151515151515,-79.7979797979798,2088.13680535377
53.5353535353536,-79.7979797979798,2490.93793013724
55.5555555555556,-79.7979797979798,2905.09286840963
57.5757575757576,-79.7979797979798,3345.27576264378
59.5959595959596,-79.7979797979798,3821.28966353944
61.6161616161616,-79.7979797979798,4338.87071049695
63.6363636363637,-79.7979797979798,4875.08951994945
65.6565656565657,-79.7979797979798,5441.82035009238
67.6767676767677,-79.7979797979798,6038.90488277987
69.6969696969697,-79.7979797979798,6664.79972292484
71.7171717171717,-79.7979797979798,7333.13979299541
73.7373737373738,-79.7979797979798,8050.31437706831
75.7575757575758,-79.7979797979798,8802.63954590415
77.7777777777778,-79.7979797979798,9594.09784919162
79.7979797979798,-79.7979797979798,10399.8003019331
81.8181818181818,-79.7979797979798,11225.8874742564
83.8383838383839,-79.7979797979798,12076.1513174303
85.8585858585859,-79.7979797979798,12937.6156376355
87.8787878787879,-79.7979797979798,13816.3860562316
89.8989898989899,-79.7979797979798,14721.9734969151
91.919191919192,-79.7979797979798,15680.3761650219
93.9393939393939,-79.7979797979798,16670.5455135033
95.959595959596,-79.7979797979798,17699.2081923293
97.979797979798,-79.7979797979798,18770.1484722012
100,-79.7979797979798,19894.8911073377
-100,-77.7777777777778,45906.0499495116
-97.979797979798,-77.7777777777778,44825.6167283024
-95.959595959596,-77.7777777777778,43777.4522766906
-93.9393939393939,-77.7777777777778,42762.1259447865
-91.9191919191919,-77.7777777777778,41781.7584753649
-89.8989898989899,-77.7777777777778,40821.5455902342
-87.8787878787879,-77.7777777777778,39862.952681173
-85.8585858585859,-77.7777777777778,38918.9036454542
-83.8383838383838,-77.7777777777778,37986.5839813027
-81.8181818181818,-77.7777777777778,37084.8526560756
-79.7979797979798,-77.7777777777778,36194.7832423038
-77.7777777777778,-77.7777777777778,35311.9982593641
-75.7575757575758,-77.7777777777778,34429.0125890951
-73.7373737373737,-77.7777777777778,33548.8943701712
-71.7171717171717,-77.7777777777778,32629.2818379405
-69.6969696969697,-77.7777777777778,31703.3462284328
-67.6767676767677,-77.7777777777778,30777.5716876177
-65.6565656565656,-77.7777777777778,29862.4773123956
-63.6363636363636,-77.7777777777778,28899.0604708981
-61.6161616161616,-77.7777777777778,27909.6642742293
-59.5959595959596,-77.7777777777778,26942.2645024566
-57.5757575757576,-77.7777777777778,25997.9255535724
-55.5555555555556,-77.7777777777778,25053.683015643
-53.5353535353535,-77.7777777777778,24130.9596139484
-51.5151515151515,-77.7777777777778,23235.7441914499
-49.4949494949495,-77.7777777777778,22355.6289179137
-47.4747474747475,-77.7777777777778,21486.9042952697
-45.4545454545455,-77.7777777777778,20611.6499335167
-43.4343434343434,-77.7777777777778,19744.5589712339
-41.4141414141414,-77.7777777777778,18872.6532280024
-39.3939393939394,-77.7777777777778,18021.0587266706
-37.3737373737374,-77.7777777777778,17183.8546532369
-35.3535353535353,-77.7777777777778,16342.5571057268
-33.3333333333333,-77.7777777777778,15513.6132302431
-31.3131313131313,-77.7777777777778,14702.3373495515
-29.2929292929293,-77.7777777777778,13897.4094167202
-27.2727272727273,-77.7777777777778,13096.9992673913
-25.2525252525252,-77.7777777777778,12311.6825504539
-23.2323232323232,-77.7777777777778,11530.8550895867
-21.2121212121212,-77.7777777777778,10785.4129442974
-19.1919191919192,-77.7777777777778,10069.0868144596
-17.1717171717172,-77.7777777777778,9370.37914322112
-15.1515151515151,-77.7777777777778,8679.87633388286
-13.1313131313131,-77.7777777777778,8017.36914050521
-11.1111111111111,-77.7777777777778,7371.72589884491
-9.09090909090908,-77.7777777777778,6752.92021848657
-7.07070707070706,-77.7777777777778,6136.21526322861
-5.05050505050504,-77.7777777777778,5510.66744885725
-3.03030303030303,-77.7777777777778,4902.52407090904
-1.01010101010101,-77.7777777777778,4318.9910073291
1.01010101010101,-77.7777777777778,3950.6810687587
3.03030303030303,-77.7777777777778,3440.73612062522
5.05050505050505,-77.7777777777778,2965.79894455033
7.07070707070707,-77.7777777777778,2530.05432557944
9.09090909090909,-77.7777777777778,2111.74412358812
11.1111111111111,-77.7777777777778,1730.54407982364
13.1313131313131,-77.7777777777778,1381.31675499238
15.1515151515152,-77.7777777777778,1072.73022414658
17.1717171717172,-77.7777777777778,803.578095880419
19.1919191919192,-77.7777777777778,566.546417734024
21.2121212121212,-77.7777777777778,372.192110395317
23.2323232323232,-77.7777777777778,222.241552939458
25.2525252525253,-77.7777777777778,107.37747616069
27.2727272727273,-77.7777777777778,34.9279004369104
29.2929292929293,-77.7777777777778,2.17201165976269
31.3131313131313,-77.7777777777778,9.35024786790676
33.3333333333333,-77.7777777777778,59.8027822651007
35.3535353535354,-77.7777777777778,152.010156189261
37.3737373737374,-77.7777777777778,285.557223580117
39.3939393939394,-77.7777777777778,456.172589935008
41.4141414141414,-77.7777777777778,663.671904092043
43.4343434343434,-77.7777777777778,910.37053015242
45.4545454545455,-77.7777777777778,1190.15228664025
47.4747474747475,-77.7777777777778,1503.48381035405
49.4949494949495,-77.7777777777778,1852.43076413539
51.5151515151515,-77.7777777777778,2235.39314828315
53.5353535353536,-77.7777777777778,2635.19195749515
55.5555555555556,-77.7777777777778,3056.96089982362
57.5757575757576,-77.7777777777778,3510.76581359994
59.5959595959596,-77.7777777777778,4004.9061132867
61.6161616161616,-77.7777777777778,4524.47379023696
63.6363636363637,-77.7777777777778,5071.14472411028
65.6565656565657,-77.7777777777778,5648.1401060179
67.6767676767677,-77.7777777777778,6254.71388613083
69.6969696969697,-77.7777777777778,6899.11576486631
71.7171717171717,-77.7777777777778,7595.64057427879
73.7373737373738,-77.7777777777778,8326.37506158415
75.7575757575758,-77.7777777777778,9096.42319546737
77.7777777777778,-77.7777777777778,9881.63800301816
79.7979797979798,-77.7777777777778,10687.091592151
81.8181818181818,-77.7777777777778,11516.2663862337
83.8383838383839,-77.7777777777778,12356.8286248228
85.8585858585859,-77.7777777777778,13215.475786919
87.8787878787879,-77.7777777777778,14103.7014083018
89.8989898989899,-77.7777777777778,15043.1078035152
91.919191919192,-77.7777777777778,16013.0908495322
93.9393939393939,-77.7777777777778,17023.7618203216
95.959595959596,-77.7777777777778,18081.3222942483
97.979797979798,-77.7777777777778,19188.6864711353
100,-77.7777777777778,20328.8336638698
-100,-75.7575757575758,44927.1861164366
-97.979797979798,-75.7575757575758,43842.9123793078
-95.959595959596,-75.7575757575758,42780.5426420617
-93.9393939393939,-75.7575757575758,41752.0460609331
-91.9191919191919,-75.7575757575758,40756.6816981914
-89.8989898989899,-75.7575757575758,39791.9271885479
-87.8787878787879,-75.7575757575758,38857.8920553162
-85.8585858585859,-75.7575757575758,37923.4195489662
-83.8383838383838,-75.7575757575758,37002.6040715869
-81.8181818181818,-75.7575757575758,36093.3664330249
-79.7979797979798,-75.7575757575758,35213.2641104166
-77.7777777777778,-75.7575757575758,34346.1231123846
-75.7575757575758,-75.7575757575758,33486.3467621509
-73.7373737373737,-75.7575757575758,32626.6744461906
-71.7171717171717,-75.7575757575758,31767.7421034747
-69.6969696969697,-75.7575757575758,30871.3087816404
-67.6767676767677,-75.7575757575758,29970.3419941365
-65.6565656565656,-75.7575757575758,29069.3493328715
-63.6363636363636,-75.7575757575758,28176.3799500317
-61.6161616161616,-75.7575757575758,27227.4316568495
-59.5959595959596,-75.7575757575758,26268.294256457
-57.5757575757576,-75.7575757575758,25331.08543104
-55.5555555555556,-75.7575757575758,24410.6575318797
-53.5353535353535,-75.7575757575758,23493.3823314098
-51.5151515151515,-75.7575757575758,22609.2489695837
-49.4949494949495,-75.7575757575758,21740.1062361223
-47.4747474747475,-75.7575757575758,20888.1747102464
-45.4545454545455,-75.7575757575758,20041.059913919
-43.4343434343434,-75.7575757575758,19192.2004893588
-41.4141414141414,-75.7575757575758,18344.9817265168
-39.3939393939394,-75.7575757575758,17502.8826272627
-37.3737373737374,-75.7575757575758,16685.0890791369
-35.3535353535353,-75.7575757575758,15865.6692102313
-33.3333333333333,-75.7575757575758,15050.8819205433
-31.3131313131313,-75.7575757575758,14256.4638540322
-29.2929292929293,-75.7575757575758,13467.3850542104
-27.2727272727273,-75.7575757575758,12690.2098663349
-25.2525252525252,-75.7575757575758,11916.3408099509
-23.2323232323232,-75.7575757575758,11154.8207616785
-21.2121212121212,-75.7575757575758,10418.1365723666
-19.1919191919192,-75.7575757575758,9715.26395278586
-17.1717171717172,-75.7575757575758,9030.56262889337
-15.1515151515151,-75.7575757575758,8356.7244358089
-13.1313131313131,-75.7575757575758,7706.45575183821
-11.1111111111111,-75.7575757575758,7074.49836700342
-9.09090909090908,-75.7575757575758,6468.57358035716
-7.07070707070706,-75.7575757575758,5870.95545864849
-5.05050505050504,-75.7575757575758,5260.2120534444
-3.03030303030303,-75.7575757575758,4667.43659332126
-1.01010101010101,-75.7575757575758,4098.55782405975
1.01010101010101,-75.7575757575758,3739.93818642777
3.03030303030303,-75.7575757575758,3244.48896793836
5.05050505050505,-75.7575757575758,2784.1665928221
7.07070707070707,-75.7575757575758,2361.09348692303
9.09090909090909,-75.7575757575758,1956.22882556611
11.1111111111111,-75.7575757575758,1590.29163916269
13.1313131313131,-75.7575757575758,1256.09144885005
15.1515151515152,-75.7575757575758,962.845966274483
17.1717171717172,-75.7575757575758,707.152011494066
19.1919191919192,-75.7575757575758,486.007886084546
21.2121212121212,-75.7575757575758,309.368549407498
23.2323232323232,-75.7575757575758,173.089321956392
25.2525252525253,-75.7575757575758,74.5828699492121
27.2727272727273,-75.7575757575758,17.6420488887436
29.2929292929293,-75.7575757575758,0.0617974199682207
31.3131313131313,-75.7575757575758,23.659186050787
33.3333333333333,-75.7575757575758,90.8174421009451
35.3535353535354,-75.7575757575758,198.864690413286
37.3737373737374,-75.7575757575758,347.279123182994
39.3939393939394,-75.7575757575758,530.760568097552
41.4141414141414,-75.7575757575758,753.84012575734
43.4343434343434,-75.7575757575758,1013.87324762495
45.4545454545455,-75.7575757575758,1303.55825499126
47.4747474747475,-75.7575757575758,1630.43319944418
49.4949494949495,-75.7575757575758,1992.98660737786
51.5151515151515,-75.7575757575758,2378.39825471657
53.5353535353536,-75.7575757575758,2781.22522127521
55.5555555555556,-75.7575757575758,3213.38043286303
57.5757575757576,-75.7575757575758,3684.2450038262
59.5959595959596,-75.7575757575758,4186.94004064115
61.6161616161616,-75.7575757575758,4713.54801694137
63.6363636363637,-75.7575757575758,5269.90945297603
65.6565656565657,-75.7575757575758,5856.98946328488
67.6767676767677,-75.7575757575758,6478.475648314
69.6969696969697,-75.7575757575758,7154.17470752144
71.7171717171717,-75.7575757575758,7863.35274950899
73.7373737373738,-75.7575757575758,8612.00536374789
75.7575757575758,-75.7575757575758,9376.7117522759
77.7777777777778,-75.7575757575758,10161.5425388133
79.7979797979798,-75.7575757575758,10969.5871669519
81.8181818181818,-75.7575757575758,11789.3887907683
83.8383838383839,-75.7575757575758,12627.9200812094
85.8585858585859,-75.7575757575758,13499.1759383948
87.8787878787879,-75.7575757575758,14419.0664519855
89.8989898989899,-75.7575757575758,15370.9473630384
91.919191919192,-75.7575757575758,16361.4518656496
93.9393939393939,-75.7575757575758,17405.3445686053
95.959595959596,-75.7575757575758,18495.8866539574
97.979797979798,-75.7575757575758,19610.0787072029
100,-75.7575757575758,20753.8486693015
-100,-73.7373737373737,43947.9882565066
-97.979797979798,-73.7373737373737,42884.5280101174
-95.959595959596,-73.7373737373737,41827.2144581106
-93.9393939393939,-73.7373737373737,40784.7929135466
-91.9191919191919,-73.7373737373737,39774.6523976068
-89.8989898989899,-73.7373737373737,38799.3748522817
-87.8787878787879,-73.7373737373737,37851.7514627492
-85.8585858585859,-73.7373737373737,36942.627241897
-83.8383838383838,-73.7373737373737,36032.526714085
-81.8181818181818,-73.7373737373737,35134.6520314412
-79.7979797979798,-73.7373737373737,34248.6931183812
-77.7777777777778,-73.7373737373737,33390.1727188424
-75.7575757575758,-73.7373737373737,32545.9520313852
-73.7373737373737,-73.7373737373737,31709.1823843215
-71.7171717171717,-73.7373737373737,30872.9066811727
-69.6969696969697,-73.7373737373737,30034.8844085743
-67.6767676767677,-73.7373737373737,29161.9821400313
-65.6565656565656,-73.7373737373737,28284.5710204217
-63.6363636363636,-73.7373737373737,27409.8899849707
-61.6161616161616,-73.7373737373737,26533.1862087356
-59.5959595959596,-73.7373737373737,25605.0632460853
-57.5757575757576,-73.7373737373737,24676.2022194753
-55.5555555555556,-73.7373737373737,23769.6158655577
-53.5353535353535,-73.7373737373737,22874.00035728
-51.5151515151515,-73.7373737373737,21985.0615969328
-49.4949494949495,-73.7373737373737,21135.8511634774
-47.4747474747475,-73.7373737373737,20296.3921411485
-45.4545454545455,-73.7373737373737,19470.6129900844
-43.4343434343434,-73.7373737373737,18642.7901730374
-41.4141414141414,-73.7373737373737,17820.5874061567
-39.3939393939394,-73.7373737373737,16993.896455204
-37.3737373737374,-73.7373737373737,16186.0814353759
-35.3535353535353,-73.7373737373737,15392.798402419
-33.3333333333333,-73.7373737373737,14596.0727294671
-31.3131313131313,-73.7373737373737,13812.9326224092
-29.2929292929293,-73.7373737373737,13044.343543258
-27.2727272727273,-73.7373737373737,12284.6452978015
-25.2525252525252,-73.7373737373737,11527.3341863828
-23.2323232323232,-73.7373737373737,10786.1133791995
-21.2121212121212,-73.7373737373737,10057.8330139781
-19.1919191919192,-73.7373737373737,9366.40036132222
-17.1717171717172,-73.7373737373737,8696.04458348542
-15.1515151515151,-73.7373737373737,8039.45229260042
-13.1313131313131,-73.7373737373737,7400.82438057891
-11.1111111111111,-73.7373737373737,6783.53264820615
-9.09090909090908,-73.7373737373737,6190.34171943685
-7.07070707070706,-73.7373737373737,5611.55300203815
-5.05050505050504,-73.7373737373737,5015.58344919817
-3.03030303030303,-73.7373737373737,4438.02735908265
-1.01010101010101,-73.7373737373737,3883.90341891682
1.01010101010101,-73.7373737373737,3534.97491817559
3.03030303030303,-73.7373737373737,3054.00775624127
5.05050505050505,-73.7373737373737,2608.40056761442
7.07070707070707,-73.7373737373737,2197.73029366801
9.09090909090909,-73.7373737373737,1807.48827337768
11.1111111111111,-73.7373737373737,1455.58597604874
13.1313131313131,-73.7373737373737,1136.99635305804
15.1515151515152,-73.7373737373737,859.431710860336
17.1717171717172,-73.7373737373737,617.002911399498
19.1919191919192,-73.7373737373737,411.378190590705
21.2121212121212,-73.7373737373737,252.038454681046
23.2323232323232,-73.7373737373737,129.594734520098
25.2525252525253,-73.7373737373737,47.5218648405941
27.2727272727273,-73.7373737373737,6.1256874611439
29.2929292929293,-73.7373737373737,4.09140737492944
31.3131313131313,-73.7373737373737,44.7362104399371
33.3333333333333,-73.7373737373737,127.703131390474
35.3535353535354,-73.7373737373737,251.877118203261
37.3737373737374,-73.7373737373737,413.343371527501
39.3939393939394,-73.7373737373737,611.97288847478
41.4141414141414,-73.7373737373737,849.56408541547
43.4343434343434,-73.7373737373737,1118.8892194965
45.4545454545455,-73.7373737373737,1423.42009763023
47.4747474747475,-73.7373737373737,1763.15792185823
49.4949494949495,-73.7373737373737,2134.49885046039
51.5151515151515,-73.7373737373737,2518.50019498823
53.5353535353536,-73.7373737373737,2929.38173492557
55.5555555555556,-73.7373737373737,3376.96004545949
57.5757575757576,-73.7373737373737,3862.82030641881
59.5959595959596,-73.7373737373737,4368.69278246334
61.6161616161616,-73.7373737373737,4904.94489059733
63.6363636363637,-73.7373737373737,5472.25454926729
65.6565656565657,-73.7373737373737,6071.06882415703
67.6767676767677,-73.7373737373737,6725.92749403399
69.6969696969697,-73.7373737373737,7413.58204198289
71.7171717171717,-73.7373737373737,8140.84136485293
73.7373737373738,-73.7373737373737,8885.02765625375
75.7575757575758,-73.7373737373737,9649.25403980966
77.7777777777778,-73.7373737373737,10436.1790307269
79.7979797979798,-73.7373737373737,11235.2841045526
81.8181818181818,-73.7373737373737,12053.7343713274
83.8383838383839,-73.7373737373737,12908.4516134038
85.8585858585859,-73.7373737373737,13808.4040483047
87.8787878787879,-73.7373737373737,14742.0274111435
89.8989898989899,-73.7373737373737,15713.7590031016
91.919191919192,-73.7373737373737,16742.1813829936
93.9393939393939,-73.7373737373737,17813.3642409402
95.959595959596,-73.7373737373737,18904.2681612692
97.979797979798,-73.7373737373737,20027.5518086745
100,-73.7373737373737,21183.385091241
-100,-71.7171717171717,42983.0779763301
-97.979797979798,-71.7171717171717,41926.6234912352
-95.959595959596,-71.7171717171717,40888.0963285522
-93.9393939393939,-71.7171717171717,39858.9374618275
-91.9191919191919,-71.7171717171717,38837.5855414612
-89.8989898989899,-71.7171717171717,37847.7201056924
-87.8787878787879,-71.7171717171717,36890.3478792659
-85.8585858585859,-71.7171717171717,35963.3345859812
-83.8383838383838,-71.7171717171717,35075.8034901858
-81.8181818181818,-71.7171717171717,34190.6931652219
-79.7979797979798,-71.7171717171717,33315.0831975667
-77.7777777777778,-71.7171717171717,32452.5353863202
-75.7575757575758,-71.7171717171717,31615.5481955752
-73.7373737373737,-71.7171717171717,30794.186965844
-71.7171717171717,-71.7171717171717,29980.4601494873
-69.6969696969697,-71.7171717171717,29167.5482343249
-67.6767676767677,-71.7171717171717,28350.6077150948
-65.6565656565656,-71.7171717171717,27501.3451103012
-63.6363636363636,-71.7171717171717,26648.1607421281
-61.6161616161616,-71.7171717171717,25799.2137030986
-59.5959595959596,-71.7171717171717,24938.4651036655
-57.5757575757576,-71.7171717171717,24032.5117179629
-55.5555555555556,-71.7171717171717,23133.859037789
-53.5353535353535,-71.7171717171717,22257.8248384095
-51.5151515151515,-71.7171717171717,21387.8436254225
-49.4949494949495,-71.7171717171717,20534.6105621478
-47.4747474747475,-71.7171717171717,19709.8313582923
-45.4545454545455,-71.7171717171717,18899.5782699796
-43.4343434343434,-71.7171717171717,18098.6732445642
-41.4141414141414,-71.7171717171717,17293.8628931758
-39.3939393939394,-71.7171717171717,16492.8320928955
-37.3737373737374,-71.7171717171717,15695.2459407709
-35.3535353535353,-71.7171717171717,14921.1816692689
-33.3333333333333,-71.7171717171717,14145.7474345412
-31.3131313131313,-71.7171717171717,13376.4984101262
-29.2929292929293,-71.7171717171717,12627.8625063983
-27.2727272727273,-71.7171717171717,11882.7910149657
-25.2525252525252,-71.7171717171717,11146.0265021889
-23.2323232323232,-71.7171717171717,10422.2720217497
-21.2121212121212,-71.7171717171717,9704.98233347788
-19.1919191919192,-71.7171717171717,9023.12984681326
-17.1717171717172,-71.7171717171717,8367.57178224338
-15.1515151515151,-71.7171717171717,7727.31671405467
-13.1313131313131,-71.7171717171717,7101.03732804199
-11.1111111111111,-71.7171717171717,6498.73212517556
-9.09090909090908,-71.7171717171717,5918.22823735198
-7.07070707070706,-71.7171717171717,5358.01818076334
-5.05050505050504,-71.7171717171717,4776.76038790439
-3.03030303030303,-71.7171717171717,4214.40190592768
-1.01010101010101,-71.7171717171717,3675.02088901503
1.01010101010101,-71.7171717171717,3335.80461286571
3.03030303030303,-71.7171717171717,2869.28845782445
5.05050505050505,-71.7171717171717,2438.22599080151
7.07070707070707,-71.7171717171717,2040.07415093149
9.09090909090909,-71.7171717171717,1664.87285722244
11.1111111111111,-71.7171717171717,1326.65975181156
13.1313131313131,-71.7171717171717,1023.78400530797
15.1515151515152,-71.7171717171717,761.667633405333
17.1717171717172,-71.7171717171717,533.059454919603
19.1919191919192,-71.7171717171717,344.144327519075
21.2121212121212,-71.7171717171717,200.780684818401
23.2323232323232,-71.7171717171717,92.7604136345152
25.2525252525253,-71.7171717171717,26.8568960617857
27.2727272727273,-71.7171717171717,0.550698237953914
29.2929292929293,-71.7171717171717,14.6610514061378
31.3131313131313,-71.7171717171717,72.2319411523655
33.3333333333333,-71.7171717171717,170.934349151702
35.3535353535354,-71.7171717171717,310.078300356078
37.3737373737374,-71.7171717171717,484.488600881148
39.3939393939394,-71.7171717171717,698.489517495174
41.4141414141414,-71.7171717171717,948.183492710222
43.4343434343434,-71.7171717171717,1229.43341404991
45.4545454545455,-71.7171717171717,1547.05032184949
47.4747474747475,-71.7171717171717,1898.70581129883
49.4949494949495,-71.7171717171717,2267.65222213913
51.5151515151515,-71.7171717171717,2659.17481128395
53.5353535353536,-71.7171717171717,3084.90898107985
55.5555555555556,-71.7171717171717,3551.70592142354
57.5757575757576,-71.7171717171717,4036.87350415638
59.5959595959596,-71.7171717171717,4553.37105552183
61.6161616161616,-71.7171717171717,5100.5887910211
63.6363636363637,-71.7171717171717,5677.24099697219
65.6565656565657,-71.7171717171717,6310.89748629484
67.6767676767677,-71.7171717171717,6977.04705543046
69.6969696969697,-71.7171717171717,7682.92852384587
71.7171717171717,-71.7171717171717,8406.58979428739
73.7373737373738,-71.7171717171717,9150.20483589849
75.7575757575758,-71.7171717171717,9916.05578551795
77.7777777777778,-71.7171717171717,10694.5099504555
79.7979797979798,-71.7171717171717,11492.8983175954
81.8181818181818,-71.7171717171717,12330.9854853467
83.8383838383839,-71.7171717171717,13211.0785519364
85.8585858585859,-71.7171717171717,14126.2314089308
87.8787878787879,-71.7171717171717,15082.6129094475
89.8989898989899,-71.7171717171717,16093.055926289
91.919191919192,-71.7171717171717,17140.991596576
93.9393939393939,-71.7171717171717,18211.3809687222
95.959595959596,-71.7171717171717,19314.1909668875
97.979797979798,-71.7171717171717,20447.5367297541
100,-71.7171717171717,21602.9159087695
-100,-69.6969696969697,42029.635284478
-97.979797979798,-69.6969696969697,40986.3713538216
-95.959595959596,-69.6969696969697,39954.0104283327
-93.9393939393939,-69.6969696969697,38939.1892500171
-91.9191919191919,-69.6969696969697,37937.1550047352
-89.8989898989899,-69.6969696969697,36941.0904653337
-87.8787878787879,-69.6969696969697,35969.9671993501
-85.8585858585859,-69.6969696969697,35031.5795041516
-83.8383838383838,-69.6969696969697,34125.2835167068
-81.8181818181818,-69.6969696969697,33257.29520945
-79.7979797979798,-69.6969696969697,32396.6871658477
-77.7777777777778,-69.6969696969697,31543.9188001147
-75.7575757575758,-69.6969696969697,30704.7487420808
-73.7373737373737,-69.6969696969697,29889.3579830707
-71.7171717171717,-69.6969696969697,29090.8632021035
-69.6969696969697,-69.6969696969697,28300.2117621185
-67.6767676767677,-69.6969696969697,27510.6731243178
-65.6565656565656,-69.6969696969697,26714.9083889216
-63.6363636363636,-69.6969696969697,25889.4066097678
-61.6161616161616,-69.6969696969697,25059.9774621231
-59.5959595959596,-69.6969696969697,24237.2716202183
-57.5757575757576,-69.6969696969697,23392.5902161353
-55.5555555555556,-69.6969696969697,22510.0440048643
-53.5353535353535,-69.6969696969697,21641.2755170764
-51.5151515151515,-69.6969696969697,20795.2757548455
-49.4949494949495,-69.6969696969697,19950.2689141317
-47.4747474747475,-69.6969696969697,19132.9980968748
-45.4545454545455,-69.6969696969697,18334.4347751871
-43.4343434343434,-69.6969696969697,17552.2264711781
-41.4141414141414,-69.6969696969697,16772.0083086649
-39.3939393939394,-69.6969696969697,15994.8653859487
-37.3737373737374,-69.6969696969697,15213.616302883
-35.3535353535353,-69.6969696969697,14449.6089428586
-33.3333333333333,-69.6969696969697,13700.292076259
-31.3131313131313,-69.6969696969697,12948.2594629547
-29.2929292929293,-69.6969696969697,12210.9527801655
-27.2727272727273,-69.6969696969697,11485.5406438963
-25.2525252525252,-69.6969696969697,10770.3844319653
-23.2323232323232,-69.6969696969697,10058.9516833102
-21.2121212121212,-69.6969696969697,9359.52736010336
-19.1919191919192,-69.6969696969697,8687.43946104083
-17.1717171717172,-69.6969696969697,8045.60466574419
-15.1515151515151,-69.6969696969697,7421.01408106215
-13.1313131313131,-69.6969696969697,6807.4457121865
-11.1111111111111,-69.6969696969697,6220.07274000935
-9.09090909090908,-69.6969696969697,5652.2272381249
-7.07070707070706,-69.6969696969697,5108.98929602519
-5.05050505050504,-69.6969696969697,4543.65067790488
-3.03030303030303,-69.6969696969697,3996.53443758394
-1.01010101010101,-69.6969696969697,3471.91529602676
1.01010101010101,-69.6969696969697,3142.44671022953
3.03030303030303,-69.6969696969697,2690.32909406575
5.05050505050505,-69.6969696969697,2273.5323915934
7.07070707070707,-69.6969696969697,1888.05016469266
9.09090909090909,-69.6969696969697,1528.09618112138
11.1111111111111,-69.6969696969697,1203.77774330131
13.1313131313131,-69.6969696969697,916.44284848056
15.1515151515152,-69.6969696969697,669.429702645253
17.1717171717172,-69.6969696969697,455.11825725724
19.1919191919192,-69.6969696969697,283.537972145759
21.2121212121212,-69.6969696969697,154.442536193938
23.2323232323232,-69.6969696969697,62.4818358545537
25.2525252525253,-69.6969696969697,12.0524618935106
27.2727272727273,-69.6969696969697,0.977037355015938
29.2929292929293,-69.6969696969697,31.8728465036202
31.3131313131313,-69.6969696969697,105.512443496937
33.3333333333333,-69.6969696969697,220.309368383129
35.3535353535354,-69.6969696969697,372.624899721429
37.3737373737374,-69.6969696969697,562.33831718475
39.3939393939394,-69.6969696969697,790.565563061535
41.4141414141414,-69.6969696969697,1049.60604456812
43.4343434343434,-69.6969696969697,1344.98079443404
45.4545454545455,-69.6969696969697,1675.80481058043
47.4747474747475,-69.6969696969697,2029.93200208632
49.4949494949495,-69.6969696969697,2402.75204592413
51.5151515151515,-69.6969696969697,2806.55730410264
53.5353535353536,-69.6969696969697,3250.54997708401
55.5555555555556,-69.6969696969697,3718.1573456081
57.5757575757576,-69.6969696969697,4214.86508986073
59.5959595959596,-69.6969696969697,4741.99218854632
61.6161616161616,-69.6969696969697,5297.56388971629
63.6363636363637,-69.6969696969697,5908.95554263603
65.6565656565657,-69.6969696969697,6553.76220254395
67.6767676767677,-69.6969696969697,7238.26577822316
69.6969696969697,-69.6969696969697,7941.39361591391
71.7171717171717,-69.6969696969697,8664.4099551549
73.7373737373738,-69.6969696969697,9409.2373810212
75.7575757575758,-69.6969696969697,10166.8667879064
77.7777777777778,-69.6969696969697,10945.209890629
79.7979797979798,-69.6969696969697,11766.7233016941
81.8181818181818,-69.6969696969697,12626.6598144407
83.8383838383839,-69.6969696969697,13523.5229140699
85.8585858585859,-69.6969696969697,14465.8069096594
87.8787878787879,-69.6969696969697,15458.9935136195
89.8989898989899,-69.6969696969697,16481.5341399665
91.919191919192,-69.6969696969697,17531.4501538467
93.9393939393939,-69.6969696969697,18613.8535792791
95.959595959596,-69.6969696969697,19722.5486470808
97.979797979798,-69.6969696969697,20855.7682502116
100,-69.6969696969697,22017.5346235745
-100,-67.6767676767677,41097.2109570904
-97.979797979798,-67.6767676767677,40052.5862509272
-95.959595959596,-67.6767676767677,39037.3078324075
-93.9393939393939,-67.6767676767677,38029.8138668978
-91.9191919191919,-67.6767676767677,37037.852352578
-89.8989898989899,-67.6767676767677,36062.0998358904
-87.8787878787879,-67.6767676767677,35092.7862821642
-85.8585858585859,-67.6767676767677,34140.6362137027
-83.8383838383838,-67.6767676767677,33222.2704732185
-81.8181818181818,-67.6767676767677,32336.3430127712
-79.7979797979798,-67.6767676767677,31485.4791941721
-77.7777777777778,-67.6767676767677,30650.5380906079
-75.7575757575758,-67.6767676767677,29821.1196976157
-73.7373737373737,-67.6767676767677,29005.3440308037
-71.7171717171717,-67.6767676767677,28211.6448905339
-69.6969696969697,-67.6767676767677,27435.9669274908
-67.6767676767677,-67.6767676767677,26668.3706321215
-65.6565656565656,-67.6767676767677,25902.233993021
-63.6363636363636,-67.6767676767677,25127.8027479753
-61.6161616161616,-67.6767676767677,24326.0981948755
-59.5959595959596,-67.6767676767677,23520.52022868
-57.5757575757576,-67.6767676767677,22724.0853025004
-55.5555555555556,-67.6767676767677,21896.0916998554
-53.5353535353535,-67.6767676767677,21037.630549971
-51.5151515151515,-67.6767676767677,20199.7364013604
-49.4949494949495,-67.6767676767677,19377.8324516046
-47.4747474747475,-67.6767676767677,18559.4428177585
-45.4545454545455,-67.6767676767677,17779.7495454894
-43.4343434343434,-67.6767676767677,17010.1994216497
-41.4141414141414,-67.6767676767677,16254.0707348189
-39.3939393939394,-67.6767676767677,15494.1179387666
-37.3737373737374,-67.6767676767677,14739.1974461946
-35.3535353535353,-67.6767676767677,13986.1044472206
-33.3333333333333,-67.6767676767677,13255.8013355232
-31.3131313131313,-67.6767676767677,12524.3147655309
-29.2929292929293,-67.6767676767677,11800.8257250524
-27.2727272727273,-67.6767676767677,11095.0743634026
-25.2525252525252,-67.6767676767677,10396.3576343101
-23.2323232323232,-67.6767676767677,9701.86644515876
-21.2121212121212,-67.6767676767677,9021.67902094038
-19.1919191919192,-67.6767676767677,8358.22539844441
-17.1717171717172,-67.6767676767677,7729.65616408532
-15.1515151515151,-67.6767676767677,7119.9527820766
-13.1313131313131,-67.6767676767677,6520.2505278277
-11.1111111111111,-67.6767676767677,5946.94152856037
-9.09090909090908,-67.6767676767677,5392.34456436674
-7.07070707070706,-67.6767676767677,4863.4915096484
-5.05050505050504,-67.6767676767677,4316.36609465591
-3.03030303030303,-67.6767676767677,3784.37609426472
-1.01010101010101,-67.6767676767677,3274.57759717383
1.01010101010101,-67.6767676767677,2954.85880430224
3.03030303030303,-67.6767676767677,2517.13368695777
5.05050505050505,-67.6767676767677,2114.5954556086
7.07070707070707,-67.6767676767677,1741.67980527437
9.09090909090909,-67.6767676767677,1397.1701528048
11.1111111111111,-67.6767676767677,1086.87339098909
13.1313131313131,-67.6767676767677,815.095647222152
15.1515151515152,-67.6767676767677,581.983090991719
17.1717171717172,-67.6767676767677,383.208319974023
19.1919191919192,-67.6767676767677,228.992603479353
21.2121212121212,-67.6767676767677,113.516174776391
23.2323232323232,-67.6767676767677,38.0105577102351
25.2525252525253,-67.6767676767677,3.02430523001286
27.2727272727273,-67.6767676767677,7.80575495000984
29.2929292929293,-67.6767676767677,55.7328631721995
31.3131313131313,-67.6767676767677,145.116421979072
33.3333333333333,-67.6767676767677,274.984351784844
35.3535353535354,-67.6767676767677,440.351160306498
37.3737373737374,-67.6767676767677,645.233478405022
39.3939393939394,-67.6767676767677,884.694104484324
41.4141414141414,-67.6767676767677,1157.47898739428
43.4343434343434,-67.6767676767677,1465.6505965587
45.4545454545455,-67.6767676767677,1805.21150138695
47.4747474747475,-67.6767676767677,2159.01565195881
49.4949494949495,-67.6767676767677,2541.3652951511
51.5151515151515,-67.6767676767677,2962.35200918295
53.5353535353536,-67.6767676767677,3412.7833160001
55.5555555555556,-67.6767676767677,3889.43090945713
57.5757575757576,-67.6767676767677,4396.46777708405
59.5959595959596,-67.6767676767677,4931.69226378409
61.6161616161616,-67.6767676767677,5520.10769137375
63.6363636363637,-67.6767676767677,6143.72222806547
65.6565656565657,-67.6767676767677,6806.86732948557
67.6767676767677,-67.6767676767677,7489.42843920286
69.6969696969697,-67.6767676767677,8191.86490093862
71.7171717171717,-67.6767676767677,8915.70570172291
73.7373737373738,-67.6767676767677,9651.53097322817
75.7575757575758,-67.6767676767677,10410.0651965435
77.7777777777778,-67.6767676767677,11215.6722323096
79.7979797979798,-67.6767676767677,12055.3326174072
81.8181818181818,-67.6767676767677,12933.9329773127
83.8383838383839,-67.6767676767677,13861.8544229419
85.8585858585859,-67.6767676767677,14837.4661830554
87.8787878787879,-67.6767676767677,15835.0141566462
89.8989898989899,-67.6767676767677,16864.4388844738
91.919191919192,-67.6767676767677,17926.4203490511
93.9393939393939,-67.6767676767677,19010.2380375751
95.959595959596,-67.6767676767677,20121.2757076355
97.979797979798,-67.6767676767677,21263.7579631791
100,-67.6767676767677,22448.2278609013
-100,-65.6565656565656,40206.6376516977
-97.979797979798,-65.6565656565656,39154.9920864205
-95.959595959596,-65.6565656565656,38126.9594552004
-93.9393939393939,-65.6565656565656,37134.3232617321
-91.9191919191919,-65.6565656565656,36153.102744363
-89.8989898989899,-65.6565656565656,35184.1041489369
-87.8787878787879,-65.6565656565656,34233.2935560563
-85.8585858585859,-65.6565656565656,33291.8873681066
-83.8383838383838,-65.6565656565656,32360.8834649582
-81.8181818181818,-65.6565656565656,31460.9752922703
-79.7979797979798,-65.6565656565656,30595.5586163853
-77.7777777777778,-65.6565656565656,29761.3349954822
-75.7575757575758,-65.6565656565656,28952.7646400199
-73.7373737373737,-65.6565656565656,28146.6816706842
-71.7171717171717,-65.6565656565656,27354.3157548735
-69.6969696969697,-65.6565656565656,26582.3822373192
-67.6767676767677,-65.6565656565656,25829.4812273506
-65.6565656565656,-65.6565656565656,25085.022983809
-63.6363636363636,-65.6565656565656,24342.231741626
-61.6161616161616,-65.6565656565656,23589.3053049685
-59.5959595959596,-65.6565656565656,22811.5211759261
-57.5757575757576,-65.6565656565656,22029.9584370372
-55.5555555555556,-65.6565656565656,21257.9964102809
-53.5353535353535,-65.6565656565656,20445.9012379728
-51.5151515151515,-65.6565656565656,19615.768130228
-49.4949494949495,-65.6565656565656,18808.0277290664
-47.4747474747475,-65.6565656565656,18011.8012448099
-45.4545454545455,-65.6565656565656,17228.2965013319
-43.4343434343434,-65.6565656565656,16473.89210955
-41.4141414141414,-65.6565656565656,15733.5037637298
-39.3939393939394,-65.6565656565656,15000.0893756303
-37.3737373737374,-65.6565656565656,14266.491565729
-35.3535353535353,-65.6565656565656,13531.8205134751
-33.3333333333333,-65.6565656565656,12811.6274321643
-31.3131313131313,-65.6565656565656,12106.3283164816
-29.2929292929293,-65.6565656565656,11398.3412105806
-27.2727272727273,-65.6565656565656,10707.7128846453
-25.2525252525252,-65.6565656565656,10025.8586798552
-23.2323232323232,-65.6565656565656,9352.31305486952
-21.2121212121212,-65.6565656565656,8690.16322068007
-19.1919191919192,-65.6565656565656,8036.45632612791
-17.1717171717172,-65.6565656565656,7418.80067345948
-15.1515151515151,-65.6565656565656,6823.59137317669
-13.1313131313131,-65.6565656565656,6240.63692913624
-11.1111111111111,-65.6565656565656,5679.94017560477
-9.09090909090908,-65.6565656565656,5138.57896216897
-7.07070707070706,-65.6565656565656,4623.23926786548
-5.05050505050504,-65.6565656565656,4094.92175364632
-3.03030303030303,-65.6565656565656,3578.00455872866
-1.01010101010101,-65.6565656565656,3083.01461342768
1.01010101010101,-65.6565656565656,2773.06041297627
3.03030303030303,-65.6565656565656,2349.69945348005
5.05050505050505,-65.6565656565656,1961.60730303916
7.07070707070707,-65.6565656565656,1601.39075590944
9.09090909090909,-65.6565656565656,1271.9335819266
11.1111111111111,-65.6565656565656,975.921554644707
13.1313131313131,-65.6565656565656,719.722959563123
15.1515151515152,-65.6565656565656,500.446589959732
17.1717171717172,-65.6565656565656,317.357966612645
19.1919191919192,-65.6565656565656,180.199518866509
21.2121212121212,-65.6565656565656,79.2120804567525
23.2323232323232,-65.6565656565656,19.8447679965958
25.2525252525253,-65.6565656565656,0.000204106815563913
27.2727272727273,-65.6565656565656,21.1861315691363
29.2929292929293,-65.6565656565656,85.438057220457
31.3131313131313,-65.6565656565656,190.854609807179
33.3333333333333,-65.6565656565656,334.017546620791
35.3535353535354,-65.6565656565656,514.665755753975
37.3737373737374,-65.6565656565656,733.441739343493
39.3939393939394,-65.6565656565656,982.933808882226
41.4141414141414,-65.6565656565656,1269.19084299305
43.4343434343434,-65.6565656565656,1589.48412066965
45.4545454545455,-65.6565656565656,1927.70377295853
47.4747474747475,-65.6565656565656,2289.63832964687
49.4949494949495,-65.6565656565656,2687.50377939636
51.5151515151515,-65.6565656565656,3120.49725414001
53.5353535353536,-65.6565656565656,3577.07097138243
55.5555555555556,-65.6565656565656,4064.00936913477
57.5757575757576,-65.6565656565656,4579.5388189526
59.5959595959596,-65.6565656565656,5144.2897699494
61.6161616161616,-65.6565656565656,5746.90052687345
63.6363636363637,-65.6565656565656,6388.77614159816
65.6565656565657,-65.6565656565656,7050.721995046
67.6767676767677,-65.6565656565656,7732.56833146763
69.6969696969697,-65.6565656565656,8435.47114781066
71.7171717171717,-65.6565656565656,9150.29679127312
73.7373737373738,-65.6565656565656,9889.58167735854
75.7575757575758,-65.6565656565656,10677.7394847391
77.7777777777778,-65.6565656565656,11498.7078395344
79.7979797979798,-65.6565656565656,12357.8141287799
81.8181818181818,-65.6565656565656,13270.7376236223
83.8383838383839,-65.6565656565656,14224.8632572469
85.8585858585859,-65.6565656565656,15201.410835702
87.8787878787879,-65.6565656565656,16210.3752904303
89.8989898989899,-65.6565656565656,17248.9308433102
91.919191919192,-65.6565656565656,18310.4913554671
93.9393939393939,-65.6565656565656,19399.8476113449
95.959595959596,-65.6565656565656,20525.2040931731
97.979797979798,-65.6565656565656,21689.1089424265
100,-65.6565656565656,22880.4107955906
-100,-63.6363636363636,39325.2749950698
-97.979797979798,-63.6363636363636,38294.0210748775
-95.959595959596,-63.6363636363636,37261.8463831573
-93.9393939393939,-63.6363636363636,36256.1025721341
-91.9191919191919,-63.6363636363636,35277.1455813092
-89.8989898989899,-63.6363636363636,34323.9335997659
-87.8787878787879,-63.6363636363636,33379.7120798745
-85.8585858585859,-63.6363636363636,32452.0570955133
-83.8383838383838,-63.6363636363636,31537.848571947
-81.8181818181818,-63.6363636363636,30630.0091393765
-79.7979797979798,-63.6363636363636,29749.8695136404
-77.7777777777778,-63.6363636363636,28902.9411533229
-75.7575757575758,-63.6363636363636,28086.3398812268
-73.7373737373737,-63.6363636363636,27302.8318463741
-71.7171717171717,-63.6363636363636,26520.6557684958
-69.6969696969697,-63.6363636363636,25751.6590170355
-67.6767676767677,-63.6363636363636,25001.5511724521
-65.6565656565656,-63.6363636363636,24271.4438893485
-63.6363636363636,-63.6363636363636,23550.1230629894
-61.6161616161616,-63.6363636363636,22830.6857159385
-59.5959595959596,-63.6363636363636,22099.419694003
-57.5757575757576,-63.6363636363636,21345.1266307452
-55.5555555555556,-63.6363636363636,20588.5098399395
-53.5353535353535,-63.6363636363636,19840.1379952358
-51.5151515151515,-63.6363636363636,19043.0772942334
-49.4949494949495,-63.6363636363636,18243.317030081
-47.4747474747475,-63.6363636363636,17465.9757813981
-45.4545454545455,-63.6363636363636,16695.844531153
-43.4343434343434,-63.6363636363636,15946.7321294731
-41.4141414141414,-63.6363636363636,15218.9787992756
-39.3939393939394,-63.6363636363636,14506.4039717381
-37.3737373737374,-63.6363636363636,13793.5444415239
-35.3535353535353,-63.6363636363636,13084.1255982711
-33.3333333333333,-63.6363636363636,12375.460486576
-31.3131313131313,-63.6363636363636,11688.7930489257
-29.2929292929293,-63.6363636363636,11001.5563498828
-27.2727272727273,-63.6363636363636,10323.8523694121
-25.2525252525252,-63.6363636363636,9661.28693631759
-23.2323232323232,-63.6363636363636,9007.6594192411
-21.2121212121212,-63.6363636363636,8358.84060887425
-19.1919191919192,-63.6363636363636,7721.76998439018
-17.1717171717172,-63.6363636363636,7113.87048457219
-15.1515151515151,-63.6363636363636,6532.98328204531
-13.1313131313131,-63.6363636363636,5966.87508138882
-11.1111111111111,-63.6363636363636,5418.7105256974
-9.09090909090908,-63.6363636363636,4890.92608297819
-7.07070707070706,-63.6363636363636,4389.07645345315
-5.05050505050504,-63.6363636363636,3879.2988941993
-3.03030303030303,-63.6363636363636,3377.41886634341
-1.01010101010101,-63.6363636363636,2897.2282814206
1.01010101010101,-63.6363636363636,2597.07362030072
3.03030303030303,-63.6363636363636,2188.02718508135
5.05050505050505,-63.6363636363636,1814.17984728443
7.07070707070707,-63.6363636363636,1467.12962997051
9.09090909090909,-63.6363636363636,1152.55806307221
11.1111111111111,-63.6363636363636,871.199420740809
13.1313131313131,-63.6363636363636,630.795354774415
15.1515151515152,-63.6363636363636,425.15159336881
17.1717171717172,-63.6363636363636,259.061342610773
19.1919191919192,-63.6363636363636,136.855630112267
21.2121212121212,-63.6363636363636,51.4427944408255
23.2323232323232,-63.6363636363636,7.50644358615213
25.2525252525253,-63.6363636363636,3.09328711640863
27.2727272727273,-63.6363636363636,41.3678233909918
29.2929292929293,-63.6363636363636,121.406236545404
31.3131313131313,-63.6363636363636,241.997170530526
33.3333333333333,-63.6363636363636,398.376400794501
35.3535353535354,-63.6363636363636,594.11296483653
37.3737373737374,-63.6363636363636,823.403611921179
39.3939393939394,-63.6363636363636,1086.97664956412
41.4141414141414,-63.6363636363636,1386.0963736204
43.4343434343434,-63.6363636363636,1709.05262493489
45.4545454545455,-63.6363636363636,2051.82650068906
47.4747474747475,-63.6363636363636,2427.26822866228
49.4949494949495,-63.6363636363636,2841.61532550303
51.5151515151515,-63.6363636363636,3277.71308738111
53.5353535353536,-63.6363636363636,3744.62245129644
55.5555555555556,-63.6363636363636,4240.58234529165
57.5757575757576,-63.6363636363636,4781.72311246816
59.5959595959596,-63.6363636363636,5363.29645617267
61.6161616161616,-63.6363636363636,5983.99175172219
63.6363636363637,-63.6363636363636,6625.25524654432
65.6565656565657,-63.6363636363636,7286.52948211948
67.6767676767677,-63.6363636363636,7968.49943075841
69.6969696969697,-63.6363636363636,8662.51533718602
71.7171717171717,-63.6363636363636,9384.01084482638
73.7373737373738,-63.6363636363636,10153.0198757487
75.7575757575758,-63.6363636363636,10955.6270514169
77.7777777777778,-63.6363636363636,11798.1216554777
79.7979797979798,-63.6363636363636,12693.9824392897
81.8181818181818,-63.6363636363636,13624.7063545147
83.8383838383839,-63.6363636363636,14580.7566640127
85.8585858585859,-63.6363636363636,15569.3119836715
87.8787878787879,-63.6363636363636,16583.2375604862
89.8989898989899,-63.6363636363636,17622.6949351835
91.919191919192,-63.6363636363636,18692.5451981275
93.9393939393939,-63.6363636363636,19803.5947259367
95.959595959596,-63.6363636363636,20943.0868384969
97.979797979798,-63.6363636363636,22113.9884940882
100,-63.6363636363636,23310.8106271235
-100,-61.6161616161616,38460.6997842348
-97.979797979798,-61.6161616161616,37430.4341429823
-95.959595959596,-61.6161616161616,36417.9700949073
-93.9393939393939,-61.6161616161616,35420.2204153545
-91.9191919191919,-61.6161616161616,34433.2483096804
-89.8989898989899,-61.6161616161616,33469.8466108485
-87.8787878787879,-61.6161616161616,32542.0432276614
-85.8585858585859,-61.6161616161616,31622.9663250798
-83.8383838383838,-61.6161616161616,30718.3757478707
-81.8181818181818,-61.6161616161616,29830.364024206
-79.7979797979798,-61.6161616161616,28949.0883094488
-77.7777777777778,-61.6161616161616,28087.9100346258
-75.7575757575758,-61.6161616161616,27259.2257997712
-73.7373737373737,-61.6161616161616,26462.5355767967
-71.7171717171717,-61.6161616161616,25701.3055989589
-69.6969696969697,-61.6161616161616,24942.9665429612
-67.6767676767677,-61.6161616161616,24197.3790147251
-65.6565656565656,-61.6161616161616,23469.2100514137
-63.6363636363636,-61.6161616161616,22761.8930991018
-61.6161616161616,-61.6161616161616,22063.6667872541
-59.5959595959596,-61.6161616161616,21367.5816319028
-57.5757575757576,-61.6161616161616,20658.1226298255
-55.5555555555556,-61.6161616161616,19927.3050412562
-53.5353535353535,-61.6161616161616,19195.8788347896
-51.5151515151515,-61.6161616161616,18465.9339388203
-49.4949494949495,-61.6161616161616,17690.3431011637
-47.4747474747475,-61.6161616161616,16920.6596059054
-45.4545454545455,-61.6161616161616,16172.3089562223
-43.4343434343434,-61.6161616161616,15426.3666116471
-41.4141414141414,-61.6161616161616,14713.6126385184
-39.3939393939394,-61.6161616161616,14014.0401550653
-37.3737373737374,-61.6161616161616,13326.3603487717
-35.3535353535353,-61.6161616161616,12636.7581567367
-33.3333333333333,-61.6161616161616,11948.6118562109
-31.3131313131313,-61.6161616161616,11272.1653938919
-29.2929292929293,-61.6161616161616,10610.651564444
-27.2727272727273,-61.6161616161616,9947.0365666891
-25.2525252525252,-61.6161616161616,9303.12408591229
-23.2323232323232,-61.6161616161616,8665.45168932261
-21.2121212121212,-61.6161616161616,8033.65922684416
-19.1919191919192,-61.6161616161616,7414.80843703854
-17.1717171717172,-61.6161616161616,6816.1642866726
-15.1515151515151,-61.6161616161616,6248.8219293057
-13.1313131313131,-61.6161616161616,5698.32257554126
-11.1111111111111,-61.6161616161616,5162.87157562148
-9.09090909090908,-61.6161616161616,4649.39240959951
-7.07070707070706,-61.6161616161616,4160.74782216434
-5.05050505050504,-61.6161616161616,3669.37952352273
-3.03030303030303,-61.6161616161616,3182.62030833923
-1.01010101010101,-61.6161616161616,2717.21391539209
1.01010101010101,-61.6161616161616,2426.85834086514
3.03030303030303,-61.6161616161616,2032.11619391069
5.05050505050505,-61.6161616161616,1672.45917030131
7.07070707070707,-61.6161616161616,1338.74331474904
9.09090909090909,-61.6161616161616,1038.39588292317
11.1111111111111,-61.6161616161616,772.520622956945
13.1313131313131,-61.6161616161616,547.220249820307
15.1515151515152,-61.6161616161616,355.879039408614
17.1717171717172,-61.6161616161616,207.061624157472
19.1919191919192,-61.6161616161616,98.5278535441884
21.2121212121212,-61.6161616161616,29.5680703994325
23.2323232323232,-61.6161616161616,1.00743164985085
25.2525252525253,-61.6161616161616,12.7094602955822
27.2727272727273,-61.6161616161616,67.5109245883979
29.2929292929293,-61.6161616161616,163.512703748578
31.3131313131313,-61.6161616161616,297.521013758589
33.3333333333333,-61.6161616161616,469.104079083806
35.3535353535354,-61.6161616161616,677.967370069115
37.3737373737374,-61.6161616161616,918.711043450662
39.3939393939394,-61.6161616161616,1195.66223029271
41.4141414141414,-61.6161616161616,1503.49386852691
43.4343434343434,-61.6161616161616,1827.19942774193
45.4545454545455,-61.6161616161616,2181.09414658345
47.4747474747475,-61.6161616161616,2574.78614643834
49.4949494949495,-61.6161616161616,2991.17318457722
51.5151515151515,-61.6161616161616,3437.6607657473
53.5353535353536,-61.6161616161616,3914.78659207682
55.5555555555556,-61.6161616161616,4432.4510481816
57.5757575757576,-61.6161616161616,4992.93679954851
59.5959595959596,-61.6161616161616,5592.45373244688
61.6161616161616,-61.6161616161616,6213.02097726031
63.6363636363637,-61.6161616161616,6853.72617098757
65.6565656565657,-61.6161616161616,7514.16497091853
67.6767676767677,-61.6161616161616,8188.09505038949
69.6969696969697,-61.6161616161616,8892.14291167009
71.7171717171717,-61.6161616161616,9641.7655886045
73.7373737373738,-61.6161616161616,10425.6909326704
75.7575757575758,-61.6161616161616,11253.1810674399
77.7777777777778,-61.6161616161616,12131.6536983906
79.7979797979798,-61.6161616161616,13037.4581723234
81.8181818181818,-61.6161616161616,13973.0490229443
83.8383838383839,-61.6161616161616,14940.5026864368
85.8585858585859,-61.6161616161616,15930.6092873214
87.8787878787879,-61.6161616161616,16948.0648188791
89.8989898989899,-61.6161616161616,18000.0312474684
91.919191919192,-61.6161616161616,19091.0103370789
93.9393939393939,-61.6161616161616,20209.7516313281
95.959595959596,-61.6161616161616,21358.0977535384
97.979797979798,-61.6161616161616,22529.9600257668
100,-61.6161616161616,23731.3831790147
-100,-59.5959595959596,37605.7048568228
-97.979797979798,-59.5959595959596,36588.1015696542
-95.959595959596,-59.5959595959596,35583.0166688029
-93.9393939393939,-59.5959595959596,34593.201096793
-91.9191919191919,-59.5959595959596,33626.2389777753
-89.8989898989899,-59.5959595959596,32659.3653303419
-87.8787878787879,-59.5959595959596,31718.2909036852
-85.8585858585859,-59.5959595959596,30804.9199376998
-83.8383838383838,-59.5959595959596,29913.7277167644
-81.8181818181818,-59.5959595959596,29032.6993810959
-79.7979797979798,-59.5959595959596,28169.2087297635
-77.7777777777778,-59.5959595959596,27315.6213594956
-75.7575757575758,-59.5959595959596,26474.5805544929
-73.7373737373737,-59.5959595959596,25666.1114829963
-71.7171717171717,-59.5959595959596,24889.2938418544
-69.6969696969697,-59.5959595959596,24148.2044167356
-67.6767676767677,-59.5959595959596,23413.9678213428
-65.6565656565656,-59.5959595959596,22691.4849420899
-63.6363636363636,-59.5959595959596,21985.3014200052
-61.6161616161616,-59.5959595959596,21300.7865174648
-59.5959595959596,-59.5959595959596,20625.6462922138
-57.5757575757576,-59.5959595959596,19952.9285616261
-55.5555555555556,-59.5959595959596,19265.4107791987
-53.5353535353535,-59.5959595959596,18558.2122173815
-51.5151515151515,-59.5959595959596,17851.9539818794
-49.4949494949495,-59.5959595959596,17139.6140308383
-47.4747474747475,-59.5959595959596,16387.6482559215
-45.4545454545455,-59.5959595959596,15648.537534681
-43.4343434343434,-59.5959595959596,14925.59197307
-41.4141414141414,-59.5959595959596,14212.0239912094
-39.3939393939394,-59.5959595959596,13527.9157967619
-37.3737373737374,-59.5959595959596,12857.4161951155
-35.3535353535353,-59.5959595959596,12191.510845785
-33.3333333333333,-59.5959595959596,11527.5832042131
-31.3131313131313,-59.5959595959596,10863.3127897059
-29.2929292929293,-59.5959595959596,10220.2884382759
-27.2727272727273,-59.5959595959596,9577.44999539162
-25.2525252525252,-59.5959595959596,8945.59149670152
-23.2323232323232,-59.5959595959596,8326.67779244163
-21.2121212121212,-59.5959595959596,7715.86469267676
-19.1919191919192,-59.5959595959596,7115.01465908413
-17.1717171717172,-59.5959595959596,6525.19225595329
-15.1515151515151,-59.5959595959596,5970.79245638355
-13.1313131313131,-59.5959595959596,5435.55629759296
-11.1111111111111,-59.5959595959596,4912.9838431667
-9.09090909090908,-59.5959595959596,4414.07907846383
-7.07070707070706,-59.5959595959596,3938.20912180632
-5.05050505050504,-59.5959595959596,3465.0433354279
-3.03030303030303,-59.5959595959596,2993.60584589242
-1.01010101010101,-59.5959595959596,2542.97009306688
1.01010101010101,-59.5959595959596,2262.40777053406
3.03030303030303,-59.5959595959596,1881.91029222925
5.05050505050505,-59.5959595959596,1536.64222482415
7.07070707070707,-59.5959595959596,1215.61708391397
9.09090909090909,-59.5959595959596,930.013767303727
11.1111111111111,-59.5959595959596,679.6509980536
13.1313131313131,-59.5959595959596,468.995929766055
15.1515151515152,-59.5959595959596,292.609425152127
17.1717171717172,-59.5959595959596,160.730848010912
19.1919191919192,-59.5959595959596,66.7328276297402
21.2121212121212,-59.5959595959596,13.8917638373987
23.2323232323232,-59.5959595959596,0.524843396636427
25.2525252525253,-59.5959595959596,29.0281090228774
27.2727272727273,-59.5959595959596,99.7969332516138
29.2929292929293,-59.5959595959596,211.117152107293
31.3131313131313,-59.5959595959596,358.503617053171
33.3333333333333,-59.5959595959596,545.192279833261
35.3535353535354,-59.5959595959596,764.160687305608
37.3737373737374,-59.5959595959596,1018.68897492456
39.3939393939394,-59.5959595959596,1307.72816121479
41.4141414141414,-59.5959595959596,1615.34630331751
43.4343434343434,-59.5959595959596,1948.07680051654
45.4545454545455,-59.5959595959596,2319.09670518312
47.4747474747475,-59.5959595959596,2717.73617781554
49.4949494949495,-59.5959595959596,3144.44154511931
51.5151515151515,-59.5959595959596,3601.66680097355
53.5353535353536,-59.5959595959596,4096.4583921783
55.5555555555556,-59.5959595959596,4635.77735469025
57.5757575757576,-59.5959595959596,5214.16208377222
59.5959595959596,-59.5959595959596,5814.03850954575
61.6161616161616,-59.5959595959596,6434.18294934668
63.6363636363637,-59.5959595959596,7073.13875102113
65.6565656565657,-59.5959595959596,7727.03044736606
67.6767676767677,-59.5959595959596,8413.9629497531
69.6969696969697,-59.5959595959596,9143.63487189744
71.7171717171717,-59.5959595959596,9908.81383778332
73.7373737373738,-59.5959595959596,10721.252834931
75.7575757575758,-59.5959595959596,11580.4317333615
77.7777777777778,-59.5959595959596,12463.1494159077
79.7979797979798,-59.5959595959596,13378.2748596956
81.8181818181818,-59.5959595959596,14321.9171368717
83.8383838383839,-59.5959595959596,15289.7047209207
85.8585858585859,-59.5959595959596,16287.1073113264
87.8787878787879,-59.5959595959596,17324.6774430199
89.8989898989899,-59.5959595959596,18391.4780966112
91.919191919192,-59.5959595959596,19489.3745756867
93.9393939393939,-59.5959595959596,20612.5866240308
95.959595959596,-59.5959595959596,21762.4383919265
97.979797979798,-59.5959595959596,22943.9133111562
100,-59.5959595959596,24163.2769154396
-100,-57.5757575757576,36747.9580748591
-97.979797979798,-57.5757575757576,35754.8818827662
-95.959595959596,-57.5757575757576,34761.432944628
-93.9393939393939,-57.5757575757576,33783.0687950795
-91.9191919191919,-57.5757575757576,32817.4702723317
-89.8989898989899,-57.5757575757576,31868.7703202162
-87.8787878787879,-57.5757575757576,30937.0390736187
-85.8585858585859,-57.5757575757576,30014.7424735618
-83.8383838383838,-57.5757575757576,29116.3164596829
-81.8181818181818,-57.5757575757576,28252.0508949964
-79.7979797979798,-57.5757575757576,27395.9469424166
-77.7777777777778,-57.5757575757576,26555.6151794927
-75.7575757575758,-57.5757575757576,25729.2197901333
-73.7373737373737,-57.5757575757576,24910.3379032477
-71.7171717171717,-57.5757575757576,24120.8867963983
-69.6969696969697,-57.5757575757576,23365.0037829547
-67.6767676767677,-57.5757575757576,22643.1908174463
-65.6565656565656,-57.5757575757576,21933.7424329591
-63.6363636363636,-57.5757575757576,21233.9403227221
-61.6161616161616,-57.5757575757576,20549.8450304833
-59.5959595959596,-57.5757575757576,19888.1560733919
-57.5757575757576,-57.5757575757576,19236.0972412901
-55.5555555555556,-57.5757575757576,18586.6886095152
-53.5353535353535,-57.5757575757576,17921.3181792541
-51.5151515151515,-57.5757575757576,17237.9634511572
-49.4949494949495,-57.5757575757576,16556.7848051179
-47.4747474747475,-57.5757575757576,15862.2867025973
-45.4545454545455,-57.5757575757576,15135.375897087
-43.4343434343434,-57.5757575757576,14426.5823303672
-41.4141414141414,-57.5757575757576,13729.9023184352
-39.3939393939394,-57.5757575757576,13050.485661851
-37.3737373737374,-57.5757575757576,12393.4346722126
-35.3535353535353,-57.5757575757576,11750.2920500473
-33.3333333333333,-57.5757575757576,11105.6349428049
-31.3131313131313,-57.5757575757576,10463.9385570165
-29.2929292929293,-57.5757575757576,9831.20664145069
-27.2727272727273,-57.5757575757576,9213.38222165313
-25.2525252525252,-57.5757575757576,8595.05877331614
-23.2323232323232,-57.5757575757576,7994.70239684668
-21.2121212121212,-57.5757575757576,7402.26971597917
-19.1919191919192,-57.5757575757576,6816.00051799668
-17.1717171717172,-57.5757575757576,6241.60370481178
-15.1515151515151,-57.5757575757576,5697.93441079514
-13.1313131313131,-57.5757575757576,5177.74056587177
-11.1111111111111,-57.5757575757576,4669.34553221192
-9.09090909090908,-57.5757575757576,4184.93540247157
-7.07070707070706,-57.5757575757576,3721.78497618973
-5.05050505050504,-57.5757575757576,3266.50621144808
-3.03030303030303,-57.5757575757576,2810.37887037784
-1.01010101010101,-57.5757575757576,2374.50340677603
1.01010101010101,-57.5757575757576,2103.72863569827
3.03030303030303,-57.5757575757576,1737.43937957882
5.05050505050505,-57.5757575757576,1406.40399565252
7.07070707070707,-57.5757575757576,1099.04558149177
9.09090909090909,-57.5757575757576,827.60059981469
11.1111111111111,-57.5757575757576,592.785932788962
13.1313131313131,-57.5757575757576,396.081002463217
15.1515151515152,-57.5757575757576,235.800728823686
17.1717171717172,-57.5757575757576,120.169643361407
19.1919191919192,-57.5757575757576,41.4759402070627
21.2121212121212,-57.5757575757576,4.01739225995486
23.2323232323232,-57.5757575757576,6.40052246894977
25.2525252525253,-57.5757575757576,51.689004754691
27.2727272727273,-57.5757575757576,138.283430700368
29.2929292929293,-57.5757575757576,263.135127252217
31.3131313131313,-57.5757575757576,425.662306329894
33.3333333333333,-57.5757575757576,624.45104468836
35.3535353535354,-57.5757575757576,856.421492599241
37.3737373737374,-57.5757575757576,1123.86070013159
39.3939393939394,-57.5757575757576,1415.7608353728
41.4141414141414,-57.5757575757576,1728.60876057726
43.4343434343434,-57.5757575757576,2076.68493666894
45.4545454545455,-57.5757575757576,2457.5682780133
47.4747474747475,-57.5757575757576,2864.24335619236
49.4949494949495,-57.5757575757576,3301.37565157225
51.5151515151515,-57.5757575757576,3773.7029412048
53.5353535353536,-57.5757575757576,4292.14054971971
55.5555555555556,-57.5757575757576,4849.11468058857
57.5757575757576,-57.5757575757576,5428.28755386653
59.5959595959596,-57.5757575757576,6027.88821245132
61.6161616161616,-57.5757575757576,6645.44688736771
63.6363636363637,-57.5757575757576,7279.32969423616
65.6565656565657,-57.5757575757576,7949.0142867677
67.6767676767677,-57.5757575757576,8658.42997348665
69.6969696969697,-57.5757575757576,9405.0713010662
71.7171717171717,-57.5757575757576,10202.1734258682
73.7373737373738,-57.5757575757576,11039.5595513876
75.7575757575758,-57.5757575757576,11901.7748584446
77.7777777777778,-57.5757575757576,12796.4791691783
79.7979797979798,-57.5757575757576,13715.8769417018
81.8181818181818,-57.5757575757576,14661.7587726145
83.8383838383839,-57.5757575757576,15640.5933745564
85.8585858585859,-57.5757575757576,16658.6007831
87.8787878787879,-57.5757575757576,17704.8886004551
89.8989898989899,-57.5757575757576,18779.778633265
91.919191919192,-57.5757575757576,19878.7181539287
93.9393939393939,-57.5757575757576,21008.1868063253
95.959595959596,-57.5757575757576,22172.947186589
97.979797979798,-57.5757575757576,23370.6242187748
100,-57.5757575757576,24596.6195738914
-100,-55.5555555555556,35906.9011046926
-97.979797979798,-55.5555555555556,34908.5051467834
-95.959595959596,-55.5555555555556,33940.9100403786
-93.9393939393939,-55.5555555555556,32982.1030992464
-91.9191919191919,-55.5555555555556,32029.0319214477
-89.8989898989899,-55.5555555555556,31089.5462062039
-87.8787878787879,-55.5555555555556,30164.3577140744
-85.8585858585859,-55.5555555555556,29260.1336575887
-83.8383838383838,-55.5555555555556,28360.1351823258
-81.8181818181818,-55.5555555555556,27483.7309680217
-79.7979797979798,-55.5555555555556,26635.7426362372
-77.7777777777778,-55.5555555555556,25806.6551328238
-75.7575757575758,-55.5555555555556,24989.6145518197
-73.7373737373737,-55.5555555555556,24189.2857770789
-71.7171717171717,-55.5555555555556,23396.1236868828
-69.6969696969697,-55.5555555555556,22625.6153652029
-67.6767676767677,-55.5555555555556,21888.8941283268
-65.6565656565656,-55.5555555555556,21184.9273225029
-63.6363636363636,-55.5555555555556,20501.6503294478
-61.6161616161616,-55.5555555555556,19824.7908271754
-59.5959595959596,-55.5555555555556,19162.8540071321
-57.5757575757576,-55.5555555555556,18524.0128754689
-55.5555555555556,-55.5555555555556,17895.0096671617
-53.5353535353535,-55.5555555555556,17268.9014735686
-51.5151515151515,-55.5555555555556,16625.4057942312
-49.4949494949495,-55.5555555555556,15965.6597586354
-47.4747474747475,-55.5555555555556,15310.3802129683
-45.4545454545455,-55.5555555555556,14633.3716630022
-43.4343434343434,-55.5555555555556,13932.8632990869
-41.4141414141414,-55.5555555555556,13254.2835011888
-39.3939393939394,-55.5555555555556,12582.8390066992
-37.3737373737374,-55.5555555555556,11937.4559845816
-35.3535353535353,-55.5555555555556,11307.9154127446
-33.3333333333333,-55.5555555555556,10688.0797522036
-31.3131313131313,-55.5555555555556,10069.1342798785
-29.2929292929293,-55.5555555555556,9449.70946468506
-27.2727272727273,-55.5555555555556,8850.31578353439
-25.2525252525252,-55.5555555555556,8252.01970908046
-23.2323232323232,-55.5555555555556,7666.04214215325
-21.2121212121212,-55.5555555555556,7091.21832785034
-19.1919191919192,-55.5555555555556,6522.70883438853
-17.1717171717172,-55.5555555555556,5965.58921781613
-15.1515151515151,-55.5555555555556,5431.30135805052
-13.1313131313131,-55.5555555555556,4925.13906740396
-11.1111111111111,-55.5555555555556,4432.92996950614
-9.09090909090908,-55.5555555555556,3961.69822514624
-7.07070707070706,-55.5555555555556,3511.47686169088
-5.05050505050504,-55.5555555555556,3073.76035797609
-3.03030303030303,-55.5555555555556,2632.93570275201
-1.01010101010101,-55.5555555555556,2211.8059326509
1.01010101010101,-55.5555555555556,1950.81763147104
3.03030303030303,-55.5555555555556,1598.63714308657
5.05050505050505,-55.5555555555556,1281.41468641075
7.07070707070707,-55.5555555555556,988.49084157881
9.09090909090909,-55.5555555555556,731.154581541493
11.1111111111111,-55.5555555555556,511.914487424453
13.1313131313131,-55.5555555555556,329.433943423298
15.1515151515152,-55.5555555555556,186.048983840609
17.1717171717172,-55.5555555555556,84.6003076907706
19.1919191919192,-55.5555555555556,22.1844009190655
21.2121212121212,-55.5555555555556,0.0760287432326958
23.2323232323232,-55.5555555555556,18.8754435388619
25.2525252525253,-55.5555555555556,80.303683026395
27.2727272727273,-55.5555555555556,182.34410086875
29.2929292929293,-55.5555555555556,320.749956996568
31.3131313131313,-55.5555555555556,498.148799477647
33.3333333333333,-55.5555555555556,707.492292272294
35.3535353535354,-55.5555555555556,953.075483216961
37.3737373737374,-55.5555555555556,1229.3050118462
39.3939393939394,-55.5555555555556,1523.05130972217
41.4141414141414,-55.5555555555556,1848.36976440252
43.4343434343434,-55.5555555555556,2210.52737698956
45.4545454545455,-55.5555555555556,2597.1193136167
47.4747474747475,-55.5555555555556,3014.1558302731
49.4949494949495,-55.5555555555556,3464.26156350952
51.5151515151515,-55.5555555555556,3961.96289934872
53.5353535353536,-55.5555555555556,4497.31585165389
55.5555555555556,-55.5555555555556,5055.77978428276
57.5757575757576,-55.5555555555556,5634.84322353448
59.5959595959596,-55.5555555555556,6231.09443432732
61.6161616161616,-55.5555555555556,6844.98991121163
63.6363636363637,-55.5555555555556,7497.2743713736
65.6565656565657,-55.5555555555556,8187.4295478446
67.6767676767677,-55.5555555555556,8916.57595459966
69.6969696969697,-55.5555555555556,9697.78419740208
71.7171717171717,-55.5555555555556,10511.6080666463
73.7373737373738,-55.5555555555556,11353.3394939186
75.7575757575758,-55.5555555555556,12226.1050893343
77.7777777777778,-55.5555555555556,13122.2929111751
79.7979797979798,-55.5555555555556,14047.2868832409
81.8181818181818,-55.5555555555556,15011.445672219
83.8383838383839,-55.5555555555556,16005.553540048
85.8585858585859,-55.5555555555556,17030.4120510118
87.8787878787879,-55.5555555555556,18080.2635806109
89.8989898989899,-55.5555555555556,19158.1557060766
91.919191919192,-55.5555555555556,20268.4842460844
93.9393939393939,-55.5555555555556,21415.8576052553
95.959595959596,-55.5555555555556,22590.5114833339
97.979797979798,-55.5555555555556,23788.7634378605
100,-55.5555555555556,25015.2658269469
-100,-53.5353535353535,35095.8048591196
-97.979797979798,-53.5353535353535,34105.4423264407
-95.959595959596,-53.5353535353535,33127.6597714491
-93.9393939393939,-53.5353535353535,32172.7352068289
-91.9191919191919,-53.5353535353535,31245.3681915586
-89.8989898989899,-53.5353535353535,30321.4706386302
-87.8787878787879,-53.5353535353535,29408.4341939738
-85.8585858585859,-53.5353535353535,28507.9073980536
-83.8383838383838,-53.5353535353535,27623.2703039187
-81.8181818181818,-53.5353535353535,26757.0786506662
-79.7979797979798,-53.5353535353535,25899.527798994
-77.7777777777778,-53.5353535353535,25067.0409365203
-75.7575757575758,-53.5353535353535,24264.9450273977
-73.7373737373737,-53.5353535353535,23472.0573287102
-71.7171717171717,-53.5353535353535,22695.7880076226
-69.6969696969697,-53.5353535353535,21930.0500204607
-67.6767676767677,-53.5353535353535,21179.3887018691
-65.6565656565656,-53.5353535353535,20461.1682500463
-63.6363636363636,-53.5353535353535,19775.2099583812
-61.6161616161616,-53.5353535353535,19117.5472032459
-59.5959595959596,-53.5353535353535,18464.0388011659
-57.5757575757576,-53.5353535353535,17824.335597337
-55.5555555555556,-53.5353535353535,17208.3902495787
-53.5353535353535,-53.5353535353535,16602.3669397939
-51.5151515151515,-53.5353535353535,15999.5551227331
-49.4949494949495,-53.5353535353535,15377.5190130323
-47.4747474747475,-53.5353535353535,14742.2468102692
-45.4545454545455,-53.5353535353535,14112.2222303046
-43.4343434343434,-53.5353535353535,13450.7732913887
-41.4141414141414,-53.5353535353535,12780.1096503251
-39.3939393939394,-53.5353535353535,12129.730128276
-37.3737373737374,-53.5353535353535,11485.7941158341
-35.3535353535353,-53.5353535353535,10871.9200462074
-33.3333333333333,-53.5353535353535,10271.4105270528
-31.3131313131313,-53.5353535353535,9673.27867271373
-29.2929292929293,-53.5353535353535,9077.4462936844
-27.2727272727273,-53.5353535353535,8488.75290195951
-25.2525252525252,-53.5353535353535,7914.32505294497
-23.2323232323232,-53.5353535353535,7341.80218660331
-21.2121212121212,-53.5353535353535,6785.11875625221
-19.1919191919192,-53.5353535353535,6236.67055765069
-17.1717171717172,-53.5353535353535,5697.00494242573
-15.1515151515151,-53.5353535353535,5171.5926656502
-13.1313131313131,-53.5353535353535,4678.79066399656
-11.1111111111111,-53.5353535353535,4202.68658540237
-9.09090909090908,-53.5353535353535,3744.33572757434
-7.07070707070706,-53.5353535353535,3307.28521706861
-5.05050505050504,-53.5353535353535,2886.87620592803
-3.03030303030303,-53.5353535353535,2461.28297223302
-1.01010101010101,-53.5353535353535,2054.88363200191
1.01010101010101,-53.5353535353535,1803.67580765141
3.03030303030303,-53.5353535353535,1465.46030471419
5.05050505050505,-53.5353535353535,1161.82415185849
7.07070707070707,-53.5353535353535,883.761560964464
9.09090909090909,-53.5353535353535,640.76789307736
11.1111111111111,-53.5353535353535,437.300003268894
13.1313131313131,-53.5353535353535,268.829468363201
15.1515151515152,-53.5353535353535,142.402828939563
17.1717171717172,-53.5353535353535,55.3224986446528
19.1919191919192,-53.5353535353535,8.99934601826202
21.2121212121212,-53.5353535353535,2.23451011873906
23.2323232323232,-53.5353535353535,37.9396361142511
25.2525252525253,-53.5353535353535,115.167112513941
27.2727272727273,-53.5353535353535,230.860252914856
29.2929292929293,-53.5353535353535,384.332862413196
31.3131313131313,-53.5353535353535,573.134723466735
33.3333333333333,-53.5353535353535,795.82799468066
35.3535353535354,-53.5353535353535,1053.43034139113
37.3737373737374,-53.5353535353535,1330.32498919604
39.3939393939394,-53.5353535353535,1634.37603260564
41.4141414141414,-53.5353535353535,1976.81762297398
43.4343434343434,-53.5353535353535,2343.06634593479
45.4545454545455,-53.5353535353535,2740.00424900617
47.4747474747475,-53.5353535353535,3168.11876745551
49.4949494949495,-53.5353535353535,3644.99818323344
51.5151515151515,-53.5353535353535,4158.76240930387
53.5353535353536,-53.5353535353535,4696.50961895121
55.5555555555556,-53.5353535353535,5255.04466418956
57.5757575757576,-53.5353535353535,5830.07649514422
59.5959595959596,-53.5353535353535,6423.71624256861
61.6161616161616,-53.5353535353535,7058.67829302405
63.6363636363637,-53.5353535353535,7730.19758446337
65.6565656565657,-53.5353535353535,8443.42059027855
67.6767676767677,-53.5353535353535,9207.03935755575
69.6969696969697,-53.5353535353535,9996.57832689329
71.7171717171717,-53.5353535353535,10817.8605470414
73.7373737373738,-53.5353535353535,11666.8270311644
75.7575757575758,-53.5353535353535,12541.0340286661
77.7777777777778,-53.5353535353535,13446.8795387386
79.7979797979798,-53.5353535353535,14391.8884359592
81.8181818181818,-53.5353535353535,15365.5108711451
83.8383838383839,-53.5353535353535,16367.0734764708
85.8585858585859,-53.5353535353535,17393.3768432638
87.8787878787879,-53.5353535353535,18451.2016545048
89.8989898989899,-53.5353535353535,19546.4500979188
91.919191919192,-53.5353535353535,20669.4617698954
93.9393939393939,-53.5353535353535,21818.6639099469
95.959595959596,-53.5353535353535,22993.9383024494
97.979797979798,-53.5353535353535,24204.5182727047
100,-53.5353535353535,25452.2971134853
-100,-51.5151515151515,34309.8059424445
-97.979797979798,-51.5151515151515,33319.2665464555
-95.959595959596,-51.5151515151515,32348.664218982
-93.9393939393939,-51.5151515151515,31398.2052773558
-91.9191919191919,-51.5151515151515,30460.3790714821
-89.8989898989899,-51.5151515151515,29549.8224702634
-87.8787878787879,-51.5151515151515,28660.8372280839
-85.8585858585859,-51.5151515151515,27773.2116958212
-83.8383838383838,-51.5151515151515,26899.2778052736
-81.8181818181818,-51.5151515151515,26038.7974737343
-79.7979797979798,-51.5151515151515,25197.521733883
-77.7777777777778,-51.5151515151515,24364.1865210675
-75.7575757575758,-51.5151515151515,23552.3944904176
-73.7373737373737,-51.5151515151515,22769.6242085818
-71.7171717171717,-51.5151515151515,22002.7758231035
-69.6969696969697,-51.5151515151515,21249.8679506045
-67.6767676767677,-51.5151515151515,20511.290862101
-65.6565656565656,-51.5151515151515,19782.119900762
-63.6363636363636,-51.5151515151515,19083.5148125788
-61.6161616161616,-51.5151515151515,18416.1701438424
-59.5959595959596,-51.5151515151515,17781.4993600461
-57.5757575757576,-51.5151515151515,17151.6380295092
-55.5555555555556,-51.5151515151515,16534.4606604963
-53.5353535353535,-51.5151515151515,15941.2255660334
-51.5151515151515,-51.5151515151515,15358.1831973927
-49.4949494949495,-51.5151515151515,14778.6040839509
-47.4747474747475,-51.5151515151515,14178.289477613
-45.4545454545455,-51.5151515151515,13567.1767140623
-43.4343434343434,-51.5151515151515,12962.0424374331
-41.4141414141414,-51.5151515151515,12317.8749409156
-39.3939393939394,-51.5151515151515,11677.5052304193
-37.3737373737374,-51.5151515151515,11053.7726286103
-35.3535353535353,-51.5151515151515,10444.2308931703
-33.3333333333333,-51.5151515151515,9857.72678058654
-31.3131313131313,-51.5151515151515,9283.01023997498
-29.2929292929293,-51.5151515151515,8708.6192147103
-27.2727272727273,-51.5151515151515,8134.69454714624
-25.2525252525252,-51.5151515151515,7578.88631128296
-23.2323232323232,-51.5151515151515,7025.26132543784
-21.2121212121212,-51.5151515151515,6485.24389152838
-19.1919191919192,-51.5151515151515,5954.03092300163
-17.1717171717172,-51.5151515151515,5430.42875586539
-15.1515151515151,-51.5151515151515,4919.08954340863
-13.1313131313131,-51.5151515151515,4438.66677190993
-11.1111111111111,-51.5151515151515,3977.76308041972
-9.09090909090908,-51.5151515151515,3532.80080960168
-7.07070707070706,-51.5151515151515,3109.21127854993
-5.05050505050504,-51.5151515151515,2705.85486753538
-3.03030303030303,-51.5151515151515,2295.20053433944
-1.01010101010101,-51.5151515151515,1903.75528485129
1.01010101010101,-51.5151515151515,1662.30281430635
3.03030303030303,-51.5151515151515,1337.84711186843
5.05050505050505,-51.5151515151515,1047.95062489702
7.07070707070707,-51.5151515151515,784.767145383397
9.09090909090909,-51.5151515151515,556.533325479092
11.1111111111111,-51.5151515151515,368.123009378236
13.1313131313131,-51.5151515151515,214.211368764483
15.1515151515152,-51.5151515151515,104.535927475586
17.1717171717172,-51.5151515151515,32.581281945625
19.1919191919192,-51.5151515151515,1.60881716862202
21.2121212121212,-51.5151515151515,10.9019701914662
23.2323232323232,-51.5151515151515,62.9258865459231
25.2525252525253,-51.5151515151515,155.677868152829
27.2727272727273,-51.5151515151515,285.128387250158
29.2929292929293,-51.5151515151515,452.961381544463
31.3131313131313,-51.5151515151515,653.170008576289
33.3333333333333,-51.5151515151515,889.096964978976
35.3535353535354,-51.5151515151515,1150.04636545743
37.3737373737374,-51.5151515151515,1433.52631614067
39.3939393939394,-51.5151515151515,1754.46485478639
41.4141414141414,-51.5151515151515,2101.93439454623
43.4343434343434,-51.5151515151515,2478.92216436311
45.4545454545455,-51.5151515151515,2885.50810264973
47.4747474747475,-51.5151515151515,3341.24772439148
49.4949494949495,-51.5151515151515,3833.45636083982
51.5151515151515,-51.5151515151515,4350.48031275481
53.5353535353536,-51.5151515151515,4888.49928905278
55.5555555555556,-51.5151515151515,5442.39330623907
57.5757575757576,-51.5151515151515,6015.45544380203
59.5959595959596,-51.5151515151515,6633.37544103889
61.6161616161616,-51.5151515151515,7286.07751881768
63.6363636363637,-51.5151515151515,7983.52499932155
65.6565656565657,-51.5151515151515,8726.11777130338
67.6767676767677,-51.5151515151515,9494.49070845202
69.6969696969697,-51.5151515151515,10295.3519869081
71.7171717171717,-51.5151515151515,11120.4555117004
73.7373737373738,-51.5151515151515,11973.0722298235
75.7575757575758,-51.5151515151515,12863.9080027225
77.7777777777778,-51.5151515151515,13785.2959617613
79.7979797979798,-51.5151515151515,14737.1997416723
81.8181818181818,-51.5151515151515,15713.8603794593
83.8383838383839,-51.5151515151515,16719.7917467327
85.8585858585859,-51.5151515151515,17760.6812915134
87.8787878787879,-51.5151515151515,18833.6786283726
89.8989898989899,-51.5151515151515,19933.727856534
91.919191919192,-51.5151515151515,21057.7833102921
93.9393939393939,-51.5151515151515,22215.8292224322
95.959595959596,-51.5151515151515,23410.7728791801
97.979797979798,-51.5151515151515,24651.0156773759
100,-51.5151515151515,25928.1576939723
-100,-49.4949494949495,33558.8783324845
-97.979797979798,-49.4949494949495,32567.3169644596
-95.959595959596,-49.4949494949495,31593.1634195605
-93.9393939393939,-49.4949494949495,30643.6195518946
-91.9191919191919,-49.4949494949495,29713.8870980814
-89.8989898989899,-49.4949494949495,28802.9101494853
-87.8787878787879,-49.4949494949495,27906.457520996
-85.8585858585859,-49.4949494949495,27038.4413862247
-83.8383838383838,-49.4949494949495,26185.3982303872
-81.8181818181818,-49.4949494949495,25336.7831286469
-79.7979797979798,-49.4949494949495,24501.831124495
-77.7777777777778,-49.4949494949495,23681.6054614152
-75.7575757575758,-49.4949494949495,22880.3748416317
-73.7373737373737,-49.4949494949495,22087.6031585665
-71.7171717171717,-49.4949494949495,21320.7761959658
-69.6969696969697,-49.4949494949495,20580.9701080456
-67.6767676767677,-49.4949494949495,19851.5135998278
-65.6565656565656,-49.4949494949495,19138.9209758248
-63.6363636363636,-49.4949494949495,18433.9287087399
-61.6161616161616,-49.4949494949495,17754.4194406669
-59.5959595959596,-49.4949494949495,17107.7223267644
-57.5757575757576,-49.4949494949495,16493.7139252052
-55.5555555555556,-49.4949494949495,15887.6219868046
-53.5353535353535,-49.4949494949495,15293.7170605524
-51.5151515151515,-49.4949494949495,14722.5056393919
-49.4949494949495,-49.4949494949495,14162.4468686855
-47.4747474747475,-49.4949494949495,13605.8662266847
-45.4545454545455,-49.4949494949495,13027.7388300545
-43.4343434343434,-49.4949494949495,12440.9570223456
-41.4141414141414,-49.4949494949495,11856.7375509579
-39.3939393939394,-49.4949494949495,11234.9516102177
-37.3737373737374,-49.4949494949495,10625.2930048642
-35.3535353535353,-49.4949494949495,10028.2697728754
-33.3333333333333,-49.4949494949495,9451.26699493746
-31.3131313131313,-49.4949494949495,8891.79387636568
-29.2929292929293,-49.4949494949495,8339.98584812169
-27.2727272727273,-49.4949494949495,7789.185329776
-25.2525252525252,-49.4949494949495,7244.82885213454
-23.2323232323232,-49.4949494949495,6713.86243369352
-21.2121212121212,-49.4949494949495,6187.24950933348
-19.1919191919192,-49.4949494949495,5674.67791638068
-17.1717171717172,-49.4949494949495,5169.01758258706
-15.1515151515151,-49.4949494949495,4673.83636087992
-13.1313131313131,-49.4949494949495,4203.81731565117
-11.1111111111111,-49.4949494949495,3758.55872539923
-9.09090909090908,-49.4949494949495,3326.76751436694
-7.07070707070706,-49.4949494949495,2917.25076527865
-5.05050505050504,-49.4949494949495,2530.6838651657
-3.03030303030303,-49.4949494949495,2134.81463224242
-1.01010101010101,-49.4949494949495,1758.40312404259
1.01010101010101,-49.4949494949495,1526.69894953916
3.03030303030303,-49.4949494949495,1216.3550915043
5.05050505050505,-49.4949494949495,939.656621891664
7.07070707070707,-49.4949494949495,691.480441578687
9.09090909090909,-49.4949494949495,478.184356191978
11.1111111111111,-49.4949494949495,303.905882905003
13.1313131313131,-49.4949494949495,166.370623737436
15.1515151515152,-49.4949494949495,71.7334645212932
17.1717171717172,-49.4949494949495,15.8596513763585
19.1919191919192,-49.4949494949495,0.212027134295196
21.2121212121212,-49.4949494949495,26.2757681362463
23.2323232323232,-49.4949494949495,94.1639427511882
25.2525252525253,-49.4949494949495,200.696427152608
27.2727272727273,-49.4949494949495,345.100985043699
29.2929292929293,-49.4949494949495,523.919461042944
31.3131313131313,-49.4949494949495,737.870387771536
33.3333333333333,-49.4949494949495,982.650383167516
35.3535353535354,-49.4949494949495,1246.40150170677
37.3737373737374,-49.4949494949495,1544.50426047028
39.3939393939394,-49.4949494949495,1873.77739188553
41.4141414141414,-49.4949494949495,2230.88933797785
43.4343434343434,-49.4949494949495,2616.90913170284
45.4545454545455,-49.4949494949495,3050.64560887911
47.4747474747475,-49.4949494949495,3521.39577749923
49.4949494949495,-49.4949494949495,4017.69078073258
51.5151515151515,-49.4949494949495,4535.200579135
53.5353535353536,-49.4949494949495,5068.05922563568
55.5555555555556,-49.4949494949495,5622.4898817534
57.5757575757576,-49.4949494949495,6221.39365847537
59.5959595959596,-49.4949494949495,6855.06020988798
61.6161616161616,-49.4949494949495,7536.55107416889
63.6363636363637,-49.4949494949495,8257.4577597665
65.6565656565657,-49.4949494949495,9005.33750561975
67.6767676767677,-49.4949494949495,9783.4595557093
69.6969696969697,-49.4949494949495,10585.9051330411
71.7171717171717,-49.4949494949495,11419.0342619496
73.7373737373738,-49.4949494949495,12290.867387383
75.7575757575758,-49.4949494949495,13191.7828736681
77.7777777777778,-49.4949494949495,14119.5981654801
79.7979797979798,-49.4949494949495,15073.9508753795
81.8181818181818,-49.4949494949495,16060.498354052
83.8383838383839,-49.4949494949495,17083.2338518771
85.8585858585859,-49.4949494949495,18133.635855463
87.8787878787879,-49.4949494949495,19206.7501458705
89.8989898989899,-49.4949494949495,20312.4330529245
91.919191919192,-49.4949494949495,21454.5818349141
93.9393939393939,-49.4949494949495,22641.3530125097
95.959595959596,-49.4949494949495,23866.033546214
97.979797979798,-49.4949494949495,25113.7215308571
100,-49.4949494949495,26392.7961221388
-100,-47.4747474747475,32825.9956807171
-97.979797979798,-47.4747474747475,31839.9354245557
-95.959595959596,-47.4747474747475,30872.4455381365
-93.9393939393939,-47.4747474747475,29921.6930414004
-91.9191919191919,-47.4747474747475,28988.5535485796
-89.8989898989899,-47.4747474747475,28079.9267462344
-87.8787878787879,-47.4747474747475,27191.0513537363
-85.8585858585859,-47.4747474747475,26319.5414050305
-83.8383838383838,-47.4747474747475,25464.685637627
-81.8181818181818,-47.4747474747475,24638.5508982775
-79.7979797979798,-47.4747474747475,23820.6267625855
-77.7777777777778,-47.4747474747475,23012.1710487722
-75.7575757575758,-47.4747474747475,22216.4533512877
-73.7373737373737,-47.4747474747475,21438.4177394901
-71.7171717171717,-47.4747474747475,20671.5468001495
-69.6969696969697,-47.4747474747475,19924.3283336485
-67.6767676767677,-47.4747474747475,19206.471901278
-65.6565656565656,-47.4747474747475,18501.9932407926
-63.6363636363636,-47.4747474747475,17813.0881331535
-61.6161616161616,-47.4747474747475,17135.2354497335
-59.5959595959596,-47.4747474747475,16474.9379521497
-57.5757575757576,-47.4747474747475,15848.1129221331
-55.5555555555556,-47.4747474747475,15254.3489900263
-53.5353535353535,-47.4747474747475,14671.984227713
-51.5151515151515,-47.4747474747475,14101.467920286
-49.4949494949495,-47.4747474747475,13552.2513613053
-47.4747474747475,-47.4747474747475,13015.1673335336
-45.4545454545455,-47.4747474747475,12481.6225687738
-43.4343434343434,-47.4747474747475,11925.8704030481
-41.4141414141414,-47.4747474747475,11363.7887042495
-39.3939393939394,-47.4747474747475,10798.8519486269
-37.3737373737374,-47.4747474747475,10202.4684535561
-35.3535353535353,-47.4747474747475,9622.75170859494
-33.3333333333333,-47.4747474747475,9049.84383004675
-31.3131313131313,-47.4747474747475,8505.90320429737
-29.2929292929293,-47.4747474747475,7975.51090415253
-27.2727272727273,-47.4747474747475,7446.09830075296
-25.2525252525252,-47.4747474747475,6918.15957022619
-23.2323232323232,-47.4747474747475,6405.99970020275
-21.2121212121212,-47.4747474747475,5896.57746450803
-19.1919191919192,-47.4747474747475,5401.23148607506
-17.1717171717172,-47.4747474747475,4914.70379698719
-15.1515151515151,-47.4747474747475,4436.21814153588
-13.1313131313131,-47.4747474747475,3975.42247356119
-11.1111111111111,-47.4747474747475,3544.03949286981
-9.09090909090908,-47.4747474747475,3126.78791789
-7.07070707070706,-47.4747474747475,2731.40630980847
-5.05050505050504,-47.4747474747475,2359.199620888
-3.03030303030303,-47.4747474747475,1980.23764400436
-1.01010101010101,-47.4747474747475,1618.82445648397
1.01010101010101,-47.4747474747475,1396.86217845689
3.03030303030303,-47.4747474747475,1101.08386547077
5.05050505050505,-47.4747474747475,837.419913410264
7.07070707070707,-47.4747474747475,603.631037932925
9.09090909090909,-47.4747474747475,405.801100193629
11.1111111111111,-47.4747474747475,245.907330971176
13.1313131313131,-47.4747474747475,125.22501130613
15.1515151515152,-47.4747474747475,44.9814404993137
17.1717171717172,-47.4747474747475,5.14906271764344
19.1919191919192,-47.4747474747475,5.13468826359293
21.2121212121212,-47.4747474747475,47.6642921097347
23.2323232323232,-47.4747474747475,131.118308601086
25.2525252525253,-47.4747474747475,251.595980613696
27.2727272727273,-47.4747474747475,409.424105651573
29.2929292929293,-47.4747474747475,600.532892305151
31.3131313131313,-47.4747474747475,826.596665745884
33.3333333333333,-47.4747474747475,1072.83455796059
35.3535353535354,-47.4747474747475,1348.21358830058
37.3737373737374,-47.4747474747475,1658.82713672114
39.3939393939394,-47.4747474747475,1995.58315092444
41.4141414141414,-47.4747474747475,2362.15813907778
43.4343434343434,-47.4747474747475,2773.25467747213
45.4545454545455,-47.4747474747475,3222.58164329807
47.4747474747475,-47.4747474747475,3698.13359950658
49.4949494949495,-47.4747474747475,4194.95616941925
51.5151515151515,-47.4747474747475,4706.25433107085
53.5353535353536,-47.4747474747475,5243.26098062355
55.5555555555556,-47.4747474747475,5822.39762722975
57.5757575757576,-47.4747474747475,6437.82719033442
59.5959595959596,-47.4747474747475,7104.46520059383
61.6161616161616,-47.4747474747475,7801.72070580806
63.6363636363637,-47.4747474747475,8529.15124641068
65.6565656565657,-47.4747474747475,9283.70795760197
67.6767676767677,-47.4747474747475,10064.4657149672
69.6969696969697,-47.4747474747475,10882.0723932974
71.7171717171717,-47.4747474747475,11730.7504562125
73.7373737373738,-47.4747474747475,12609.7474651629
75.7575757575758,-47.4747474747475,13513.3696145687
77.7777777777778,-47.4747474747475,14447.5337552147
79.7979797979798,-47.4747474747475,15418.1626405621
81.8181818181818,-47.4747474747475,16417.2382867918
83.8383838383839,-47.4747474747475,17440.8532893598
85.8585858585859,-47.4747474747475,18494.4506510748
87.8787878787879,-47.4747474747475,19583.9460570214
89.8989898989899,-47.4747474747475,20717.1328151678
91.919191919192,-47.4747474747475,21889.3808017371
93.9393939393939,-47.4747474747475,23085.2714030336
95.959595959596,-47.4747474747475,24312.2291863022
97.979797979798,-47.4747474747475,25570.5343148562
100,-47.4747474747475,26860.230442994
-100,-45.4545454545455,32099.0226241638
-97.979797979798,-45.4545454545455,31128.090977853
-95.959595959596,-45.4545454545455,30169.976250405
-93.9393939393939,-45.4545454545455,29224.9756506179
-91.9191919191919,-45.4545454545455,28298.0607112644
-89.8989898989899,-45.4545454545455,27388.1080650483
-87.8787878787879,-45.4545454545455,26495.9663944535
-85.8585858585859,-45.4545454545455,25628.2348391799
-83.8383838383838,-45.4545454545455,24780.0801324095
-81.8181818181818,-45.4545454545455,23948.2609841529
-79.7979797979798,-45.4545454545455,23135.553277759
-77.7777777777778,-45.4545454545455,22350.1537409116
-75.7575757575758,-45.4545454545455,21568.3657856224
-73.7373737373737,-45.4545454545455,20798.9285857602
-71.7171717171717,-45.4545454545455,20043.414527617
-69.6969696969697,-45.4545454545455,19306.8383293842
-67.6767676767677,-45.4545454545455,18578.9674248698
-65.6565656565656,-45.4545454545455,17877.5657234772
-63.6363636363636,-45.4545454545455,17200.1644124639
-61.6161616161616,-45.4545454545455,16534.8099112738
-59.5959595959596,-45.4545454545455,15883.9852138224
-57.5757575757576,-45.4545454545455,15244.4414244541
-55.5555555555556,-45.4545454545455,14636.6500449871
-53.5353535353535,-45.4545454545455,14062.6604059758
-51.5151515151515,-45.4545454545455,13504.7865899156
-49.4949494949495,-45.4545454545455,12957.5972524771
-47.4747474747475,-45.4545454545455,12430.4513977789
-45.4545454545455,-45.4545454545455,11916.3324815532
-43.4343434343434,-45.4545454545455,11405.617817428
-41.4141414141414,-45.4545454545455,10872.672607454
-39.3939393939394,-45.4545454545455,10335.3734293012
-37.3737373737374,-45.4545454545455,9790.0251001799
-35.3535353535353,-45.4545454545455,9219.6226260342
-33.3333333333333,-45.4545454545455,8667.5710801365
-31.3131313131313,-45.4545454545455,8127.94554448672
-29.2929292929293,-45.4545454545455,7611.48389924769
-27.2727272727273,-45.4545454545455,7105.0586636632
-25.2525252525252,-45.4545454545455,6599.46719965191
-23.2323232323232,-45.4545454545455,6099.41289617012
-21.2121212121212,-45.4545454545455,5612.21484197914
-19.1919191919192,-45.4545454545455,5131.41263673401
-17.1717171717172,-45.4545454545455,4663.36354971287
-15.1515151515151,-45.4545454545455,4202.12671754109
-13.1313131313131,-45.4545454545455,3753.84449078248
-11.1111111111111,-45.4545454545455,3335.50998856255
-9.09090909090908,-45.4545454545455,2933.6025247893
-7.07070707070706,-45.4545454545455,2551.75229338975
-5.05050505050504,-45.4545454545455,2192.81920282178
-3.03030303030303,-45.4545454545455,1831.39998570075
-1.01010101010101,-45.4545454545455,1485.01459992874
1.01010101010101,-45.4545454545455,1272.79681711869
3.03030303030303,-45.4545454545455,991.57305465436
5.05050505050505,-45.4545454545455,741.141914588326
7.07070707070707,-45.4545454545455,521.691874395855
9.09090909090909,-45.4545454545455,339.490962584805
11.1111111111111,-45.4545454545455,193.968952955914
13.1313131313131,-45.4545454545455,89.8739526543181
15.1515151515152,-45.4545454545455,24.7587849002813
17.1717171717172,-45.4545454545455,0.288606341653179
19.1919191919192,-45.4545454545455,16.7038568959288
21.2121212121212,-45.4545454545455,75.2740461345225
23.2323232323232,-45.4545454545455,172.643194529211
25.2525252525253,-45.4545454545455,308.05231943611
27.2727272727273,-45.4545454545455,477.233871830786
29.2929292929293,-45.4545454545455,681.811369540098
31.3131313131313,-45.4545454545455,911.924445186437
33.3333333333333,-45.4545454545455,1166.40362691533
35.3535353535354,-45.4545454545455,1457.03227020057
37.3737373737374,-45.4545454545455,1773.69481752351
39.3939393939394,-45.4545454545455,2120.58056310786
41.4141414141414,-45.4545454545455,2509.1001244487
43.4343434343434,-45.4545454545455,2937.01354476724
45.4545454545455,-45.4545454545455,3391.81193297971
47.4747474747475,-45.4545454545455,3867.71823050394
49.4949494949495,-45.4545454545455,4358.32704883696
51.5151515151515,-45.4545454545455,4877.61803420747
53.5353535353536,-45.4545454545455,5437.12414747045
55.5555555555556,-45.4545454545455,6036.54188141771
57.5757575757576,-45.4545454545455,6684.37905275584
59.5959595959596,-45.4545454545455,7358.91551096516
61.6161616161616,-45.4545454545455,8065.51140325234
63.6363636363637,-45.4545454545455,8796.35301145332
65.6565656565657,-45.4545454545455,9556.9231166891
67.6767676767677,-45.4545454545455,10355.5365012611
69.6969696969697,-45.4545454545455,11183.7569799817
71.7171717171717,-45.4545454545455,12038.038995732
73.7373737373738,-45.4545454545455,12920.4389994916
75.7575757575758,-45.4545454545455,13837.4200267893
77.7777777777778,-45.4545454545455,14785.8571205321
79.7979797979798,-45.4545454545455,15760.0875913763
81.8181818181818,-45.4545454545455,16761.5396409846
83.8383838383839,-45.4545454545455,17798.8303808486
85.8585858585859,-45.4545454545455,18878.3377146877
87.8787878787879,-45.4545454545455,19998.1342546652
89.8989898989899,-45.4545454545455,21142.2040558385
91.919191919192,-45.4545454545455,22317.0696110273
93.9393939393939,-45.4545454545455,23523.1590019326
95.959595959596,-45.4545454545455,24761.5920383313
97.979797979798,-45.4545454545455,26036.1569779447
100,-45.4545454545455,27336.0867161335
-100,-43.4343434343434,31379.8708709592
-97.979797979798,-43.4343434343434,30417.5075802329
-95.959595959596,-43.4343434343434,29472.5943084228
-93.9393939393939,-43.4343434343434,28542.5799776872
-91.9191919191919,-43.4343434343434,27625.9737981448
-89.8989898989899,-43.4343434343434,26722.0167693214
-87.8787878787879,-43.4343434343434,25835.7203172246
-85.8585858585859,-43.4343434343434,24966.5840647245
-83.8383838383838,-43.4343434343434,24115.4317623271
-81.8181818181818,-43.4343434343434,23288.4891767995
-79.7979797979798,-43.4343434343434,22481.0155183845
-77.7777777777778,-43.4343434343434,21688.8132632517
-75.7575757575758,-43.4343434343434,20919.7976319785
-73.7373737373737,-43.4343434343434,20172.0216721917
-71.7171717171717,-43.4343434343434,19427.9082931134
-69.6969696969697,-43.4343434343434,18697.5365843376
-67.6767676767677,-43.4343434343434,17982.9994852168
-65.6565656565656,-43.4343434343434,17282.3788825985
-63.6363636363636,-43.4343434343434,16599.6616997025
-61.6161616161616,-43.4343434343434,15945.8727500981
-59.5959595959596,-43.4343434343434,15304.3635948434
-57.5757575757576,-43.4343434343434,14679.2340226646
-55.5555555555556,-43.4343434343434,14063.0530659009
-53.5353535353535,-43.4343434343434,13474.5062541702
-51.5151515151515,-43.4343434343434,12918.4452060391
-49.4949494949495,-43.4343434343434,12386.3011717515
-47.4747474747475,-43.4343434343434,11862.096522567
-45.4545454545455,-43.4343434343434,11357.1059741333
-43.4343434343434,-43.4343434343434,10865.9545733377
-41.4141414141414,-43.4343434343434,10377.9277302925
-39.3939393939394,-43.4343434343434,9868.15263561092
-37.3737373737374,-43.4343434343434,9355.73094278117
-35.3535353535353,-43.4343434343434,8828.15712880525
-33.3333333333333,-43.4343434343434,8286.61180672077
-31.3131313131313,-43.4343434343434,7762.22382331803
-29.2929292929293,-43.4343434343434,7255.05122224528
-27.2727272727273,-43.4343434343434,6765.65840777175
-25.2525252525252,-43.4343434343434,6282.25171028547
-23.2323232323232,-43.4343434343434,5800.09026769513
-21.2121212121212,-43.4343434343434,5331.63223144955
-19.1919191919192,-43.4343434343434,4866.77702959344
-17.1717171717172,-43.4343434343434,4415.8472731887
-15.1515151515151,-43.4343434343434,3972.5896493587
-13.1313131313131,-43.4343434343434,3539.58572501271
-11.1111111111111,-43.4343434343434,3133.28484349698
-9.09090909090908,-43.4343434343434,2746.88150060963
-7.07070707070706,-43.4343434343434,2378.28285477341
-5.05050505050504,-43.4343434343434,2032.43583947709
-3.03030303030303,-43.4343434343434,1688.24974200345
-1.01010101010101,-43.4343434343434,1356.97780005617
1.01010101010101,-43.4343434343434,1154.4750373178
3.03030303030303,-43.4343434343434,887.610244455193
5.05050505050505,-43.4343434343434,650.357831440068
7.07070707070707,-43.4343434343434,445.711246539392
9.09090909090909,-43.4343434343434,279.095097757544
11.1111111111111,-43.4343434343434,148.013745156939
13.1313131313131,-43.4343434343434,59.9224703349067
15.1515151515152,-43.4343434343434,10.5937108817541
17.1717171717172,-43.4343434343434,1.51507394822328
19.1919191919192,-43.4343434343434,34.5188864172846
21.2121212121212,-43.4343434343434,108.665558212365
23.2323232323232,-43.4343434343434,220.057732187912
25.2525252525253,-43.4343434343434,368.081368180543
27.2727272727273,-43.4343434343434,550.188516707851
29.2929292929293,-43.4343434343434,763.585768899719
31.3131313131313,-43.4343434343434,997.823214305289
33.3333333333333,-43.4343434343434,1268.35899171216
35.3535353535354,-43.4343434343434,1564.87985285645
37.3737373737374,-43.4343434343434,1891.97248026809
39.3939393939394,-43.4343434343434,2258.147456437
41.4141414141414,-43.4343434343434,2664.69311614847
43.4343434343434,-43.4343434343434,3098.73067595644
45.4545454545455,-43.4343434343434,3553.61539128358
47.4747474747475,-43.4343434343434,4023.75246227607
49.4949494949495,-43.4343434343434,4525.18509286036
51.5151515151515,-43.4343434343434,5065.72725548122
53.5353535353536,-43.4343434343434,5648.67336232798
55.5555555555556,-43.4343434343434,6275.01368723213
57.5757575757576,-43.4343434343434,6929.05268573983
59.5959595959596,-43.4343434343434,7612.61226578282
61.6161616161616,-43.4343434343434,8321.65149211609
63.6363636363637,-43.4343434343434,9065.89462751419
65.6565656565657,-43.4343434343434,9841.90241324927
67.6767676767677,-43.4343434343434,10647.7552264783
69.6969696969697,-43.4343434343434,11478.7691995227
71.7171717171717,-43.4343434343434,12341.6456383901
73.7373737373738,-43.4343434343434,13239.7482768304
75.7575757575758,-43.4343434343434,14164.4836015832
77.7777777777778,-43.4343434343434,15114.4381339264
79.7979797979798,-43.4343434343434,16099.5489380141
81.8181818181818,-43.4343434343434,17125.001455083
83.8383838383839,-43.4343434343434,18192.3263084809
85.8585858585859,-43.4343434343434,19284.5521462324
87.8787878787879,-43.4343434343434,20407.3043176251
89.8989898989899,-43.4343434343434,21561.2034144568
91.919191919192,-43.4343434343434,22748.3117604073
93.9393939393939,-43.4343434343434,23969.4599919374
95.959595959596,-43.4343434343434,25216.8288516159
97.979797979798,-43.4343434343434,26483.0761889699
100,-43.4343434343434,27778.9630095501
-100,-41.4141414141414,30683.2821817276
-97.979797979798,-41.4141414141414,29723.7987698197
-95.959595959596,-41.4141414141414,28784.4386686564
-93.9393939393939,-41.4141414141414,27862.6775260386
-91.9191919191919,-41.4141414141414,26958.2712267965
-89.8989898989899,-41.4141414141414,26069.146043186
-87.8787878787879,-41.4141414141414,25194.0000674745
-85.8585858585859,-41.4141414141414,24331.0914535535
-83.8383838383838,-41.4141414141414,23485.4357655376
-81.8181818181818,-41.4141414141414,22657.1210404293
-79.7979797979798,-41.4141414141414,21846.915336343
-77.7777777777778,-41.4141414141414,21060.6672965652
-75.7575757575758,-41.4141414141414,20293.8096899849
-73.7373737373737,-41.4141414141414,19541.4295095992
-71.7171717171717,-41.4141414141414,18815.5661245277
-69.6969696969697,-41.4141414141414,18103.1937590953
-67.6767676767677,-41.4141414141414,17399.2060617464
-65.6565656565656,-41.4141414141414,16708.461369119
-63.6363636363636,-41.4141414141414,16036.5354589062
-61.6161616161616,-41.4141414141414,15373.6213624396
-59.5959595959596,-41.4141414141414,14737.4672668684
-57.5757575757576,-41.4141414141414,14122.4982908061
-55.5555555555556,-41.4141414141414,13521.0626067844
-53.5353535353535,-41.4141414141414,12931.1694566247
-51.5151515151515,-41.4141414141414,12361.5095631775
-49.4949494949495,-41.4141414141414,11824.2225443875
-47.4747474747475,-41.4141414141414,11316.1045320464
-45.4545454545455,-41.4141414141414,10814.9793258129
-43.4343434343434,-41.4141414141414,10332.2199687435
-41.4141414141414,-41.4141414141414,9864.03618919862
-39.3939393939394,-41.4141414141414,9398.57971309536
-37.3737373737374,-41.4141414141414,8911.92322131569
-35.3535353535353,-41.4141414141414,8424.85356376281
-33.3333333333333,-41.4141414141414,7915.08389122117
-31.3131313131313,-41.4141414141414,7404.15897291055
-29.2929292929293,-41.4141414141414,6905.71981358283
-27.2727272727273,-41.4141414141414,6429.85749970797
-25.2525252525252,-41.4141414141414,5968.62789768252
-23.2323232323232,-41.4141414141414,5508.28446583376
-21.2121212121212,-41.4141414141414,5052.50202195448
-19.1919191919192,-41.4141414141414,4609.17301645159
-17.1717171717172,-41.4141414141414,4174.32973768501
-15.1515151515151,-41.4141414141414,3749.71670639261
-13.1313131313131,-41.4141414141414,3332.89890298605
-11.1111111111111,-41.4141414141414,2936.45367030036
-9.09090909090908,-41.4141414141414,2565.58557792464
-7.07070707070706,-41.4141414141414,2210.55996378315
-5.05050505050504,-41.4141414141414,1877.84663487079
-3.03030303030303,-41.4141414141414,1550.92467703277
-1.01010101010101,-41.4141414141414,1234.71060656107
1.01010101010101,-41.4141414141414,1041.87709225147
3.03030303030303,-41.4141414141414,789.465154411049
5.05050505050505,-41.4141414141414,565.9407732703
7.07070707070707,-41.4141414141414,375.88098990009
9.09090909090909,-41.4141414141414,223.956651613105
11.1111111111111,-41.4141414141414,109.057101278549
13.1313131313131,-41.4141414141414,35.7091711801474
15.1515151515152,-41.4141414141414,2.35215581572906
17.1717171717172,-41.4141414141414,9.26329272881963
19.1919191919192,-41.4141414141414,58.4965399051374
21.2121212121212,-41.4141414141414,146.700694893388
23.2323232323232,-41.4141414141414,272.959478841702
25.2525252525253,-41.4141414141414,432.687142298829
27.2727272727273,-41.4141414141414,627.231633476974
29.2929292929293,-41.4141414141414,842.992065445992
31.3131313131313,-41.4141414141414,1090.96160728054
33.3333333333333,-41.4141414141414,1369.13825692325
35.3535353535354,-41.4141414141414,1676.12589239287
37.3737373737374,-41.4141414141414,2020.26997909627
39.3939393939394,-41.4141414141414,2405.61868393061
41.4141414141414,-41.4141414141414,2818.89353295174
43.4343434343434,-41.4141414141414,3252.88101343589
45.4545454545455,-41.4141414141414,3702.54022007644
47.4747474747475,-41.4141414141414,4185.91918929851
49.4949494949495,-41.4141414141414,4707.45402388616
51.5151515151515,-41.4141414141414,5274.02868137755
53.5353535353536,-41.4141414141414,5878.56633184635
55.5555555555556,-41.4141414141414,6512.15011831113
57.5757575757576,-41.4141414141414,7172.37374439362
59.5959595959596,-41.4141414141414,7860.49394823299
61.6161616161616,-41.4141414141414,8585.90085255296
63.6363636363637,-41.4141414141414,9341.14814332613
65.6565656565657,-41.4141414141414,10122.3743420768
67.6767676767677,-41.4141414141414,10932.9117607433
69.6969696969697,-41.4141414141414,11779.0080158037
71.7171717171717,-41.4141414141414,12653.8354926952
73.7373737373738,-41.4141414141414,13552.7142389905
75.7575757575758,-41.4141414141414,14485.4983241161
77.7777777777778,-41.4141414141414,15457.0887941916
79.7979797979798,-41.4141414141414,16471.9485313699
81.8181818181818,-41.4141414141414,17512.3104391492
83.8383838383839,-41.4141414141414,18582.9475813473
85.8585858585859,-41.4141414141414,19684.6504257165
87.8787878787879,-41.4141414141414,20820.3758007417
89.8989898989899,-41.4141414141414,21988.2508471178
91.919191919192,-41.4141414141414,23181.06931902
93.9393939393939,-41.4141414141414,24395.2057558045
95.959595959596,-41.4141414141414,25638.8755398029
97.979797979798,-41.4141414141414,26912.667290755
100,-41.4141414141414,28217.3440191252
-100,-39.3939393939394,30000.6064378136
-97.979797979798,-39.3939393939394,29053.9968162158
-95.959595959596,-39.3939393939394,28122.1881567474
-93.9393939393939,-39.3939393939394,27200.6738858823
-91.9191919191919,-39.3939393939394,26301.4784602321
-89.8989898989899,-39.3939393939394,25420.2624050505
-87.8787878787879,-39.3939393939394,24556.0267267118
-85.8585858585859,-39.3939393939394,23707.7710641493
-83.8383838383838,-39.3939393939394,22874.088052343
-81.8181818181818,-39.3939393939394,22052.2087670257
-79.7979797979798,-39.3939393939394,21247.2166382508
-77.7777777777778,-39.3939393939394,20459.7364527953
-75.7575757575758,-39.3939393939394,19690.4234544634
-73.7373737373737,-39.3939393939394,18944.827824564
-71.7171717171717,-39.3939393939394,18218.2807008201
-69.6969696969697,-39.3939393939394,17507.2473596577
-67.6767676767677,-39.3939393939394,16822.8408716751
-65.6565656565656,-39.3939393939394,16146.8891432123
-63.6363636363636,-39.3939393939394,15481.9873082103
-61.6161616161616,-39.3939393939394,14831.5347188887
-59.5959595959596,-39.3939393939394,14196.5116085209
-57.5757575757576,-39.3939393939394,13578.3441143592
-55.5555555555556,-39.3939393939394,12988.1591656224
-53.5353535353535,-39.3939393939394,12410.4376617766
-51.5151515151515,-39.3939393939394,11847.3053800018
-49.4949494949495,-39.3939393939394,11297.8542894265
-47.4747474747475,-39.3939393939394,10780.5723249142
-45.4545454545455,-39.3939393939394,10293.9066278306
-43.4343434343434,-39.3939393939394,9816.2417380842
-41.4141414141414,-39.3939393939394,9355.7870273233
-39.3939393939394,-39.3939393939394,8910.56346459193
-37.3737373737374,-39.3939393939394,8467.76094445509
-35.3535353535353,-39.3939393939394,8004.43306896887
-33.3333333333333,-39.3939393939394,7541.98771871899
-31.3131313131313,-39.3939393939394,7051.9487545473
-29.2929292929293,-39.3939393939394,6571.36491564933
-27.2727272727273,-39.3939393939394,6101.59507968004
-25.2525252525252,-39.3939393939394,5655.27684192944
-23.2323232323232,-39.3939393939394,5217.31865169365
-21.2121212121212,-39.3939393939394,4780.50283308938
-19.1919191919192,-39.3939393939394,4355.80845855728
-17.1717171717172,-39.3939393939394,3935.93666295117
-15.1515151515151,-39.3939393939394,3529.61634628087
-13.1313131313131,-39.3939393939394,3131.09354920026
-11.1111111111111,-39.3939393939394,2746.23935991522
-9.09090909090908,-39.3939393939394,2389.62729688522
-7.07070707070706,-39.3939393939394,2048.7321706047
-5.05050505050504,-39.3939393939394,1729.34597177084
-3.03030303030303,-39.3939393939394,1419.37642326598
-1.01010101010101,-39.3939393939394,1118.21631422625
1.01010101010101,-39.3939393939394,935.055961968124
3.03030303030303,-39.3939393939394,696.970602394645
5.05050505050505,-39.3939393939394,487.417367075157
7.07070707070707,-39.3939393939394,312.042922895692
9.09090909090909,-39.3939393939394,174.57168232398
11.1111111111111,-39.3939393939394,76.2883979731778
13.1313131313131,-39.3939393939394,18.0084857082666
15.1515151515152,-39.3939393939394,0.0386502014680173
17.1717171717172,-39.3939393939394,23.5095457403897
19.1919191919192,-39.3939393939394,88.3194606187903
21.2121212121212,-39.3939393939394,190.633860274277
23.2323232323232,-39.3939393939394,328.882627727239
25.2525252525253,-39.3939393939394,501.999912128643
27.2727272727273,-39.3939393939394,701.298011637988
29.2929292929293,-39.3939393939394,926.80121007693
31.3131313131313,-39.3939393939394,1186.27609433133
33.3333333333333,-39.3939393939394,1473.34974870038
35.3535353535354,-39.3939393939394,1795.53095217415
37.3737373737374,-39.3939393939394,2159.78995245275
39.3939393939394,-39.3939393939394,2552.32624277323
41.4141414141414,-39.3939393939394,2965.43728031128
43.4343434343434,-39.3939393939394,3394.6895819407
45.4545454545455,-39.3939393939394,3859.99519042555
47.4747474747475,-39.3939393939394,4362.28985300296
49.4949494949495,-39.3939393939394,4913.66470501231
51.5151515151515,-39.3939393939394,5495.04200977595
53.5353535353536,-39.3939393939394,6107.19066188097
55.5555555555556,-39.3939393939394,6744.36948657292
57.5757575757576,-39.3939393939394,7415.34134423438
59.5959595959596,-39.3939393939394,8118.75266620528
61.6161616161616,-39.3939393939394,8851.23678390867
63.6363636363637,-39.3939393939394,9610.09662892609
65.6565656565657,-39.3939393939394,10403.1508169924
67.6767676767677,-39.3939393939394,11227.1210530078
69.6969696969697,-39.3939393939394,12076.1563478665
71.7171717171717,-39.3939393939394,12956.6915937597
73.7373737373738,-39.3939393939394,13874.6144077556
75.7575757575758,-39.3939393939394,14837.0182493888
77.7777777777778,-39.3939393939394,15825.4668190421
79.7979797979798,-39.3939393939394,16843.9954414876
81.8181818181818,-39.3939393939394,17893.5187579586
83.8383838383839,-39.3939393939394,18977.7853555187
85.8585858585859,-39.3939393939394,20092.4771722317
87.8787878787879,-39.3939393939394,21230.4353059893
89.8989898989899,-39.3939393939394,22393.0139416265
91.919191919192,-39.3939393939394,23584.5424238966
93.9393939393939,-39.3939393939394,24806.8733624096
95.959595959596,-39.3939393939394,26060.5179251131
97.979797979798,-39.3939393939394,27345.3664777235
100,-39.3939393939394,28661.4819496538
-100,-37.3737373737374,29312.4165435242
-97.979797979798,-37.3737373737374,28375.7608148152
-95.959595959596,-37.3737373737374,27460.5542783109
-93.9393939393939,-37.3737373737374,26559.6236590956
-91.9191919191919,-37.3737373737374,25670.7221238987
-89.8989898989899,-37.3737373737374,24791.3083111734
-87.8787878787879,-37.3737373737374,23931.0216411579
-85.8585858585859,-37.3737373737374,23089.8444855579
-83.8383838383838,-37.3737373737374,22265.8569397865
-81.8181818181818,-37.3737373737374,21458.4987013537
-79.7979797979798,-37.3737373737374,20666.0011241101
-77.7777777777778,-37.3737373737374,19885.3458220525
-75.7575757575758,-37.3737373737374,19121.0664699993
-73.7373737373737,-37.3737373737374,18374.4027402673
-71.7171717171717,-37.3737373737374,17645.9858644208
-69.6969696969697,-37.3737373737374,16940.9667887047
-67.6767676767677,-37.3737373737374,16254.7088208659
-65.6565656565656,-37.3737373737374,15585.0090712402
-63.6363636363636,-37.3737373737374,14941.3204006604
-61.6161616161616,-37.3737373737374,14302.4256245684
-59.5959595959596,-37.3737373737374,13676.7571629977
-57.5757575757576,-37.3737373737374,13069.2782912894
-55.5555555555556,-37.3737373737374,12471.5905448679
-53.5353535353535,-37.3737373737374,11900.487148768
-51.5151515151515,-37.3737373737374,11347.9836197111
-49.4949494949495,-37.3737373737374,10810.2367835246
-47.4747474747475,-37.3737373737374,10283.281391182
-45.4545454545455,-37.3737373737374,9785.62460327
-43.4343434343434,-37.3737373737374,9319.86984417867
-41.4141414141414,-37.3737373737374,8865.87612536495
-39.3939393939394,-37.3737373737374,8427.81180292702
-37.3737373737374,-37.3737373737374,8005.54708291261
-35.3535353535353,-37.3737373737374,7585.05391172024
-33.3333333333333,-37.3737373737374,7145.39267001559
-31.3131313131313,-37.3737373737374,6705.63563131186
-29.2929292929293,-37.3737373737374,6239.1977534484
-27.2727272727273,-37.3737373737374,5785.99927372287
-25.2525252525252,-37.3737373737374,5348.78523137218
-23.2323232323232,-37.3737373737374,4929.60553103507
-21.2121212121212,-37.3737373737374,4515.34926451817
-19.1919191919192,-37.3737373737374,4104.08387045457
-17.1717171717172,-37.3737373737374,3704.79947111308
-15.1515151515151,-37.3737373737374,3314.65871604346
-13.1313131313131,-37.3737373737374,2933.42277296232
-11.1111111111111,-37.3737373737374,2563.01098056876
-9.09090909090908,-37.3737373737374,2218.98506250305
-7.07070707070706,-37.3737373737374,1892.5226833635
-5.05050505050504,-37.3737373737374,1586.96227826143
-3.03030303030303,-37.3737373737374,1293.63094981261
-1.01010101010101,-37.3737373737374,1007.49347894487
1.01010101010101,-37.3737373737374,834.021904826334
3.03030303030303,-37.3737373737374,610.309359430952
5.05050505050505,-37.3737373737374,414.661240739171
7.07070707070707,-37.3737373737374,254.14184104296
9.09090909090909,-37.3737373737374,131.288105672999
11.1111111111111,-37.3737373737374,49.1695087838893
13.1313131313131,-37.3737373737374,6.3887859071881
15.1515151515152,-37.3737373737374,4.00815632826183
17.1717171717172,-37.3737373737374,43.8316407178468
19.1919191919192,-37.3737373737374,122.869953698479
21.2121212121212,-37.3737373737374,239.612996762205
23.2323232323232,-37.3737373737374,390.019295196041
25.2525252525253,-37.3737373737374,572.117087399375
27.2727272727273,-37.3737373737374,777.173382835448
29.2929292929293,-37.3737373737374,1016.56037862782
31.3131313131313,-37.3737373737374,1283.64326846489
33.3333333333333,-37.3737373737374,1584.06415875685
35.3535353535354,-37.3737373737374,1927.20603473307
37.3737373737374,-37.3737373737374,2299.09017742761
39.3939393939394,-37.3737373737374,2691.28862194091
41.4141414141414,-37.3737373737374,3099.91400236563
43.4343434343434,-37.3737373737374,3547.22234567218
45.4545454545455,-37.3737373737374,4032.54008485454
47.4747474747475,-37.3737373737374,4564.27016112021
49.4949494949495,-37.3737373737374,5124.46166313695
51.5151515151515,-37.3737373737374,5713.72226398729
53.5353535353536,-37.3737373737374,6329.74389993408
55.5555555555556,-37.3737373737374,6981.96257459289
57.5757575757576,-37.3737373737374,7664.27949808573
59.5959595959596,-37.3737373737374,8372.62890003821
61.6161616161616,-37.3737373737374,9111.90845321572
63.6363636363637,-37.3737373737374,9885.40159599982
65.6565656565657,-37.3737373737374,10684.7303113041
67.6767676767677,-37.3737373737374,11513.1095417717
69.6969696969697,-37.3737373737374,12378.4610686851
71.7171717171717,-37.3737373737374,13287.5105024963
73.7373737373738,-37.3737373737374,14224.0370411233
75.7575757575758,-37.3737373737374,15190.4691833636
77.7777777777778,-37.3737373737374,16187.8084111829
79.7979797979798,-37.3737373737374,17220.5576398602
81.8181818181818,-37.3737373737374,18282.1655205286
83.8383838383839,-37.3737373737374,19365.5222910043
85.8585858585859,-37.3737373737374,20476.0033454745
87.8787878787879,-37.3737373737374,21615.9974677499
89.8989898989899,-37.3737373737374,22786.8491269615
91.919191919192,-37.3737373737374,23989.0055568863
93.9393939393939,-37.3737373737374,25223.0032025543
95.959595959596,-37.3737373737374,26491.4997292727
97.979797979798,-37.3737373737374,27792.6419461301
100,-37.3737373737374,29124.9498155945
-100,-35.3535353535353,28644.2552359849
-97.979797979798,-35.3535353535353,27719.4803275071
-95.959595959596,-35.3535353535353,26808.9900356178
-93.9393939393939,-35.3535353535353,25912.9177183289
-91.9191919191919,-35.3535353535353,25033.3462007171
-89.8989898989899,-35.3535353535353,24177.5731541658
-87.8787878787879,-35.3535353535353,23329.3969490739
-85.8585858585859,-35.3535353535353,22494.6440330566
-83.8383838383838,-35.3535353535353,21672.519771248
-81.8181818181818,-35.3535353535353,20871.4397348242
-79.7979797979798,-35.3535353535353,20087.7805379634
-77.7777777777778,-35.3535353535353,19321.2965194704
-75.7575757575758,-35.3535353535353,18569.692476458
-73.7373737373737,-35.3535353535353,17830.5413496793
-71.7171717171717,-35.3535353535353,17106.9679241624
-69.6969696969697,-35.3535353535353,16401.1369066142
-67.6767676767677,-35.3535353535353,15713.8095431961
-65.6565656565656,-35.3535353535353,15049.5603321655
-63.6363636363636,-35.3535353535353,14403.1547193834
-61.6161616161616,-35.3535353535353,13776.4084974015
-59.5959595959596,-35.3535353535353,13169.2466191112
-57.5757575757576,-35.3535353535353,12569.6269966802
-55.5555555555556,-35.3535353535353,11983.8127986519
-53.5353535353535,-35.3535353535353,11413.8878771089
-51.5151515151515,-35.3535353535353,10860.2531119014
-49.4949494949495,-35.3535353535353,10333.5833587062
-47.4747474747475,-35.3535353535353,9819.71917279887
-45.4545454545455,-35.3535353535353,9317.83269215828
-43.4343434343434,-35.3535353535353,8839.08091865748
-41.4141414141414,-35.3535353535353,8394.24280210408
-39.3939393939394,-35.3535353535353,7963.88316306264
-37.3737373737374,-35.3535353535353,7548.2914188391
-35.3535353535353,-35.3535353535353,7148.98788368909
-33.3333333333333,-35.3535353535353,6750.73984746937
-31.3131313131313,-35.3535353535353,6334.95469239124
-29.2929292929293,-35.3535353535353,5916.1812043428
-27.2727272727273,-35.3535353535353,5476.02236065668
-25.2525252525252,-35.3535353535353,5050.92512311403
-23.2323232323232,-35.3535353535353,4643.79339317101
-21.2121212121212,-35.3535353535353,4251.0384112484
-19.1919191919192,-35.3535353535353,3859.42727925547
-17.1717171717172,-35.3535353535353,3478.52947415285
-15.1515151515151,-35.3535353535353,3103.80699994263
-13.1313131313131,-35.3535353535353,2741.84355333181
-11.1111111111111,-35.3535353535353,2387.113875865
-9.09090909090908,-35.3535353535353,2054.64500467738
-7.07070707070706,-35.3535353535353,1742.64194397679
-5.05050505050504,-35.3535353535353,1450.69456250324
-3.03030303030303,-35.3535353535353,1173.71810732125
-1.01010101010101,-35.3535353535353,902.541374222262
1.01010101010101,-35.3535353535353,738.872225435534
3.03030303030303,-35.3535353535353,529.12086413328
5.05050505050505,-35.3535353535353,347.512898430942
7.07070707070707,-35.3535353535353,202.330503198793
9.09090909090909,-35.3535353535353,94.1452114135731
11.1111111111111,-35.3535353535353,27.5115239896061
13.1313131313131,-35.3535353535353,0.638146828495767
15.1515151515152,-35.3535353535353,14.5930828853672
17.1717171717172,-35.3535353535353,70.0806240485183
19.1919191919192,-35.3535353535353,163.324835374993
21.2121212121212,-35.3535353535353,292.158112752959
23.2323232323232,-35.3535353535353,455.335410808292
25.2525252525253,-35.3535353535353,640.835203426146
27.2727272727273,-35.3535353535353,860.017143654626
29.2929292929293,-35.3535353535353,1106.87434026423
31.3131313131313,-35.3535353535353,1385.8651708249
33.3333333333333,-35.3535353535353,1707.87195472378
35.3535353535354,-35.3535353535353,2059.09341091964
37.3737373737374,-35.3535353535353,2430.05918606352
39.3939393939394,-35.3535353535353,2819.12280688003
41.4141414141414,-35.3535353535353,3247.77496727443
43.4343434343434,-35.3535353535353,3716.70508538926
45.4545454545455,-35.3535353535353,4227.10925259307
47.4747474747475,-35.3535353535353,4766.84870753538
49.4949494949495,-35.3535353535353,5332.66910017453
51.5151515151515,-35.3535353535353,5930.50444868512
53.5353535353536,-35.3535353535353,6561.44542408107
55.5555555555556,-35.3535353535353,7220.42281895899
57.5757575757576,-35.3535353535353,7907.34731657759
59.5959595959596,-35.3535353535353,8628.9961743109
61.6161616161616,-35.3535353535353,9378.44501115014
63.6363636363637,-35.3535353535353,10154.9310894614
65.6565656565657,-35.3535353535353,10967.6582950417
67.6767676767677,-35.3535353535353,11823.4370408555
69.6969696969697,-35.3535353535353,12708.0061478808
71.7171717171717,-35.3535353535353,13622.3394008157
73.7373737373738,-35.3535353535353,14567.5120186924
75.7575757575758,-35.3535353535353,15548.8798240099
77.7777777777778,-35.3535353535353,16557.0627788896
79.7979797979798,-35.3535353535353,17586.3296747042
81.8181818181818,-35.3535353535353,18644.7019154085
83.8383838383839,-35.3535353535353,19733.2217248525
85.8585858585859,-35.3535353535353,20852.9609556896
87.8787878787879,-35.3535353535353,22003.8748863704
89.8989898989899,-35.3535353535353,23186.975272307
91.919191919192,-35.3535353535353,24405.936394019
93.9393939393939,-35.3535353535353,25655.4190729339
95.959595959596,-35.3535353535353,26936.0574207494
97.979797979798,-35.3535353535353,28249.3979217838
100,-35.3535353535353,29594.6286009264
-100,-33.3333333333333,27980.4534382256
-97.979797979798,-33.3333333333333,27066.766041682
-95.959595959596,-33.3333333333333,26168.5415030229
-93.9393939393939,-33.3333333333333,25285.4832414472
-91.9191919191919,-33.3333333333333,24416.8086897129
-89.8989898989899,-33.3333333333333,23563.0599552307
-87.8787878787879,-33.3333333333333,22723.3078457112
-85.8585858585859,-33.3333333333333,21903.096244262
-83.8383838383838,-33.3333333333333,21100.2217542411
-81.8181818181818,-33.3333333333333,20308.5936182792
-79.7979797979798,-33.3333333333333,19526.8934387754
-77.7777777777778,-33.3333333333333,18765.4794287078
-75.7575757575758,-33.3333333333333,18022.2713871745
-73.7373737373737,-33.3333333333333,17296.1906557306
-71.7171717171717,-33.3333333333333,16585.466735648
-69.6969696969697,-33.3333333333333,15887.7450789479
-67.6767676767677,-33.3333333333333,15204.9317790197
-65.6565656565656,-33.3333333333333,14539.9228618007
-63.6363636363636,-33.3333333333333,13893.7472664942
-61.6161616161616,-33.3333333333333,13270.226853774
-59.5959595959596,-33.3333333333333,12663.5188480091
-57.5757575757576,-33.3333333333333,12079.3331477529
-55.5555555555556,-33.3333333333333,11508.8193874448
-53.5353535353535,-33.3333333333333,10948.4769712025
-51.5151515151515,-33.3333333333333,10404.4759562521
-49.4949494949495,-33.3333333333333,9872.85061659692
-47.4747474747475,-33.3333333333333,9366.51702478737
-45.4545454545455,-33.3333333333333,8876.75996365403
-43.4343434343434,-33.3333333333333,8401.36578456448
-41.4141414141414,-33.3333333333333,7942.18560186632
-39.3939393939394,-33.3333333333333,7516.02800300616
-37.3737373737374,-33.3333333333333,7110.27253319243
-35.3535353535353,-33.3333333333333,6717.22860156129
-33.3333333333333,-33.3333333333333,6340.87668561861
-31.3131313131313,-33.3333333333333,5965.02235039117
-29.2929292929293,-33.3333333333333,5573.0861140503
-27.2727272727273,-33.3333333333333,5175.32970590564
-25.2525252525252,-33.3333333333333,4763.17734866509
-23.2323232323232,-33.3333333333333,4365.28901976218
-21.2121212121212,-33.3333333333333,3989.1005818086
-19.1919191919192,-33.3333333333333,3620.21457973698
-17.1717171717172,-33.3333333333333,3254.1690735949
-15.1515151515151,-33.3333333333333,2899.09502754627
-13.1313131313131,-33.3333333333333,2553.46914426638
-11.1111111111111,-33.3333333333333,2217.32139386844
-9.09090909090908,-33.3333333333333,1895.89266146627
-7.07070707070706,-33.3333333333333,1599.42833663105
-5.05050505050504,-33.3333333333333,1320.54254724961
-3.03030303030303,-33.3333333333333,1059.42661115556
-1.01010101010101,-33.3333333333333,803.360402186146
1.01010101010101,-33.3333333333333,649.521079152533
3.03030303030303,-33.3333333333333,453.306654211273
5.05050505050505,-33.3333333333333,286.054184258114
7.07070707070707,-33.3333333333333,156.179339682425
9.09090909090909,-33.3333333333333,63.8585599266584
11.1111111111111,-33.3333333333333,12.3303648966862
13.1313131313131,-33.3333333333333,0.934967368449357
15.1515151515152,-33.3333333333333,31.2793125356717
17.1717171717172,-33.3333333333333,101.174810249577
19.1919191919192,-33.3333333333333,208.243708670839
21.2121212121212,-33.3333333333333,349.660034433723
23.2323232323232,-33.3333333333333,518.134872750379
25.2525252525253,-33.3333333333333,716.048361098401
27.2727272727273,-33.3333333333333,943.219969169701
29.2929292929293,-33.3333333333333,1200.9723143393
31.3131313131313,-33.3333333333333,1501.78327979414
33.3333333333333,-33.3333333333333,1832.32479775163
35.3535353535354,-33.3333333333333,2182.13006098228
37.3737373737374,-33.3333333333333,2552.53785439353
39.3939393939394,-33.3333333333333,2962.22660536695
41.4141414141414,-33.3333333333333,3414.26320652027
43.4343434343434,-33.3333333333333,3902.87889808179
45.4545454545455,-33.3333333333333,4420.58134641096
47.4747474747475,-33.3333333333333,4964.60757949167
49.4949494949495,-33.3333333333333,5543.71019241837
51.5151515151515,-33.3333333333333,6153.12050068284
53.5353535353536,-33.3333333333333,6788.79765357504
55.5555555555556,-33.3333333333333,7457.91579696862
57.5757575757576,-33.3333333333333,8157.22878428869
59.5959595959596,-33.3333333333333,8881.91832386728
61.6161616161616,-33.3333333333333,9642.1806217638
63.6363636363637,-33.3333333333333,10444.7963050211
65.6565656565657,-33.3333333333333,11277.3801970887
67.6767676767677,-33.3333333333333,12139.6112511159
69.6969696969697,-33.3333333333333,13033.0836885326
71.7171717171717,-33.3333333333333,13961.698805576
73.7373737373738,-33.3333333333333,14915.8692508888
75.7575757575758,-33.3333333333333,15892.8433923381
77.7777777777778,-33.3333333333333,16899.1656514666
79.7979797979798,-33.3333333333333,17936.199446362
81.8181818181818,-33.3333333333333,19004.4234532557
83.8383838383839,-33.3333333333333,20104.4181640287
85.8585858585859,-33.3333333333333,21239.173803191
87.8787878787879,-33.3333333333333,22405.8528891204
89.8989898989899,-33.3333333333333,23603.672576207
91.919191919192,-33.3333333333333,24833.6436123441
93.9393939393939,-33.3333333333333,26095.8334322616
95.959595959596,-33.3333333333333,27388.8696228898
97.979797979798,-33.3333333333333,28712.6379536546
100,-33.3333333333333,30068.6304784535
-100,-31.3131313131313,27333.050377508
-97.979797979798,-31.3131313131313,26424.690687812
-95.959595959596,-31.3131313131313,25535.2504743815
-93.9393939393939,-31.3131313131313,24662.0622323849
-91.9191919191919,-31.3131313131313,23804.7188287332
-89.8989898989899,-31.3131313131313,22962.8337571042
-87.8787878787879,-31.3131313131313,22136.1005486198
-85.8585858585859,-31.3131313131313,21323.5568715272
-83.8383838383838,-31.3131313131313,20525.7690266294
-81.8181818181818,-31.3131313131313,19743.0881502553
-79.7979797979798,-31.3131313131313,18982.1965989521
-77.7777777777778,-31.3131313131313,18232.2842575712
-75.7575757575758,-31.3131313131313,17494.6149500495
-73.7373737373737,-31.3131313131313,16771.913455194
-71.7171717171717,-31.3131313131313,16068.9043338926
-69.6969696969697,-31.3131313131313,15383.1525585904
-67.6767676767677,-31.3131313131313,14713.3220508123
-65.6565656565656,-31.3131313131313,14057.0027308292
-63.6363636363636,-31.3131313131313,13414.9576919202
-61.6161616161616,-31.3131313131313,12790.76197643
-59.5959595959596,-31.3131313131313,12185.7292913976
-57.5757575757576,-31.3131313131313,11602.8093878533
-55.5555555555556,-31.3131313131313,11036.2017165737
-53.5353535353535,-31.3131313131313,10493.7584044714
-51.5151515151515,-31.3131313131313,9960.33573988861
-49.4949494949495,-31.3131313131313,9439.49228384822
-47.4747474747475,-31.3131313131313,8934.49101074188
-45.4545454545455,-31.3131313131313,8445.84558943114
-43.4343434343434,-31.3131313131313,7982.17043168643
-41.4141414141414,-31.3131313131313,7531.90939452146
-39.3939393939394,-31.3131313131313,7094.41303113248
-37.3737373737374,-31.3131313131313,6686.70891934712
-35.3535353535353,-31.3131313131313,6305.04212359898
-33.3333333333333,-31.3131313131313,5934.62665222489
-31.3131313131313,-31.3131313131313,5581.21894974476
-29.2929292929293,-31.3131313131313,5227.89590411226
-27.2727272727273,-31.3131313131313,4860.16986723663
-25.2525252525252,-31.3131313131313,4481.97499186715
-23.2323232323232,-31.3131313131313,4099.97440412612
-21.2121212121212,-31.3131313131313,3732.44097828286
-19.1919191919192,-31.3131313131313,3383.21330829951
-17.1717171717172,-31.3131313131313,3036.84754064445
-15.1515151515151,-31.3131313131313,2699.79893158704
-13.1313131313131,-31.3131313131313,2370.3956191451
-11.1111111111111,-31.3131313131313,2051.51750191996
-9.09090909090908,-31.3131313131313,1743.79124097446
-7.07070707070706,-31.3131313131313,1461.72788502177
-5.05050505050504,-31.3131313131313,1196.55140070024
-3.03030303030303,-31.3131313131313,950.930703914981
-1.01010101010101,-31.3131313131313,709.950480634535
1.01010101010101,-31.3131313131313,565.877703932016
3.03030303030303,-31.3131313131313,383.148880662719
5.05050505050505,-31.3131313131313,230.59614046248
7.07070707070707,-31.3131313131313,115.426495118611
9.09090909090909,-31.3131313131313,39.4195208194793
11.1111111111111,-31.3131313131313,3.23505171336978
13.1313131313131,-31.3131313131313,7.76345565208834
15.1515151515152,-31.3131313131313,53.9488053830423
17.1717171717172,-31.3131313131313,138.144359346175
19.1919191919192,-31.3131313131313,257.352888771738
21.2121212121212,-31.3131313131313,408.234123352383
23.2323232323232,-31.3131313131313,584.327169630627
25.2525252525253,-31.3131313131313,792.714752625129
27.2727272727273,-31.3131313131313,1029.55897938798
29.2929292929293,-31.3131313131313,1308.94073870846
31.3131313131313,-31.3131313131313,1618.77938034625
33.3333333333333,-31.3131313131313,1947.53872913468
35.3535353535354,-31.3131313131313,2299.41540338102
37.3737373737374,-31.3131313131313,2689.79193371229
39.3939393939394,-31.3131313131313,3125.2323012182
41.4141414141414,-31.3131313131313,3591.5828802749
43.4343434343434,-31.3131313131313,4086.5566020539
45.4545454545455,-31.3131313131313,4611.38248800099
47.4747474747475,-31.3131313131313,5169.75326171903
49.4949494949495,-31.3131313131313,5755.51570542544
51.5151515151515,-31.3131313131313,6371.17800673544
53.5353535353536,-31.3131313131313,7020.17918349402
55.5555555555556,-31.3131313131313,7694.68267425452
57.5757575757576,-31.3131313131313,8402.10786904912
59.5959595959596,-31.3131313131313,9151.60027191065
61.6161616161616,-31.3131313131313,9932.16861205353
63.6363636363637,-31.3131313131313,10742.2954198206
65.6565656565657,-31.3131313131313,11584.1578107498
67.6767676767677,-31.3131313131313,12459.7341966384
69.6969696969697,-31.3131313131313,13359.6404782933
71.7171717171717,-31.3131313131313,14284.6947269782
73.7373737373738,-31.3131313131313,15239.4032874381
75.7575757575758,-31.3131313131313,16225.1785272643
77.7777777777778,-31.3131313131313,17242.2340723391
79.7979797979798,-31.3131313131313,18292.247532591
81.8181818181818,-31.3131313131313,19376.2512641543
83.8383838383839,-31.3131313131313,20491.2466418132
85.8585858585859,-31.3131313131313,21637.9076247644
87.8787878787879,-31.3131313131313,22817.1991110503
89.8989898989899,-31.3131313131313,24027.3495137855
91.919191919192,-31.3131313131313,25268.2046146231
93.9393939393939,-31.3131313131313,26541.2586949269
95.959595959596,-31.3131313131313,27846.5816404615
97.979797979798,-31.3131313131313,29180.7661288956
100,-31.3131313131313,30546.2221674035
-100,-29.2929292929293,26701.4923393457
-97.979797979798,-29.2929292929293,25805.2481399389
-95.959595959596,-29.2929292929293,24923.3203101723
-93.9393939393939,-29.2929292929293,24055.3109074036
-91.9191919191919,-29.2929292929293,23203.0436954453
-89.8989898989899,-29.2929292929293,22369.8994669733
-87.8787878787879,-29.2929292929293,21553.0405336262
-85.8585858585859,-29.2929292929293,20752.0602929809
-83.8383838383838,-29.2929292929293,19966.4838783213
-81.8181818181818,-29.2929292929293,19196.1029292919
-79.7979797979798,-29.2929292929293,18439.7423860929
-77.7777777777778,-29.2929292929293,17698.0479066892
-75.7575757575758,-29.2929292929293,16973.2951551517
-73.7373737373737,-29.2929292929293,16268.2477556471
-71.7171717171717,-29.2929292929293,15573.9302013803
-69.6969696969697,-29.2929292929293,14890.4897815724
-67.6767676767677,-29.2929292929293,14227.5575847851
-65.6565656565656,-29.2929292929293,13582.2045308587
-63.6363636363636,-29.2929292929293,12953.2552913588
-61.6161616161616,-29.2929292929293,12338.2732485433
-59.5959595959596,-29.2929292929293,11737.0502795173
-57.5757575757576,-29.2929292929293,11153.6652900769
-55.5555555555556,-29.2929292929293,10589.7477973035
-53.5353535353535,-29.2929292929293,10047.2676428647
-51.5151515151515,-29.2929292929293,9521.39638330695
-49.4949494949495,-29.2929292929293,9018.6661399267
-47.4747474747475,-29.2929292929293,8523.47652407097
-45.4545454545455,-29.2929292929293,8043.1576661189
-43.4343434343434,-29.2929292929293,7577.37336045348
-41.4141414141414,-29.2929292929293,7135.25947610969
-39.3939393939394,-29.2929292929293,6709.06472746622
-37.3737373737374,-29.2929292929293,6295.68225156911
-35.3535353535353,-29.2929292929293,5907.85939118846
-33.3333333333333,-29.2929292929293,5548.32537482371
-31.3131313131313,-29.2929292929293,5200.47256539997
-29.2929292929293,-29.2929292929293,4870.01893543679
-27.2727272727273,-29.2929292929293,4539.36266493292
-25.2525252525252,-29.2929292929293,4196.04674026162
-23.2323232323232,-29.2929292929293,3838.63902849929
-21.2121212121212,-29.2929292929293,3484.81935885389
-19.1919191919192,-29.2929292929293,3147.69589722756
-17.1717171717172,-29.2929292929293,2823.65828772271
-15.1515151515151,-29.2929292929293,2502.75100286141
-13.1313131313131,-29.2929292929293,2191.67467247196
-11.1111111111111,-29.2929292929293,1891.26133192002
-9.09090909090908,-29.2929292929293,1598.90174069046
-7.07070707070706,-29.2929292929293,1329.22655651853
-5.05050505050504,-29.2929292929293,1078.61083482883
-3.03030303030303,-29.2929292929293,848.284980623357
-1.01010101010101,-29.2929292929293,622.311743610089
1.01010101010101,-29.2929292929293,488.005225072396
3.03030303030303,-29.2929292929293,318.944431883842
5.05050505050505,-29.2929292929293,181.239459767018
7.07070707070707,-29.2929292929293,80.8104416273355
9.09090909090909,-29.2929292929293,20.3821513176636
11.1111111111111,-29.2929292929293,0.0045175415564669
13.1313131313131,-29.2929292929293,20.8353340345005
15.1515151515152,-29.2929292929293,81.6025155170834
17.1717171717172,-29.2929292929293,179.054519426767
19.1919191919192,-29.2929292929293,310.908174677638
21.2121212121212,-29.2929292929293,466.688608377964
23.2323232323232,-29.2929292929293,655.236443503286
25.2525252525253,-29.2929292929293,872.125877793671
27.2727272727273,-29.2929292929293,1129.34413397963
29.2929292929293,-29.2929292929293,1418.41113950627
31.3131313131313,-29.2929292929293,1726.30567675821
33.3333333333333,-29.2929292929293,2059.51752876692
35.3535353535354,-29.2929292929293,2431.41670539222
37.3737373737374,-29.2929292929293,2847.35999731731
39.3939393939394,-29.2929292929293,3293.04099237907
41.4141414141414,-29.2929292929293,3765.08280096644
43.4343434343434,-29.2929292929293,4271.15717544029
45.4545454545455,-29.2929292929293,4807.49696515047
47.4747474747475,-29.2929292929293,5370.86775238602
49.4949494949495,-29.2929292929293,5968.11932741777
51.5151515151515,-29.2929292929293,6592.58632300198
53.5353535353536,-29.2929292929293,7247.70147968425
55.5555555555556,-29.2929292929293,7943.82916737974
57.5757575757576,-29.2929292929293,8672.36137119333
59.5959595959596,-29.2929292929293,9430.40019935233
61.6161616161616,-29.2929292929293,10220.5947648791
63.6363636363637,-29.2929292929293,11043.2328577764
65.6565656565657,-29.2929292929293,11889.1234655856
67.6767676767677,-29.2929292929293,12762.1752894696
69.6969696969697,-29.2929292929293,13665.4148233228
71.7171717171717,-29.2929292929293,14599.700141455
73.7373737373738,-29.2929292929293,15565.6699467026
75.7575757575758,-29.2929292929293,16566.5984862031
77.7777777777778,-29.2929292929293,17598.7846261765
79.7979797979798,-29.2929292929293,18662.2117642901
81.8181818181818,-29.2929292929293,19758.5142928251
83.8383838383839,-29.2929292929293,20885.8009285093
85.8585858585859,-29.2929292929293,22043.7703007711
87.8787878787879,-29.2929292929293,23233.8917978007
89.8989898989899,-29.2929292929293,24456.1409439128
91.919191919192,-29.2929292929293,25707.1905364634
93.9393939393939,-29.2929292929293,26990.0421810526
95.959595959596,-29.2929292929293,28298.5986649831
97.979797979798,-29.2929292929293,29636.4225775121
100,-29.2929292929293,31005.1326241164
-100,-27.2727272727273,26074.6452564672
-97.979797979798,-27.2727272727273,25187.8098942424
-95.959595959596,-27.2727272727273,24317.1887146877
-93.9393939393939,-27.2727272727273,23462.2445346484
-91.9191919191919,-27.2727272727273,22622.6041648422
-89.8989898989899,-27.2727272727273,21797.8933816085
-87.8787878787879,-27.2727272727273,20986.846417905
-85.8585858585859,-27.2727272727273,20191.0366452845
-83.8383838383838,-27.2727272727273,19413.9417745676
-81.8181818181818,-27.2727272727273,18653.4212651366
-79.7979797979798,-27.2727272727273,17908.7904344252
-77.7777777777778,-27.2727272727273,17179.5664234555
-75.7575757575758,-27.2727272727273,16465.3503462491
-73.7373737373737,-27.2727272727273,15765.4563019391
-71.7171717171717,-27.2727272727273,15080.2282553046
-69.6969696969697,-27.2727272727273,14414.5089074476
-67.6767676767677,-27.2727272727273,13762.6608686475
-65.6565656565656,-27.2727272727273,13122.4597040787
-63.6363636363636,-27.2727272727273,12498.5784533062
-61.6161616161616,-27.2727272727273,11893.3921385321
-59.5959595959596,-27.2727272727273,11305.2820870393
-57.5757575757576,-27.2727272727273,10731.5872728548
-55.5555555555556,-27.2727272727273,10171.1912434787
-53.5353535353535,-27.2727272727273,9628.63062016059
-51.5151515151515,-27.2727272727273,9105.73872044894
-49.4949494949495,-27.2727272727273,8603.46659150012
-47.4747474747475,-27.2727272727273,8119.65519344921
-45.4545454545455,-27.2727272727273,7654.12700522075
-43.4343434343434,-27.2727272727273,7198.42540998801
-41.4141414141414,-27.2727272727273,6758.34320755238
-39.3939393939394,-27.2727272727273,6334.872107743
-37.3737373737374,-27.2727272727273,5933.8919973801
-35.3535353535353,-27.2727272727273,5546.17175968717
-33.3333333333333,-27.2727272727273,5177.5791656368
-31.3131313131313,-27.2727272727273,4840.04197255809
-29.2929292929293,-27.2727272727273,4514.77919630285
-27.2727272727273,-27.2727272727273,4207.26782353715
-25.2525252525252,-27.2727272727273,3899.11625039929
-23.2323232323232,-27.2727272727273,3580.61954052494
-21.2121212121212,-27.2727272727273,3245.5660899213
-19.1919191919192,-27.2727272727273,2919.05098937073
-17.1717171717172,-27.2727272727273,2612.91522545416
-15.1515151515151,-27.2727272727273,2312.48653804814
-13.1313131313131,-27.2727272727273,2019.61054169226
-11.1111111111111,-27.2727272727273,1734.98021834937
-9.09090909090908,-27.2727272727273,1460.76692048048
-7.07070707070706,-27.2727272727273,1202.74518049134
-5.05050505050504,-27.2727272727273,966.496222666214
-3.03030303030303,-27.2727272727273,751.003454393308
-1.01010101010101,-27.2727272727273,540.444920009392
1.01010101010101,-27.2727272727273,415.894776137111
3.03030303030303,-27.2727272727273,260.470857708122
5.05050505050505,-27.2727272727273,137.807441339512
7.07070707070707,-27.2727272727273,52.5066272680192
9.09090909090909,-27.2727272727273,7.74214828913497
11.1111111111111,-27.2727272727273,3.03646449870852
13.1313131313131,-27.2727272727273,39.924142301392
15.1515151515152,-27.2727272727273,114.974335358854
17.1717171717172,-27.2727272727273,224.791280831335
19.1919191919192,-27.2727272727273,362.583485098289
21.2121212121212,-27.2727272727273,530.766719989538
23.2323232323232,-27.2727272727273,727.904682249964
25.2525252525253,-27.2727272727273,962.998792064703
27.2727272727273,-27.2727272727273,1231.25236251878
29.2929292929293,-27.2727272727273,1518.0823992959
31.3131313131313,-27.2727272727273,1832.88362094388
33.3333333333333,-27.2727272727273,2187.60734928255
35.3535353535354,-27.2727272727273,2582.41211880948
37.3737373737374,-27.2727272727273,3005.92282606296
39.3939393939394,-27.2727272727273,3457.88842596134
41.4141414141414,-27.2727272727273,3943.66586881666
43.4343434343434,-27.2727272727273,4456.52340760139
45.4545454545455,-27.2727272727273,5001.4161028275
47.4747474747475,-27.2727272727273,5575.62956878203
49.4949494949495,-27.2727272727273,6178.77339627891
51.5151515151515,-27.2727272727273,6821.46966345933
53.5353535353536,-27.2727272727273,7497.95613110548
55.5555555555556,-27.2727272727273,8203.9024655204
57.5757575757576,-27.2727272727273,8942.38151220763
59.5959595959596,-27.2727272727273,9712.14577876823
61.6161616161616,-27.2727272727273,10504.3284951067
63.6363636363637,-27.2727272727273,11325.4163613258
65.6565656565657,-27.2727272727273,12177.2692955414
67.6767676767677,-27.2727272727273,13060.4698229654
69.6969696969697,-27.2727272727273,13976.9164353791
71.7171717171717,-27.2727272727273,14926.2809366531
73.7373737373738,-27.2727272727273,15906.8100681011
75.7575757575758,-27.2727272727273,16919.8608649498
77.7777777777778,-27.2727272727273,17964.2929034178
79.7979797979798,-27.2727272727273,19039.3369325656
81.8181818181818,-27.2727272727273,20146.5384503126
83.8383838383839,-27.2727272727273,21285.4800111452
85.8585858585859,-27.2727272727273,22453.6555887611
87.8787878787879,-27.2727272727273,23653.4115967879
89.8989898989899,-27.2727272727273,24877.8306839818
91.919191919192,-27.2727272727273,26133.1708396825
93.9393939393939,-27.2727272727273,27418.2412856941
95.959595959596,-27.2727272727273,28732.3226995479
97.979797979798,-27.2727272727273,30077.7225506367
100,-27.2727272727273,31454.8036577891
-100,-25.2525252525252,25453.8951029231
-97.979797979798,-25.2525252525252,24581.2163284225
-95.959595959596,-25.2525252525252,23721.1365951077
-93.9393939393939,-25.2525252525252,22875.6204353115
-91.9191919191919,-25.2525252525252,22045.45228716
-89.8989898989899,-25.2525252525252,21230.7208298747
-87.8787878787879,-25.2525252525252,20432.3716959159
-85.8585858585859,-25.2525252525252,19649.3305065771
-83.8383838383838,-25.2525252525252,18881.5003066565
-81.8181818181818,-25.2525252525252,18127.6824986831
-79.7979797979798,-25.2525252525252,17388.5402458458
-77.7777777777778,-25.2525252525252,16667.3667071504
-75.7575757575758,-25.2525252525252,15963.1919772104
-73.7373737373737,-25.2525252525252,15274.8998237688
-71.7171717171717,-25.2525252525252,14602.0259284672
-69.6969696969697,-25.2525252525252,13943.9819678555
-67.6767676767677,-25.2525252525252,13300.4740031287
-65.6565656565656,-25.2525252525252,12671.8207017216
-63.6363636363636,-25.2525252525252,12063.7166381338
-61.6161616161616,-25.2525252525252,11466.5839700396
-59.5959595959596,-25.2525252525252,10881.8900150619
-57.5757575757576,-25.2525252525252,10317.0581281947
-55.5555555555556,-25.2525252525252,9769.37625083171
-53.5353535353535,-25.2525252525252,9236.93101605675
-51.5151515151515,-25.2525252525252,8717.39865370304
-49.4949494949495,-25.2525252525252,8215.66039015162
-47.4747474747475,-25.2525252525252,7733.70945528115
-45.4545454545455,-25.2525252525252,7271.6174395548
-43.4343434343434,-25.2525252525252,6829.72485354783
-41.4141414141414,-25.2525252525252,6401.63438541114
-39.3939393939394,-25.2525252525252,5985.6602196542
-37.3737373737374,-25.2525252525252,5585.1786872088
-35.3535353535353,-25.2525252525252,5206.93268253873
-33.3333333333333,-25.2525252525252,4844.28171055808
-31.3131313131313,-25.2525252525252,4496.45062629373
-29.2929292929293,-25.2525252525252,4179.76554394667
-27.2727272727273,-25.2525252525252,3877.73282820108
-25.2525252525252,-25.2525252525252,3592.97017383414
-23.2323232323232,-25.2525252525252,3307.33567452986
-21.2121212121212,-25.2525252525252,3012.60784328971
-19.1919191919192,-25.2525252525252,2702.35010159698
-17.1717171717172,-25.2525252525252,2406.10249057759
-15.1515151515151,-25.2525252525252,2125.9913035019
-13.1313131313131,-25.2525252525252,1849.83357524532
-11.1111111111111,-25.2525252525252,1583.22523177908
-9.09090909090908,-25.2525252525252,1326.87355832119
-7.07070707070706,-25.2525252525252,1082.10956691162
-5.05050505050504,-25.2525252525252,860.144421787765
-3.03030303030303,-25.2525252525252,658.469383748476
-1.01010101010101,-25.2525252525252,464.348805125167
1.01010101010101,-25.2525252525252,349.545909780651
3.03030303030303,-25.2525252525252,208.136265325394
5.05050505050505,-25.2525252525252,100.391234964184
7.07070707070707,-25.2525252525252,30.6533753796598
9.09090909090909,-25.2525252525252,1.12998714545252
11.1111111111111,-25.2525252525252,12.5028900430536
13.1313131313131,-25.2525252525252,64.1547419159678
15.1515151515152,-25.2525252525252,152.215686295494
17.1717171717172,-25.2525252525252,271.934970908913
19.1919191919192,-25.2525252525252,419.415422152029
21.2121212121212,-25.2525252525252,596.504236133061
23.2323232323232,-25.2525252525252,809.903643473355
25.2525252525253,-25.2525252525252,1057.233560388
27.2727272727273,-25.2525252525252,1323.36036299936
29.2929292929293,-25.2525252525252,1619.39059837377
31.3131313131313,-25.2525252525252,1957.33023182527
33.3333333333333,-25.2525252525252,2330.40717929192
35.3535353535354,-25.2525252525252,2731.25684833971
37.3737373737374,-25.2525252525252,3164.29543200285
39.3939393939394,-25.2525252525252,3627.43216950496
41.4141414141414,-25.2525252525252,4119.45768923752
43.4343434343434,-25.2525252525252,4643.79711300736
45.4545454545455,-25.2525252525252,5195.07945164538
47.4747474747475,-25.2525252525252,5784.54687454401
49.4949494949495,-25.2525252525252,6408.96111854718
51.5151515151515,-25.2525252525252,7062.83380653911
53.5353535353536,-25.2525252525252,7749.52835264329
55.5555555555556,-25.2525252525252,8465.42124804578
57.5757575757576,-25.2525252525252,9205.00871921417
59.5959595959596,-25.2525252525252,9974.44472364283
61.6161616161616,-25.2525252525252,10774.8261181382
63.6363636363637,-25.2525252525252,11606.8063233782
65.6565656565657,-25.2525252525252,12473.7404218306
67.6767676767677,-25.2525252525252,13371.4385102996
69.6969696969697,-25.2525252525252,14301.2277830795
71.7171717171717,-25.2525252525252,15262.7828997744
73.7373737373738,-25.2525252525252,16254.9336663039
75.7575757575758,-25.2525252525252,17279.184697383
77.7777777777778,-25.2525252525252,18334.8595235484
79.7979797979798,-25.2525252525252,19420.1792573657
81.8181818181818,-25.2525252525252,20535.4230500247
83.8383838383839,-25.2525252525252,21677.3532070973
85.8585858585859,-25.2525252525252,22850.2033110965
87.8787878787879,-25.2525252525252,24051.5140246211
89.8989898989899,-25.2525252525252,25283.2451592949
91.919191919192,-25.2525252525252,26547.1207326085
93.9393939393939,-25.2525252525252,27841.7744729037
95.959595959596,-25.2525252525252,29167.2604766352
97.979797979798,-25.2525252525252,30522.7903723219
100,-25.2525252525252,31908.753274779
-100,-23.2323232323232,24831.2401008117
-97.979797979798,-23.2323232323232,23969.4042932689
-95.959595959596,-23.2323232323232,23122.7899831446
-93.9393939393939,-23.2323232323232,22291.410839542
-91.9191919191919,-23.2323232323232,21475.2392716825
-89.8989898989899,-23.2323232323232,20674.2453213919
-87.8787878787879,-23.2323232323232,19885.87084627
-85.8585858585859,-23.2323232323232,19112.3828227106
-83.8383838383838,-23.2323232323232,18354.2045278006
-81.8181818181818,-23.2323232323232,17611.9130833053
-79.7979797979798,-23.2323232323232,16885.4586712688
-77.7777777777778,-23.2323232323232,16174.3057575828
-75.7575757575758,-23.2323232323232,15477.7821953094
-73.7373737373737,-23.2323232323232,14795.383333255
-71.7171717171717,-23.2323232323232,14130.1733279758
-69.6969696969697,-23.2323232323232,13482.3522014638
-67.6767676767677,-23.2323232323232,12850.4098299787
-65.6565656565656,-23.2323232323232,12233.8664230018
-63.6363636363636,-23.2323232323232,11632.0003517336
-61.6161616161616,-23.2323232323232,11044.5500458282
-59.5959595959596,-23.2323232323232,10474.5208305756
-57.5757575757576,-23.2323232323232,9920.49982933938
-55.5555555555556,-23.2323232323232,9377.86786485331
-53.5353535353535,-23.2323232323232,8852.74623092051
-51.5151515151515,-23.2323232323232,8345.56211889029
-49.4949494949495,-23.2323232323232,7854.15505847199
-47.4747474747475,-23.2323232323232,7375.82184224233
-45.4545454545455,-23.2323232323232,6914.75103441076
-43.4343434343434,-23.2323232323232,6473.63810322349
-41.4141414141414,-23.2323232323232,6051.81222683174
-39.3939393939394,-23.2323232323232,5651.16729762774
-37.3737373737374,-23.2323232323232,5260.74437954278
-35.3535353535353,-23.2323232323232,4885.42019715129
-33.3333333333333,-23.2323232323232,4526.961461252
-31.3131313131313,-23.2323232323232,4189.10894587298
-29.2929292929293,-23.2323232323232,3864.52414604881
-27.2727272727273,-23.2323232323232,3567.75150300287
-25.2525252525252,-23.2323232323232,3289.39889032308
-23.2323232323232,-23.2323232323232,3027.12766538451
-21.2121212121212,-23.2323232323232,2764.22962362692
-19.1919191919192,-23.2323232323232,2491.59094777335
-17.1717171717172,-23.2323232323232,2208.59934134806
-15.1515151515151,-23.2323232323232,1941.67791390033
-13.1313131313131,-23.2323232323232,1686.66673095187
-11.1111111111111,-23.2323232323232,1437.71872181908
-9.09090909090908,-23.2323232323232,1197.97693872816
-7.07070707070706,-23.2323232323232,968.21397904745
-5.05050505050504,-23.2323232323232,760.376481796599
-3.03030303030303,-23.2323232323232,571.836701848819
-1.01010101010101,-23.2323232323232,394.024045652108
1.01010101010101,-23.2323232323232,288.936157429488
3.03030303030303,-23.2323232323232,161.614386275472
5.05050505050505,-23.2323232323232,68.4721772792707
7.07070707070707,-23.2323232323232,14.3248176027045
9.09090909090909,-23.2323232323232,0.49419842822419
11.1111111111111,-23.2323232323232,28.0065696507294
13.1313131313131,-23.2323232323232,93.6223676585693
15.1515151515152,-23.2323232323232,193.904940916833
17.1717171717172,-23.2323232323232,320.495586391
19.1919191919192,-23.2323232323232,478.172431190365
21.2121212121212,-23.2323232323232,670.042372804521
23.2323232323232,-23.2323232323232,896.46274017723
25.2525252525253,-23.2323232323232,1142.0002547193
27.2727272727273,-23.2323232323232,1419.68835130851
29.2929292929293,-23.2323232323232,1739.31441989351
31.3131313131313,-23.2323232323232,2090.74435415851
33.3333333333333,-23.2323232323232,2470.12107811277
35.3535353535354,-23.2323232323232,2883.14183346613
37.3737373737374,-23.2323232323232,3323.43372478165
39.3939393939394,-23.2323232323232,3796.3951570754
41.4141414141414,-23.2323232323232,4296.68025521917
43.4343434343434,-23.2323232323232,4833.06534300569
45.4545454545455,-23.2323232323232,5405.37207057122
47.4747474747475,-23.2323232323232,6007.10783375163
49.4949494949495,-23.2323232323232,6641.9967829214
51.5151515151515,-23.2323232323232,7303.60102320685
53.5353535353536,-23.2323232323232,7991.27497660108
55.5555555555556,-23.2323232323232,8709.23519415972
57.5757575757576,-23.2323232323232,9458.54692731241
59.5959595959596,-23.2323232323232,10241.1635617777
61.6161616161616,-23.2323232323232,11056.042098041
63.6363636363637,-23.2323232323232,11902.6171920655
65.6565656565657,-23.2323232323232,12781.2715930901
67.6767676767677,-23.2323232323232,13690.5217786443
69.6969696969697,-23.2323232323232,14631.844419384
71.7171717171717,-23.2323232323232,15604.2766292671
73.7373737373738,-23.2323232323232,16606.9002394008
75.7575757575758,-23.2323232323232,17637.728179884
77.7777777777778,-23.2323232323232,18697.1768313813
79.7979797979798,-23.2323232323232,19786.6046643948
81.8181818181818,-23.2323232323232,20905.255215499
83.8383838383839,-23.2323232323232,22055.44820552
85.8585858585859,-23.2323232323232,23236.8596727181
87.8787878787879,-23.2323232323232,24449.1163592656
89.8989898989899,-23.2323232323232,25691.5597005411
91.919191919192,-23.2323232323232,26964.3885470853
93.9393939393939,-23.2323232323232,28267.9740228671
95.959595959596,-23.2323232323232,29601.7269808984
97.979797979798,-23.2323232323232,30966.6533382366
100,-23.2323232323232,32362.4139903878
-100,-21.2121212121212,24241.8803825033
-97.979797979798,-21.2121212121212,23382.7707161468
-95.959595959596,-21.2121212121212,22538.9995885519
-93.9393939393939,-21.2121212121212,21710.3915607957
-91.9191919191919,-21.2121212121212,20903.6235806888
-89.8989898989899,-21.2121212121212,20113.5243043318
-87.8787878787879,-21.2121212121212,19338.6331202377
-85.8585858585859,-21.2121212121212,18578.9591054929
-83.8383838383838,-21.2121212121212,17834.5106636641
-81.8181818181818,-21.2121212121212,17105.1797770314
-79.7979797979798,-21.2121212121212,16388.5975940962
-77.7777777777778,-21.2121212121212,15687.1053589115
-75.7575757575758,-21.2121212121212,15000.9509130675
-73.7373737373737,-21.2121212121212,14330.9730619835
-71.7171717171717,-21.2121212121212,13676.4198983938
-69.6969696969697,-21.2121212121212,13036.9484272217
-67.6767676767677,-21.2121212121212,12411.5034980175
-65.6565656565656,-21.2121212121212,11802.3490964399
-63.6363636363636,-21.2121212121212,11210.8950070175
-61.6161616161616,-21.2121212121212,10635.306627526
-59.5959595959596,-21.2121212121212,10075.0943753923
-57.5757575757576,-21.2121212121212,9529.43823065708
-55.5555555555556,-21.2121212121212,8998.5381219227
-53.5353535353535,-21.2121212121212,8486.62315794887
-51.5151515151515,-21.2121212121212,7986.75438952314
-49.4949494949495,-21.2121212121212,7500.75672170356
-47.4747474747475,-21.2121212121212,7033.82518054894
-45.4545454545455,-21.2121212121212,6583.30307168665
-43.4343434343434,-21.2121212121212,6146.27648642319
-41.4141414141414,-21.2121212121212,5725.90105566043
-39.3939393939394,-21.2121212121212,5325.52611905083
-37.3737373737374,-21.2121212121212,4944.34420253404
-35.3535353535353,-21.2121212121212,4582.8297009987
-33.3333333333333,-21.2121212121212,4231.88088460452
-31.3131313131313,-21.2121212121212,3896.25265024895
-29.2929292929293,-21.2121212121212,3581.76689189212
-27.2727272727273,-21.2121212121212,3281.71438929089
-25.2525252525252,-21.2121212121212,3003.62803427246
-23.2323232323232,-21.2121212121212,2749.44321312042
-21.2121212121212,-21.2121212121212,2509.73793650095
-19.1919191919192,-21.2121212121212,2269.74604579099
-17.1717171717172,-21.2121212121212,2018.56013817153
-15.1515151515151,-21.2121212121212,1763.8422235073
-13.1313131313131,-21.2121212121212,1526.6832595203
-11.1111111111111,-21.2121212121212,1295.41603427546
-9.09090909090908,-21.2121212121212,1073.51633936953
-7.07070707070706,-21.2121212121212,861.509094466385
-5.05050505050504,-21.2121212121212,666.212116730834
-3.03030303030303,-21.2121212121212,491.260396118134
-1.01010101010101,-21.2121212121212,329.470552908155
1.01010101010101,-21.2121212121212,233.938601398998
3.03030303030303,-21.2121212121212,120.687083671934
5.05050505050505,-21.2121212121212,42.5050892392094
7.07070707070707,-21.2121212121212,4.22242199606339
9.09090909090909,-21.2121212121212,6.28726677545808
11.1111111111111,-21.2121212121212,48.7548217889754
13.1313131313131,-21.2121212121212,127.394382632594
15.1515151515152,-21.2121212121212,234.953610003321
17.1717171717172,-21.2121212121212,372.818884787082
19.1919191919192,-21.2121212121212,543.45233784694
21.2121212121212,-21.2121212121212,748.957995064886
23.2323232323232,-21.2121212121212,973.940170896329
25.2525252525253,-21.2121212121212,1233.24546176824
27.2727272727273,-21.2121212121212,1533.65400745331
29.2929292929293,-21.2121212121212,1862.9988906723
31.3131313131313,-21.2121212121212,2223.12723432599
33.3333333333333,-21.2121212121212,2613.27564839896
35.3535353535354,-21.2121212121212,3034.02040058247
37.3737373737374,-21.2121212121212,3483.65619112808
39.3939393939394,-21.2121212121212,3967.01744381924
41.4141414141414,-21.2121212121212,4487.18796504504
43.4343434343434,-21.2121212121212,5036.76855821587
45.4545454545455,-21.2121212121212,5619.30386486771
47.4747474747475,-21.2121212121212,6227.49715001159
49.4949494949495,-21.2121212121212,6863.31240581511
51.5151515151515,-21.2121212121212,7529.82592111874
53.5353535353536,-21.2121212121212,8228.42764807423
55.5555555555556,-21.2121212121212,8960.60061806987
57.5757575757576,-21.2121212121212,9724.0245778783
59.5959595959596,-21.2121212121212,10519.7853395584
61.6161616161616,-21.2121212121212,11346.1299707189
63.6363636363637,-21.2121212121212,12204.5051015693
65.6565656565657,-21.2121212121212,13093.7437251157
67.6767676767677,-21.2121212121212,14013.6853494704
69.6969696969697,-21.2121212121212,14960.3147722019
71.7171717171717,-21.2121212121212,15937.2524475225
73.7373737373738,-21.2121212121212,16943.1427249863
75.7575757575758,-21.2121212121212,17979.7616550668
77.7777777777778,-21.2121212121212,19047.9534293885
79.7979797979798,-21.2121212121212,20146.9629512435
81.8181818181818,-21.2121212121212,21276.3091055506
83.8383838383839,-21.2121212121212,22435.9984448201
85.8585858585859,-21.2121212121212,23626.3659897247
87.8787878787879,-21.2121212121212,24847.1207395841
89.8989898989899,-21.2121212121212,26098.8160900951
91.919191919192,-21.2121212121212,27381.5316915788
93.9393939393939,-21.2121212121212,28695.420626732
95.959595959596,-21.2121212121212,30040.7383574259
97.979797979798,-21.2121212121212,31416.057073489
100,-21.2121212121212,32823.3018676064
-100,-19.1919191919192,23663.9412839632
-97.979797979798,-19.1919191919192,22818.2603493626
-95.959595959596,-19.1919191919192,21987.9757621263
-93.9393939393939,-19.1919191919192,21169.5435597471
-91.9191919191919,-19.1919191919192,20366.5114228173
-89.8989898989899,-19.1919191919192,19579.7319945494
-87.8787878787879,-19.1919191919192,18808.4337007765
-85.8585858585859,-19.1919191919192,18052.252632283
-83.8383838383838,-19.1919191919192,17314.0674716029
-81.8181818181818,-19.1919191919192,16595.553144763
-79.7979797979798,-19.1919191919192,15892.3729201262
-77.7777777777778,-19.1919191919192,15204.4237688061
-75.7575757575758,-19.1919191919192,14531.6921835165
-73.7373737373737,-19.1919191919192,13874.0544025112
-71.7171717171717,-19.1919191919192,13229.2781070297
-69.6969696969697,-19.1919191919192,12599.7915418861
-67.6767676767677,-19.1919191919192,11985.8708060409
-65.6565656565656,-19.1919191919192,11387.9240324745
-63.6363636363636,-19.1919191919192,10805.2668778834
-61.6161616161616,-19.1919191919192,10236.8996645487
-59.5959595959596,-19.1919191919192,9683.91137010361
-57.5757575757576,-19.1919191919192,9148.83201549422
-55.5555555555556,-19.1919191919192,8629.59493721879
-53.5353535353535,-19.1919191919192,8125.71438043101
-51.5151515151515,-19.1919191919192,7636.43701787442
-49.4949494949495,-19.1919191919192,7162.19485761536
-47.4747474747475,-19.1919191919192,6705.8243087832
-45.4545454545455,-19.1919191919192,6261.07447306522
-43.4343434343434,-19.1919191919192,5834.31516774341
-41.4141414141414,-19.1919191919192,5424.53940090221
-39.3939393939394,-19.1919191919192,5028.76401091321
-37.3737373737374,-19.1919191919192,4649.10837307856
-35.3535353535353,-19.1919191919192,4289.71711250302
-33.3333333333333,-19.1919191919192,3949.52947038527
-31.3131313131313,-19.1919191919192,3626.29399514215
-29.2929292929293,-19.1919191919192,3315.72485589552
-27.2727272727273,-19.1919191919192,3022.15172773425
-25.2525252525252,-19.1919191919192,2747.35175834058
-23.2323232323232,-19.1919191919192,2489.58058359011
-21.2121212121212,-19.1919191919192,2257.86208359087
-19.1919191919192,-19.1919191919192,2040.80213381937
-17.1717171717172,-19.1919191919192,1823.85422303637
-15.1515151515151,-19.1919191919192,1595.13206706551
-13.1313131313131,-19.1919191919192,1369.76612450839
-11.1111111111111,-19.1919191919192,1159.1072534366
-9.09090909090908,-19.1919191919192,954.39736865014
-7.07070707070706,-19.1919191919192,759.491145124786
-5.05050505050504,-19.1919191919192,577.586895825946
-3.03030303030303,-19.1919191919192,416.799769961736
-1.01010101010101,-19.1919191919192,270.688201369881
1.01010101010101,-19.1919191919192,184.955495720829
3.03030303030303,-19.1919191919192,85.733191841467
5.05050505050505,-19.1919191919192,22.9624438219964
7.07070707070707,-19.1919191919192,0.109073200877857
9.09090909090909,-19.1919191919192,18.1961387270029
11.1111111111111,-19.1919191919192,74.4436892722743
13.1313131313131,-19.1919191919192,163.098244855341
15.1515151515152,-19.1919191919192,280.623493612786
17.1717171717172,-19.1919191919192,430.224932401673
19.1919191919192,-19.1919191919192,614.703265637026
21.2121212121212,-19.1919191919192,819.958816527867
23.2323232323232,-19.1919191919192,1061.38860253742
25.2525252525253,-19.1919191919192,1340.93401403518
27.2727272727273,-19.1919191919192,1648.2569655173
29.2929292929293,-19.1919191919192,1988.3044332722
31.3131313131313,-19.1919191919192,2356.74824148045
33.3333333333333,-19.1919191919192,2756.03081145743
35.3535353535354,-19.1919191919192,3186.40954175305
37.3737373737374,-19.1919191919192,3654.41002352612
39.3939393939394,-19.1919191919192,4151.85158686031
41.4141414141414,-19.1919191919192,4682.06392276245
43.4343434343434,-19.1919191919192,5236.96939013514
45.4545454545455,-19.1919191919192,5821.12626317471
47.4747474747475,-19.1919191919192,6436.49276672246
49.4949494949495,-19.1919191919192,7085.13364775155
51.5151515151515,-19.1919191919192,7765.53743759675
53.5353535353536,-19.1919191919192,8478.15683943339
55.5555555555556,-19.1919191919192,9221.73924352833
57.5757575757576,-19.1919191919192,9997.16417272345
59.5959595959596,-19.1919191919192,10803.2630227393
61.6161616161616,-19.1919191919192,11639.6336050495
63.6363636363637,-19.1919191919192,12503.1755217617
65.6565656565657,-19.1919191919192,13396.9522521287
67.6767676767677,-19.1919191919192,14320.1331087899
69.6969696969697,-19.1919191919192,15275.0291513561
71.7171717171717,-19.1919191919192,16260.8093560276
73.7373737373738,-19.1919191919192,17277.0506212406
75.7575757575758,-19.1919191919192,18323.5925503468
77.7777777777778,-19.1919191919192,19400.659482544
79.7979797979798,-19.1919191919192,20508.4797035116
81.8181818181818,-19.1919191919192,21647.2279658285
83.8383838383839,-19.1919191919192,22816.5814032434
85.8585858585859,-19.1919191919192,24017.9084514125
87.8787878787879,-19.1919191919192,25249.8369636526
89.8989898989899,-19.1919191919192,26512.1768532862
91.919191919192,-19.1919191919192,27807.7287972496
93.9393939393939,-19.1919191919192,29134.2314606029
95.959595959596,-19.1919191919192,30493.0736224552
97.979797979798,-19.1919191919192,31883.7800245805
100,-19.1919191919192,33305.4852633878
-100,-17.1717171717172,23077.9236532059
-97.979797979798,-17.1717171717172,22245.0511367567
-95.959595959596,-17.1717171717172,21427.0875209634
-93.9393939393939,-17.1717171717172,20622.5521358263
-91.9191919191919,-17.1717171717172,19833.6262199883
-89.8989898989899,-17.1717171717172,19060.0990555798
-87.8787878787879,-17.1717171717172,18302.2175954678
-85.8585858585859,-17.1717171717172,17559.4199109208
-83.8383838383838,-17.1717171717172,16829.0360534432
-81.8181818181818,-17.1717171717172,16113.973029717
-79.7979797979798,-17.1717171717172,15414.9881172723
-77.7777777777778,-17.1717171717172,14731.4550351338
-75.7575757575758,-17.1717171717172,14063.0512563956
-73.7373737373737,-17.1717171717172,13415.502031414
-71.7171717171717,-17.1717171717172,12784.0463876711
-69.6969696969697,-17.1717171717172,12167.8155234835
-67.6767676767677,-17.1717171717172,11566.8009809374
-65.6565656565656,-17.1717171717172,10980.7329141493
-63.6363636363636,-17.1717171717172,10407.9221822093
-61.6161616161616,-17.1717171717172,9850.45013389262
-59.5959595959596,-17.1717171717172,9308.80885823231
-57.5757575757576,-17.1717171717172,8782.75908479744
-55.5555555555556,-17.1717171717172,8271.5838714519
-53.5353535353535,-17.1717171717172,7774.88202515343
-51.5151515151515,-17.1717171717172,7296.15353315105
-49.4949494949495,-17.1717171717172,6833.26499286437
-47.4747474747475,-17.1717171717172,6385.66209577134
-45.4545454545455,-17.1717171717172,5952.50863657456
-43.4343434343434,-17.1717171717172,5536.64859164337
-41.4141414141414,-17.1717171717172,5134.37193947272
-39.3939393939394,-17.1717171717172,4747.04494575371
-37.3737373737374,-17.1717171717172,4377.85762735636
-35.3535353535353,-17.1717171717172,4023.28344785713
-33.3333333333333,-17.1717171717172,3684.37922913139
-31.3131313131313,-17.1717171717172,3365.83248791367
-29.2929292929293,-17.1717171717172,3066.76013773334
-27.2727272727273,-17.1717171717172,2781.44042246109
-25.2525252525252,-17.1717171717172,2510.60066300047
-23.2323232323232,-17.1717171717172,2259.83392857987
-21.2121212121212,-17.1717171717172,2024.29886041058
-19.1919191919192,-17.1717171717172,1814.65703958283
-17.1717171717172,-17.1717171717172,1620.31788227431
-15.1515151515151,-17.1717171717172,1426.36045342405
-13.1313131313131,-17.1717171717172,1221.67630855019
-11.1111111111111,-17.1717171717172,1025.42398252911
-9.09090909090908,-17.1717171717172,839.497506065421
-7.07070707070706,-17.1717171717172,662.191815159102
-5.05050505050504,-17.1717171717172,495.021098897274
-3.03030303030303,-17.1717171717172,348.471851318484
-1.01010101010101,-17.1717171717172,217.671823901672
1.01010101010101,-17.1717171717172,141.722568940106
3.03030303030303,-17.1717171717172,56.7981700414926
5.05050505050505,-17.1717171717172,9.33451254170495
7.07070707070707,-17.1717171717172,2.19198198153212
9.09090909090909,-17.1717171717172,35.468805793335
11.1111111111111,-17.1717171717172,104.275087112797
13.1313131313131,-17.1717171717172,201.447201298012
15.1515151515152,-17.1717171717172,330.182348679387
17.1717171717172,-17.1717171717172,493.698069182116
19.1919191919192,-17.1717171717172,679.396534682581
21.2121212121212,-17.1717171717172,902.971105166084
23.2323232323232,-17.1717171717172,1160.30711935968
25.2525252525253,-17.1717171717172,1447.63632658319
27.2727272727273,-17.1717171717172,1765.03155303542
29.2929292929293,-17.1717171717172,2113.54677013512
31.3131313131313,-17.1717171717172,2491.54759256297
33.3333333333333,-17.1717171717172,2907.03783466074
35.3535353535354,-17.1717171717172,3352.55761451788
37.3737373737374,-17.1717171717172,3829.74535005716
39.3939393939394,-17.1717171717172,4332.02367079713
41.4141414141414,-17.1717171717172,4864.68189277429
43.4343434343434,-17.1717171717172,5429.62096122913
45.4545454545455,-17.1717171717172,6027.19637662247
47.4747474747475,-17.1717171717172,6656.69143490405
49.4949494949495,-17.1717171717172,7317.36635552764
51.5151515151515,-17.1717171717172,8009.82580442968
53.5353535353536,-17.1717171717172,8732.83260151707
55.5555555555556,-17.1717171717172,9485.27768694615
57.5757575757576,-17.1717171717172,10266.324238311
59.5959595959596,-17.1717171717172,11076.7504961929
61.6161616161616,-17.1717171717172,11918.0941313828
63.6363636363637,-17.1717171717172,12790.6473504159
65.6565656565657,-17.1717171717172,13693.7660018254
67.6767676767677,-17.1717171717172,14627.1695433061
69.6969696969697,-17.1717171717172,15591.0340667722
71.7171717171717,-17.1717171717172,16585.8432058895
73.7373737373738,-17.1717171717172,17611.4667321023
75.7575757575758,-17.1717171717172,18668.173906651
77.7777777777778,-17.1717171717172,19756.270841929
79.7979797979798,-17.1717171717172,20874.5339373387
81.8181818181818,-17.1717171717172,22025.4824928865
83.8383838383839,-17.1717171717172,23207.7473387084
85.8585858585859,-17.1717171717172,24422.3205406794
87.8787878787879,-17.1717171717172,25668.5159499847
89.8989898989899,-17.1717171717172,26945.7499498205
91.919191919192,-17.1717171717172,28253.9836657751
93.9393939393939,-17.1717171717172,29593.1901276518
95.959595959596,-17.1717171717172,30963.4581020682
97.979797979798,-17.1717171717172,32364.7143315985
100,-17.1717171717172,33797.4903582692
-100,-15.1515151515151,22502.4120284324
-97.979797979798,-15.1515151515151,21677.9427662512
-95.959595959596,-15.1515151515151,20868.8694488128
-93.9393939393939,-15.1515151515151,20074.9364564388
-91.9191919191919,-15.1515151515151,19297.5741921621
-89.8989898989899,-15.1515151515151,18534.8593358357
-87.8787878787879,-15.1515151515151,17787.7749844304
-85.8585858585859,-15.1515151515151,17057.5369728143
-83.8383838383838,-15.1515151515151,16341.6052008041
-81.8181818181818,-15.1515151515151,15640.1190178702
-79.7979797979798,-15.1515151515151,14954.0751754222
-77.7777777777778,-15.1515151515151,14283.6450605575
-75.7575757575758,-15.1515151515151,13628.3318479734
-73.7373737373737,-15.1515151515151,12985.9594526984
-71.7171717171717,-15.1515151515151,12358.8512786082
-69.6969696969697,-15.1515151515151,11747.6705525855
-67.6767676767677,-15.1515151515151,11151.781532353
-65.6565656565656,-15.1515151515151,10573.4001805496
-63.6363636363636,-15.1515151515151,10013.6289127684
-61.6161616161616,-15.1515151515151,9469.1106068954
-59.5959595959596,-15.1515151515151,8939.81965354239
-57.5757575757576,-15.1515151515151,8425.338163968
-55.5555555555556,-15.1515151515151,7924.53372643348
-53.5353535353535,-15.1515151515151,7439.09382654048
-51.5151515151515,-15.1515151515151,6969.64189213612
-49.4949494949495,-15.1515151515151,6515.36855939373
-47.4747474747475,-15.1515151515151,6075.49410418396
-45.4545454545455,-15.1515151515151,5652.8604967558
-43.4343434343434,-15.1515151515151,5246.3279781297
-41.4141414141414,-15.1515151515151,4854.96625751002
-39.3939393939394,-15.1515151515151,4478.24715142922
-37.3737373737374,-15.1515151515151,4118.61785943433
-35.3535353535353,-15.1515151515151,3772.02097324721
-33.3333333333333,-15.1515151515151,3443.25719836045
-31.3131313131313,-15.1515151515151,3129.83471303862
-29.2929292929293,-15.1515151515151,2831.75122833374
-27.2727272727273,-15.1515151515151,2553.75328595031
-25.2525252525252,-15.1515151515151,2294.92202344517
-23.2323232323232,-15.1515151515151,2049.13242610934
-21.2121212121212,-15.1515151515151,1820.21331228098
-19.1919191919192,-15.1515151515151,1608.2487041208
-17.1717171717172,-15.1515151515151,1419.84239279883
-15.1515151515151,-15.1515151515151,1248.28682337094
-13.1313131313131,-15.1515151515151,1077.72751937508
-11.1111111111111,-15.1515151515151,897.672886731825
-9.09090909090908,-15.1515151515151,729.870192582187
-7.07070707070706,-15.1515151515151,569.760478224432
-5.05050505050504,-15.1515151515151,419.430475956509
-3.03030303030303,-15.1515151515151,286.069522708704
-1.01010101010101,-15.1515151515151,170.386980840938
1.01010101010101,-15.1515151515151,104.20570067914
3.03030303030303,-15.1515151515151,33.7101144050234
5.05050505050505,-15.1515151515151,1.76286605097324
7.07070707070707,-15.1515151515151,10.4928285160423
9.09090909090909,-15.1515151515151,57.4507321950831
11.1111111111111,-15.1515151515151,135.289580374728
13.1313131313131,-15.1515151515151,243.294468144401
15.1515151515152,-15.1515151515151,385.942194302495
17.1717171717172,-15.1515151515151,552.0044457252
19.1919191919192,-15.1515151515151,756.598586571507
21.2121212121212,-15.1515151515151,992.151411360864
23.2323232323232,-15.1515151515151,1259.06094201605
25.2525252525253,-15.1515151515151,1555.76648970401
27.2727272727273,-15.1515151515151,1882.12328511962
29.2929292929293,-15.1515151515151,2245.0722710126
31.3131313131313,-15.1515151515151,2638.72228155812
33.3333333333333,-15.1515151515151,3062.32890166413
35.3535353535354,-15.1515151515151,3512.84466883375
37.3737373737374,-15.1515151515151,3994.27566238709
39.3939393939394,-15.1515151515151,4508.82390841308
41.4141414141414,-15.1515151515151,5055.195007192
43.4343434343434,-15.1515151515151,5632.99926423969
45.4545454545455,-15.1515151515151,6242.49409356458
47.4747474747475,-15.1515151515151,6882.49104896754
49.4949494949495,-15.1515151515151,7551.20237064159
51.5151515151515,-15.1515151515151,8249.27899565691
53.5353535353536,-15.1515151515151,8977.165467623
55.5555555555556,-15.1515151515151,9736.47674915497
57.5757575757576,-15.1515151515151,10526.4550021338
59.5959595959596,-15.1515151515151,11346.7199764324
61.6161616161616,-15.1515151515151,12197.4868581401
63.6363636363637,-15.1515151515151,13079.1788937472
65.6565656565657,-15.1515151515151,13991.5539504842
67.6767676767677,-15.1515151515151,14935.629571368
69.6969696969697,-15.1515151515151,15910.0106261647
71.7171717171717,-15.1515151515151,16916.4352600517
73.7373737373738,-15.1515151515151,17954.4652577326
75.7575757575758,-15.1515151515151,19024.715249955
77.7777777777778,-15.1515151515151,20126.4404198927
79.7979797979798,-15.1515151515151,21259.1924024693
81.8181818181818,-15.1515151515151,22422.9269417704
83.8383838383839,-15.1515151515151,23617.6840844178
85.8585858585859,-15.1515151515151,24843.455291659
87.8787878787879,-15.1515151515151,26100.6254879033
89.8989898989899,-15.1515151515151,27388.586793833
91.919191919192,-15.1515151515151,28707.4101652829
93.9393939393939,-15.1515151515151,30061.4022563978
95.959595959596,-15.1515151515151,31447.156336842
97.979797979798,-15.1515151515151,32864.8815332473
100,-15.1515151515151,34312.568994681
-100,-13.1313131313131,21934.3616317033
-97.979797979798,-13.1313131313131,21120.6094155777
-95.959595959596,-13.1313131313131,20322.2735445432
-93.9393939393939,-13.1313131313131,19539.1216325302
-91.9191919191919,-13.1313131313131,18771.3117017204
-89.8989898989899,-13.1313131313131,18019.1210126489
-87.8787878787879,-13.1313131313131,17282.6155864501
-85.8585858585859,-13.1313131313131,16561.4855105789
-83.8383838383838,-13.1313131313131,15855.2806778217
-81.8181818181818,-13.1313131313131,15164.387303668
-79.7979797979798,-13.1313131313131,14489.3669905884
-77.7777777777778,-13.1313131313131,13829.617527832
-75.7575757575758,-13.1313131313131,13185.35076676
-73.7373737373737,-13.1313131313131,12557.7316908216
-71.7171717171717,-13.1313131313131,11944.0855127633
-69.6969696969697,-13.1313131313131,11345.5260395333
-67.6767676767677,-13.1313131313131,10762.5519644289
-65.6565656565656,-13.1313131313131,10194.7343930235
-63.6363636363636,-13.1313131313131,9640.32041786335
-61.6161616161616,-13.1313131313131,9101.15127032683
-59.5959595959596,-13.1313131313131,8577.76648973697
-57.5757575757576,-13.1313131313131,8069.61400418274
-55.5555555555556,-13.1313131313131,7581.12878483445
-53.5353535353535,-13.1313131313131,7108.3349579563
-51.5151515151515,-13.1313131313131,6650.75988715007
-49.4949494949495,-13.1313131313131,6207.90849045963
-47.4747474747475,-13.1313131313131,5779.11621964387
-45.4545454545455,-13.1313131313131,5365.90765667682
-43.4343434343434,-13.1313131313131,4968.35450686206
-41.4141414141414,-13.1313131313131,4585.46828132527
-39.3939393939394,-13.1313131313131,4218.95780752405
-37.3737373737374,-13.1313131313131,3868.77821695783
-35.3535353535353,-13.1313131313131,3533.67152782786
-33.3333333333333,-13.1313131313131,3214.12341825448
-31.3131313131313,-13.1313131313131,2909.53975096084
-29.2929292929293,-13.1313131313131,2620.73489356195
-27.2727272727273,-13.1313131313131,2348.42238734013
-25.2525252525252,-13.1313131313131,2091.2128339039
-23.2323232323232,-13.1313131313131,1853.68693448119
-21.2121212121212,-13.1313131313131,1634.34359916705
-19.1919191919192,-13.1313131313131,1428.21783684165
-17.1717171717172,-13.1313131313131,1241.1178202618
-15.1515151515151,-13.1313131313131,1073.39610536313
-13.1313131313131,-13.1313131313131,924.710577783248
-11.1111111111111,-13.1313131313131,777.661020407185
-9.09090909090908,-13.1313131313131,623.434686855159
-7.07070707070706,-13.1313131313131,482.077735901482
-5.05050505050504,-13.1313131313131,349.265587566968
-3.03030303030303,-13.1313131313131,229.737019382927
-1.01010101010101,-13.1313131313131,128.876536289611
1.01010101010101,-13.1313131313131,72.1578284280866
3.03030303030303,-13.1313131313131,16.4019257178819
5.05050505050505,-13.1313131313131,0.194945399584027
7.07070707070707,-13.1313131313131,24.2169782589495
9.09090909090909,-13.1313131313131,81.9650200427279
11.1111111111111,-13.1313131313131,169.629400705035
13.1313131313131,-13.1313131313131,291.325930649941
15.1515151515152,-13.1313131313131,438.109906423232
17.1717171717172,-13.1313131313131,623.093204029982
19.1919191919192,-13.1313131313131,837.857673777887
21.2121212121212,-13.1313131313131,1083.04869659405
23.2323232323232,-13.1313131313131,1358.26280604564
25.2525252525253,-13.1313131313131,1668.51287137172
27.2727272727273,-13.1313131313131,2010.26907736243
29.2929292929293,-13.1313131313131,2380.57056164524
31.3131313131313,-13.1313131313131,2779.39360588856
33.3333333333333,-13.1313131313131,3210.41729590774
35.3535353535354,-13.1313131313131,3673.72327554202
37.3737373737374,-13.1313131313131,4168.63794471307
39.3939393939394,-13.1313131313131,4695.16285214849
41.4141414141414,-13.1313131313131,5252.24872599555
43.4343434343434,-13.1313131313131,5837.40134664568
45.4545454545455,-13.1313131313131,6452.34093034261
47.4747474747475,-13.1313131313131,7098.31495972827
49.4949494949495,-13.1313131313131,7775.13171192884
51.5151515151515,-13.1313131313131,8482.25707283645
53.5353535353536,-13.1313131313131,9219.91210519976
55.5555555555556,-13.1313131313131,9988.52163747611
57.5757575757576,-13.1313131313131,10788.1047945384
59.5959595959596,-13.1313131313131,11618.775384274
61.6161616161616,-13.1313131313131,12480.5922127236
63.6363636363637,-13.1313131313131,13374.3676562066
65.6565656565657,-13.1313131313131,14300.2880449992
67.6767676767677,-13.1313131313131,15257.5352018358
69.6969696969697,-13.1313131313131,16245.8031621994
71.7171717171717,-13.1313131313131,17265.0709530992
73.7373737373738,-13.1313131313131,18315.3397383277
75.7575757575758,-13.1313131313131,19396.906314504
77.7777777777778,-13.1313131313131,20509.3100795253
79.7979797979798,-13.1313131313131,21653.617778932
81.8181818181818,-13.1313131313131,22831.5885365314
83.8383838383839,-13.1313131313131,24041.8410846133
85.8585858585859,-13.1313131313131,25282.6968285952
87.8787878787879,-13.1313131313131,26554.6095695459
89.8989898989899,-13.1313131313131,27859.059805879
91.919191919192,-13.1313131313131,29194.8067718418
93.9393939393939,-13.1313131313131,30562.7215377802
95.959595959596,-13.1313131313131,31963.7921285257
97.979797979798,-13.1313131313131,33396.8636401125
100,-13.1313131313131,34861.3883697868
-100,-11.1111111111111,21373.6444984829
-97.979797979798,-11.1111111111111,20570.280242547
-95.959595959596,-11.1111111111111,19782.1456543576
-93.9393939393939,-11.1111111111111,19010.234718974
-91.9191919191919,-11.1111111111111,18253.4006953361
-89.8989898989899,-11.1111111111111,17511.9559048941
-87.8787878787879,-11.1111111111111,16785.7728087674
-85.8585858585859,-11.1111111111111,16074.8159536199
-83.8383838383838,-11.1111111111111,15379.2636555185
-81.8181818181818,-11.1111111111111,14699.1367176742
-79.7979797979798,-11.1111111111111,14034.3237607681
-77.7777777777778,-11.1111111111111,13384.7800529939
-75.7575757575758,-11.1111111111111,12750.7619605404
-73.7373737373737,-11.1111111111111,12132.4779464354
-71.7171717171717,-11.1111111111111,11529.3706413913
-69.6969696969697,-11.1111111111111,10941.4067585959
-67.6767676767677,-11.1111111111111,10368.9232293943
-65.6565656565656,-11.1111111111111,9812.1043932402
-63.6363636363636,-11.1111111111111,9270.72818138946
-61.6161616161616,-11.1111111111111,8745.61847453287
-59.5959595959596,-11.1111111111111,8234.46139968792
-57.5757575757576,-11.1111111111111,7738.7893086665
-55.5555555555556,-11.1111111111111,7258.6102141984
-53.5353535353535,-11.1111111111111,6792.11643385313
-51.5151515151515,-11.1111111111111,6340.8608899576
-49.4949494949495,-11.1111111111111,5905.19267628408
-47.4747474747475,-11.1111111111111,5486.54998960294
-45.4545454545455,-11.1111111111111,5085.47353009456
-43.4343434343434,-11.1111111111111,4699.61839962374
-41.4141414141414,-11.1111111111111,4328.44348479799
-39.3939393939394,-11.1111111111111,3971.66162607988
-37.3737373737374,-11.1111111111111,3630.60980775892
-35.3535353535353,-11.1111111111111,3304.72555457796
-33.3333333333333,-11.1111111111111,2994.41780925642
-31.3131313131313,-11.1111111111111,2700.6183943284
-29.2929292929293,-11.1111111111111,2421.82059787362
-27.2727272727273,-11.1111111111111,2158.88549702707
-25.2525252525252,-11.1111111111111,1910.43916882381
-23.2323232323232,-11.1111111111111,1679.04072360431
-21.2121212121212,-11.1111111111111,1462.70813176742
-19.1919191919192,-11.1111111111111,1266.03957794612
-17.1717171717172,-11.1111111111111,1085.6705251508
-15.1515151515151,-11.1111111111111,921.287304435063
-13.1313131313131,-11.1111111111111,775.041311158511
-11.1111111111111,-11.1111111111111,649.58697029538
-9.09090909090908,-11.1111111111111,524.831755985365
-7.07070707070706,-11.1111111111111,399.190718301426
-5.05050505050504,-11.1111111111111,283.669586019968
-3.03030303030303,-11.1111111111111,179.170624161575
-1.01010101010101,-11.1111111111111,93.1088621675492
1.01010101010101,-11.1111111111111,45.9197397799998
3.03030303030303,-11.1111111111111,5.40875851675775
5.05050505050505,-11.1111111111111,4.89662763991912
7.07070707070707,-11.1111111111111,42.215231963152
9.09090909090909,-11.1111111111111,109.4415699231
11.1111111111111,-11.1111111111111,209.946469516655
13.1313131313131,-11.1111111111111,338.068727547466
15.1515151515152,-11.1111111111111,501.702436378129
17.1717171717172,-11.1111111111111,695.65687623315
19.1919191919192,-11.1111111111111,919.694807935395
21.2121212121212,-11.1111111111111,1177.36015930803
23.2323232323232,-11.1111111111111,1466.95444988949
25.2525252525253,-11.1111111111111,1784.40909566787
27.2727272727273,-11.1111111111111,2131.91522822135
29.2929292929293,-11.1111111111111,2512.27767184803
31.3131313131313,-11.1111111111111,2924.28920073878
33.3333333333333,-11.1111111111111,3367.7228321896
35.3535353535354,-11.1111111111111,3841.23320355561
37.3737373737374,-11.1111111111111,4343.58489497935
39.3939393939394,-11.1111111111111,4876.1400577323
41.4141414141414,-11.1111111111111,5439.77753980784
43.4343434343434,-11.1111111111111,6033.76923478911
45.4545454545455,-11.1111111111111,6658.32116433384
47.4747474747475,-11.1111111111111,7313.72121472479
49.4949494949495,-11.1111111111111,8000.54360765632
51.5151515151515,-11.1111111111111,8717.94370781473
53.5353535353536,-11.1111111111111,9467.48119875925
55.5555555555556,-11.1111111111111,10249.0295223493
57.5757575757576,-11.1111111111111,11061.7979259518
59.5959595959596,-11.1111111111111,11905.5739190994
61.6161616161616,-11.1111111111111,12780.364221584
63.6363636363637,-11.1111111111111,13686.355024531
65.6565656565657,-11.1111111111111,14623.2002685553
67.6767676767677,-11.1111111111111,15592.6897941723
69.6969696969697,-11.1111111111111,16595.0805508353
71.7171717171717,-11.1111111111111,17628.9708393778
73.7373737373738,-11.1111111111111,18693.5340662439
75.7575757575758,-11.1111111111111,19790.5198470102
77.7777777777778,-11.1111111111111,20918.777086024
79.7979797979798,-11.1111111111111,22079.679407278
81.8181818181818,-11.1111111111111,23273.4200765635
83.8383838383839,-11.1111111111111,24498.577130401
85.8585858585859,-11.1111111111111,25755.1645357347
87.8787878787879,-11.1111111111111,27043.1324699158
89.8989898989899,-11.1111111111111,28362.4211322304
91.919191919192,-11.1111111111111,29712.8812331185
93.9393939393939,-11.1111111111111,31094.6248735143
95.959595959596,-11.1111111111111,32507.7592576877
97.979797979798,-11.1111111111111,33953.4982850446
100,-11.1111111111111,35430.8511950099
-100,-9.09090909090908,20823.1333903104
-97.979797979798,-9.09090909090908,20029.7985649283
-95.959595959596,-9.09090909090908,19251.8881266011
-93.9393939393939,-9.09090909090908,18489.3720113712
-91.9191919191919,-9.09090909090908,17742.9582886373
-89.8989898989899,-9.09090909090908,17011.6442645046
-87.8787878787879,-9.09090909090908,16295.7243111105
-85.8585858585859,-9.09090909090908,15595.3772947111
-83.8383838383838,-9.09090909090908,14910.4196110792
-81.8181818181818,-9.09090909090908,14240.8471106062
-79.7979797979798,-9.09090909090908,13586.6381962978
-77.7777777777778,-9.09090909090908,12947.5927308012
-75.7575757575758,-9.09090909090908,12324.4483329733
-73.7373737373737,-9.09090909090908,11716.5673760532
-71.7171717171717,-9.09090909090908,11124.0318855982
-69.6969696969697,-9.09090909090908,10546.7014186477
-67.6767676767677,-9.09090909090908,9984.75435500262
-65.6565656565656,-9.09090909090908,9438.25295542757
-63.6363636363636,-9.09090909090908,8906.97731586289
-61.6161616161616,-9.09090909090908,8391.16046912242
-59.5959595959596,-9.09090909090908,7891.08071224007
-57.5757575757576,-9.09090909090908,7406.03796573335
-55.5555555555556,-9.09090909090908,6936.25306513073
-53.5353535353535,-9.09090909090908,6482.32457773018
-51.5151515151515,-9.09090909090908,6043.80833742574
-49.4949494949495,-9.09090909090908,5620.89552790858
-47.4747474747475,-9.09090909090908,5212.67959933253
-45.4545454545455,-9.09090909090908,4819.96961484015
-43.4343434343434,-9.09090909090908,4441.35402902379
-41.4141414141414,-9.09090909090908,4077.98158132664
-39.3939393939394,-9.09090909090908,3730.07399118363
-37.3737373737374,-9.09090909090908,3400.53211248274
-35.3535353535353,-9.09090909090908,3086.39434325631
-33.3333333333333,-9.09090909090908,2786.94675371577
-31.3131313131313,-9.09090909090908,2502.25408075094
-29.2929292929293,-9.09090909090908,2233.15215676728
-27.2727272727273,-9.09090909090908,1979.26439705492
-25.2525252525252,-9.09090909090908,1741.84740502389
-23.2323232323232,-9.09090909090908,1519.34448788616
-21.2121212121212,-9.09090909090908,1312.41568292253
-19.1919191919192,-9.09090909090908,1121.6169052993
-17.1717171717172,-9.09090909090908,946.236192596379
-15.1515151515151,-9.09090909090908,790.369260205723
-13.1313131313131,-9.09090909090908,649.099185976034
-11.1111111111111,-9.09090909090908,525.741023029753
-9.09090909090908,-9.09090909090908,422.913536840045
-7.07070707070706,-9.09090909090908,321.16182837655
-5.05050505050504,-9.09090909090908,223.170232236681
-3.03030303030303,-9.09090909090908,134.72437047061
-1.01010101010101,-9.09090909090908,63.0851021070199
1.01010101010101,-9.09090909090908,25.5887383332351
3.03030303030303,-9.09090909090908,0.351961539192767
5.05050505050505,-9.09090909090908,15.0080024986738
7.07070707070707,-9.09090909090908,62.5103128077981
9.09090909090909,-9.09090909090908,141.784112132156
11.1111111111111,-9.09090909090908,251.246971272609
13.1313131313131,-9.09090909090908,393.781039309336
15.1515151515152,-9.09090909090908,566.49239798469
17.1717171717172,-9.09090909090908,771.613093933529
19.1919191919192,-9.09090909090908,1008.83386034121
21.2121212121212,-9.09090909090908,1273.97471857218
23.2323232323232,-9.09090909090908,1570.94148661176
25.2525252525253,-9.09090909090908,1899.94669616713
27.2727272727273,-9.09090909090908,2260.32798726118
29.2929292929293,-9.09090909090908,2650.48994424875
31.3131313131313,-9.09090909090908,3069.96107700586
33.3333333333333,-9.09090909090908,3520.39620168453
35.3535353535354,-9.09090909090908,4001.2601956543
37.3737373737374,-9.09090909090908,4512.74690627662
39.3939393939394,-9.09090909090908,5055.23189380127
41.4141414141414,-9.09090909090908,5628.57613788648
43.4343434343434,-9.09090909090908,6233.78916376521
45.4545454545455,-9.09090909090908,6870.94979040231
47.4747474747475,-9.09090909090908,7539.23641133026
49.4949494949495,-9.09090909090908,8238.54047647548
51.5151515151515,-9.09090909090908,8968.96422249777
53.5353535353536,-9.09090909090908,9730.28202846843
55.5555555555556,-9.09090909090908,10524.6453283048
57.5757575757576,-9.09090909090908,11351.3544114187
59.5959595959596,-9.09090909090908,12208.628670779
61.6161616161616,-9.09090909090908,13098.1685418121
63.6363636363637,-9.09090909090908,14019.1897666903
65.6565656565657,-9.09090909090908,14973.057111534
67.6767676767677,-9.09090909090908,15958.8633659633
69.6969696969697,-9.09090909090908,16976.1053777295
71.7171717171717,-9.09090909090908,18024.7533252768
73.7373737373738,-9.09090909090908,19104.6029237071
75.7575757575758,-9.09090909090908,20215.7000285379
77.7777777777778,-9.09090909090908,21358.1646530503
79.7979797979798,-9.09090909090908,22533.0795791374
81.8181818181818,-9.09090909090908,23739.4934953001
83.8383838383839,-9.09090909090908,24976.3051981249
85.8585858585859,-9.09090909090908,26244.1270087336
87.8787878787879,-9.09090909090908,27543.3502856204
89.8989898989899,-9.09090909090908,28873.9657455416
91.919191919192,-9.09090909090908,30235.9578315448
93.9393939393939,-9.09090909090908,31629.3421005824
95.959595959596,-9.09090909090908,33054.0967219949
97.979797979798,-9.09090909090908,34510.2489538826
100,-9.09090909090908,35997.7937314889
-100,-7.07070707070706,20279.1658659781
-97.979797979798,-7.07070707070706,19496.4440983615
-95.959595959596,-7.07070707070706,18728.9636800724
-93.9393939393939,-7.07070707070706,17976.8900080281
-91.9191919191919,-7.07070707070706,17240.2193293482
-89.8989898989899,-7.07070707070706,16519.6307179738
-87.8787878787879,-7.07070707070706,15814.8063527762
-85.8585858585859,-7.07070707070706,15125.3625504578
-83.8383838383838,-7.07070707070706,14451.2671126755
-81.8181818181818,-7.07070707070706,13792.5373095209
-79.7979797979798,-7.07070707070706,13148.7042194206
-77.7777777777778,-7.07070707070706,12519.989679535
-75.7575757575758,-7.07070707070706,11906.570269986
-73.7373737373737,-7.07070707070706,11308.5531033487
-71.7171717171717,-7.07070707070706,10726.044440705
-69.6969696969697,-7.07070707070706,10159.2822278052
-67.6767676767677,-7.07070707070706,9607.77137694537
-65.6565656565656,-7.07070707070706,9071.7948349886
-63.6363636363636,-7.07070707070706,8551.20880830257
-61.6161616161616,-7.07070707070706,8046.00295425391
-59.5959595959596,-7.07070707070706,7556.10710130026
-57.5757575757576,-7.07070707070706,7081.80161199175
-55.5555555555556,-7.07070707070706,6622.86762177424
-53.5353535353535,-7.07070707070706,6179.17451586971
-51.5151515151515,-7.07070707070706,5750.86122945535
-49.4949494949495,-7.07070707070706,5337.905719971
-47.4747474747475,-7.07070707070706,4940.30112802023
-45.4545454545455,-7.07070707070706,4558.33675173427
-43.4343434343434,-7.07070707070706,4191.49335046038
-41.4141414141414,-7.07070707070706,3840.25202471674
-39.3939393939394,-7.07070707070706,3504.55048429354
-37.3737373737374,-7.07070707070706,3184.05545747968
-35.3535353535353,-7.07070707070706,2878.80756360474
-33.3333333333333,-7.07070707070706,2588.02832068947
-31.3131313131313,-7.07070707070706,2312.51148627959
-29.2929292929293,-7.07070707070706,2053.50842966564
-27.2727272727273,-7.07070707070706,1811.09026116901
-25.2525252525252,-7.07070707070706,1583.41861292007
-23.2323232323232,-7.07070707070706,1370.83000588849
-21.2121212121212,-7.07070707070706,1173.53906900504
-19.1919191919192,-7.07070707070706,992.456596391408
-17.1717171717172,-7.07070707070706,826.629863593193
-15.1515151515151,-7.07070707070706,676.232027956958
-13.1313131313131,-7.07070707070706,541.834662106004
-11.1111111111111,-7.07070707070706,425.81686917836
-9.09090909090908,-7.07070707070706,325.571036726447
-7.07070707070706,-7.07070707070706,244.693365999963
-5.05050505050504,-7.07070707070706,167.092719785686
-3.03030303030303,-7.07070707070706,96.2932308989076
-1.01010101010101,-7.07070707070706,38.8482705542338
1.01010101010101,-7.07070707070706,11.1098816872526
3.03030303030303,-7.07070707070706,1.40604388914806
5.05050505050505,-7.07070707070706,28.6047109665062
7.07070707070707,-7.07070707070706,86.9258509610947
9.09090909090909,-7.07070707070706,176.884298486486
11.1111111111111,-7.07070707070706,298.304470439192
13.1313131313131,-7.07070707070706,451.271818565092
15.1515151515152,-7.07070707070706,635.809460657926
17.1717171717172,-7.07070707070706,849.598331682877
19.1919191919192,-7.07070707070706,1095.61463674166
21.2121212121212,-7.07070707070706,1372.9813844178
23.2323232323232,-7.07070707070706,1679.86869929621
25.2525252525253,-7.07070707070706,2016.97927331459
27.2727272727273,-7.07070707070706,2384.69125063101
29.2929292929293,-7.07070707070706,2783.07474691875
31.3131313131313,-7.07070707070706,3212.5267639868
33.3333333333333,-7.07070707070706,3673.29415570914
35.3535353535354,-7.07070707070706,4166.04435992326
37.3737373737374,-7.07070707070706,4689.84981814403
39.3939393939394,-7.07070707070706,5244.73611850379
41.4141414141414,-7.07070707070706,5830.71847403766
43.4343434343434,-7.07070707070706,6449.74274063959
45.4545454545455,-7.07070707070706,7099.98244951047
47.4747474747475,-7.07070707070706,7781.98704539423
49.4949494949495,-7.07070707070706,8495.79009404019
51.5151515151515,-7.07070707070706,9242.23844461928
53.5353535353536,-7.07070707070706,10020.118721668
55.5555555555556,-7.07070707070706,10829.4173599259
57.5757575757576,-7.07070707070706,11669.8746575092
59.5959595959596,-7.07070707070706,12541.6833743538
61.6161616161616,-7.07070707070706,13445.7435953651
63.6363636363637,-7.07070707070706,14380.9530441085
65.6565656565657,-7.07070707070706,15346.7667030794
67.6767676767677,-7.07070707070706,16343.9724862779
69.6969696969697,-7.07070707070706,17372.5870272177
71.7171717171717,-7.07070707070706,18432.5646731002
73.7373737373738,-7.07070707070706,19523.9203044636
75.7575757575758,-7.07070707070706,20646.6751212199
77.7777777777778,-7.07070707070706,21800.8257054719
79.7979797979798,-7.07070707070706,22986.3450215118
81.8181818181818,-7.07070707070706,24203.2506095668
83.8383838383839,-7.07070707070706,25451.634973765
85.8585858585859,-7.07070707070706,26730.6268511927
87.8787878787879,-7.07070707070706,28040.5321584667
89.8989898989899,-7.07070707070706,29381.7539074315
91.919191919192,-7.07070707070706,30754.3338257074
93.9393939393939,-7.07070707070706,32158.2463619889
95.959595959596,-7.07070707070706,33593.4859228535
97.979797979798,-7.07070707070706,35060.0635743555
100,-7.07070707070706,36557.9796788668
-100,-5.05050505050504,19752.0554346965
-97.979797979798,-5.05050505050504,18978.484130548
-95.959595959596,-5.05050505050504,18220.3567931706
-93.9393939393939,-5.05050505050504,17478.2185959817
-91.9191919191919,-5.05050505050504,16751.7236786072
-89.8989898989899,-5.05050505050504,16040.6476643721
-87.8787878787879,-5.05050505050504,15345.0662877182
-85.8585858585859,-5.05050505050504,14664.9043746188
-83.8383838383838,-5.05050505050504,14000.8478791696
-81.8181818181818,-5.05050505050504,13351.9580159508
-79.7979797979798,-5.05050505050504,12718.2969958061
-77.7777777777778,-5.05050505050504,12100.0483450295
-75.7575757575758,-5.05050505050504,11497.2016116821
-73.7373737373737,-5.05050505050504,10909.7537352489
-71.7171717171717,-5.05050505050504,10337.7035454212
-69.6969696969697,-5.05050505050504,9781.06664119171
-67.6767676767677,-5.05050505050504,9239.78945785403
-65.6565656565656,-5.05050505050504,8713.83734870357
-63.6363636363636,-5.05050505050504,8203.29633167064
-61.6161616161616,-5.05050505050504,7708.84295148862
-59.5959595959596,-5.05050505050504,7229.80332279254
-57.5757575757576,-5.05050505050504,6766.13158522913
-55.5555555555556,-5.05050505050504,6317.54368337727
-53.5353535353535,-5.05050505050504,5884.07960656179
-51.5151515151515,-5.05050505050504,5465.9752560581
-49.4949494949495,-5.05050505050504,5063.44188358575
-47.4747474747475,-5.05050505050504,4676.34866177239
-45.4545454545455,-5.05050505050504,4304.73405315901
-43.4343434343434,-5.05050505050504,3948.52072687133
-41.4141414141414,-5.05050505050504,3607.66136221216
-39.3939393939394,-5.05050505050504,3282.30051211358
-37.3737373737374,-5.05050505050504,2972.24934858951
-35.3535353535353,-5.05050505050504,2677.56015552342
-33.3333333333333,-5.05050505050504,2398.18453938182
-31.3131313131313,-5.05050505050504,2134.33806672926
-29.2929292929293,-5.05050505050504,1885.81325576382
-27.2727272727273,-5.05050505050504,1652.91565315895
-25.2525252525252,-5.05050505050504,1435.07991202506
-23.2323232323232,-5.05050505050504,1232.14341910012
-21.2121212121212,-5.05050505050504,1044.4395170404
-19.1919191919192,-5.05050505050504,873.703497483982
-17.1717171717172,-5.05050505050504,717.855428415222
-15.1515151515151,-5.05050505050504,577.214098471664
-13.1313131313131,-5.05050505050504,452.442552773219
-11.1111111111111,-5.05050505050504,342.92861756343
-9.09090909090908,-5.05050505050504,249.493187154812
-7.07070707070706,-5.05050505050504,173.38262790082
-5.05050505050504,-5.05050505050504,114.929046975292
-3.03030303030303,-5.05050505050504,62.7301691215853
-1.01010101010101,-5.05050505050504,20.1787925487696
1.01010101010101,-5.05050505050504,2.53476546296488
3.03030303030303,-5.05050505050504,7.72325624670788
5.05050505050505,-5.05050505050504,45.5430941645448
7.07070707070707,-5.05050505050504,115.312118818197
9.09090909090909,-5.05050505050504,216.33511742606
11.1111111111111,-5.05050505050504,348.405223537964
13.1313131313131,-5.05050505050504,511.2923022874
15.1515151515152,-5.05050505050504,705.590575372632
17.1717171717172,-5.05050505050504,929.559429264537
19.1919191919192,-5.05050505050504,1184.1220606334
21.2121212121212,-5.05050505050504,1469.53289378398
23.2323232323232,-5.05050505050504,1785.99927141836
25.2525252525253,-5.05050505050504,2134.3099238139
27.2727272727273,-5.05050505050504,2513.66714233766
29.2929292929293,-5.05050505050504,2924.45299429866
31.3131313131313,-5.05050505050504,3367.50500287535
33.3333333333333,-5.05050505050504,3842.02006990344
35.3535353535354,-5.05050505050504,4348.71217417188
37.3737373737374,-5.05050505050504,4887.22767342212
39.3939393939394,-5.05050505050504,5457.12716193272
41.4141414141414,-5.05050505050504,6058.31960141342
43.4343434343434,-5.05050505050504,6691.46190188721
45.4545454545455,-5.05050505050504,7355.42099787378
47.4747474747475,-5.05050505050504,8050.62105225903
49.4949494949495,-5.05050505050504,8777.20381538904
51.5151515151515,-5.05050505050504,9535.16874323745
53.5353535353536,-5.05050505050504,10324.5307961847
55.5555555555556,-5.05050505050504,11145.2703020804
57.5757575757576,-5.05050505050504,11997.4195995901
59.5959595959596,-5.05050505050504,12880.6452630225
61.6161616161616,-5.05050505050504,13794.7264839851
63.6363636363637,-5.05050505050504,14740.1451558759
65.6565656565657,-5.05050505050504,15716.9018222497
67.6767676767677,-5.05050505050504,16724.9851865946
69.6969696969697,-5.05050505050504,17764.4069077935
71.7171717171717,-5.05050505050504,18835.1444939193
73.7373737373738,-5.05050505050504,19937.2051136184
75.7575757575758,-5.05050505050504,21070.5260243988
77.7777777777778,-5.05050505050504,22235.0195178944
79.7979797979798,-5.05050505050504,23430.8461164011
81.8181818181818,-5.05050505050504,24658.016491084
83.8383838383839,-5.05050505050504,25916.4931502297
85.8585858585859,-5.05050505050504,27206.3001752839
87.8787878787879,-5.05050505050504,28527.4125186617
89.8989898989899,-5.05050505050504,29879.8501942779
91.919191919192,-5.05050505050504,31263.6351483234
93.9393939393939,-5.05050505050504,32678.7250583916
95.959595959596,-5.05050505050504,34125.1075625575
97.979797979798,-5.05050505050504,35602.8384320614
100,-5.05050505050504,37111.9018412887
-100,-3.03030303030303,19246.6759948506
-97.979797979798,-3.03030303030303,18483.4675352723
-95.959595959596,-3.03030303030303,17735.6826422461
-93.9393939393939,-3.03030303030303,17003.4377359281
-91.9191919191919,-3.03030303030303,16286.636881108
-89.8989898989899,-3.03030303030303,15585.2681395623
-87.8787878787879,-3.03030303030303,14899.3280405755
-85.8585858585859,-3.03030303030303,14228.8371143773
-83.8383838383838,-3.03030303030303,13573.771360023
-81.8181818181818,-3.03030303030303,12934.1488941276
-79.7979797979798,-3.03030303030303,12309.9573572327
-77.7777777777778,-3.03030303030303,11701.2103354619
-75.7575757575758,-3.03030303030303,11107.7833630029
-73.7373737373737,-3.03030303030303,10529.7905048527
-71.7171717171717,-3.03030303030303,9967.22935025228
-69.6969696969697,-3.03030303030303,9420.01933613991
-67.6767676767677,-3.03030303030303,8888.26185660359
-65.6565656565656,-3.03030303030303,8371.94117228257
-63.6363636363636,-3.03030303030303,7871.07589966005
-61.6161616161616,-3.03030303030303,7385.65753459097
-59.5959595959596,-3.03030303030303,6915.64940537388
-57.5757575757576,-3.03030303030303,6461.07127368847
-55.5555555555556,-3.03030303030303,6021.94780049862
-53.5353535353535,-3.03030303030303,5598.4522692039
-51.5151515151515,-3.03030303030303,5190.63435118649
-49.4949494949495,-3.03030303030303,4798.27197931359
-47.4747474747475,-3.03030303030303,4421.48169846634
-45.4545454545455,-3.03030303030303,4060.1528030121
-43.4343434343434,-3.03030303030303,3714.18074690628
-41.4141414141414,-3.03030303030303,3383.6144853383
-39.3939393939394,-3.03030303030303,3068.45376422788
-37.3737373737374,-3.03030303030303,2768.65256476137
-35.3535353535353,-3.03030303030303,2484.33271614114
-33.3333333333333,-3.03030303030303,2215.70826730676
-31.3131313131313,-3.03030303030303,1962.32554338683
-29.2929292929293,-3.03030303030303,1724.1402977137
-27.2727272727273,-3.03030303030303,1501.44265213528
-25.2525252525252,-3.03030303030303,1294.20068157368
-23.2323232323232,-3.03030303030303,1102.35419029893
-21.2121212121212,-3.03030303030303,925.919938856649
-19.1919191919192,-3.03030303030303,764.816070231948
-17.1717171717172,-3.03030303030303,619.127800630052
-15.1515151515151,-3.03030303030303,488.895160747022
-13.1313131313131,-3.03030303030303,373.705619450687
-11.1111111111111,-3.03030303030303,274.235238178215
-9.09090909090908,-3.03030303030303,190.291882025629
-7.07070707070706,-3.03030303030303,121.849750741077
-5.05050505050504,-3.03030303030303,69.1751672863283
-3.03030303030303,-3.03030303030303,33.620749638209
-1.01010101010101,-3.03030303030303,7.49604259127858
1.01010101010101,-3.03030303030303,0.0250891756169685
3.03030303030303,-3.03030303030303,17.5980587949736
5.05050505050505,-3.03030303030303,66.8060415696833
7.07070707070707,-3.03030303030303,146.975087871048
9.09090909090909,-3.03030303030303,258.133854561879
11.1111111111111,-3.03030303030303,399.576415439879
13.1313131313131,-3.03030303030303,571.912902384858
15.1515151515152,-3.03030303030303,775.756125265775
17.1717171717172,-3.03030303030303,1011.1583765645
19.1919191919192,-3.03030303030303,1278.2713704776
21.2121212121212,-3.03030303030303,1577.43054790368
23.2323232323232,-3.03030303030303,1907.99966675099
25.2525252525253,-3.03030303030303,2270.0848766471
27.2727272727273,-3.03030303030303,2663.27313843836
29.2929292929293,-3.03030303030303,3087.8450059874
31.3131313131313,-3.03030303030303,3543.80520404723
33.3333333333333,-3.03030303030303,4031.06254408787
35.3535353535354,-3.03030303030303,4549.34810039956
37.3737373737374,-3.03030303030303,5098.94556772126
39.3939393939394,-3.03030303030303,5679.87529067755
41.4141414141414,-3.03030303030303,6292.13726926844
43.4343434343434,-3.03030303030303,6935.6590699178
45.4545454545455,-3.03030303030303,7610.44900222921
47.4747474747475,-3.03030303030303,8316.56328692584
49.4949494949495,-3.03030303030303,9053.99956363663
51.5151515151515,-3.03030303030303,9822.75650121713
53.5353535353536,-3.03030303030303,10622.835672347
55.5555555555556,-3.03030303030303,11454.2225606085
57.5757575757576,-3.03030303030303,12316.9478922825
59.5959595959596,-3.03030303030303,13210.9838449128
61.6161616161616,-3.03030303030303,14136.3293315947
63.6363636363637,-3.03030303030303,15092.9888892242
65.6565656565657,-3.03030303030303,16080.971649251
67.6767676767677,-3.03030303030303,17100.2779739717
69.6969696969697,-3.03030303030303,18151.0110130815
71.7171717171717,-3.03030303030303,19233.1251675167
73.7373737373738,-3.03030303030303,20346.5729109802
75.7575757575758,-3.03030303030303,21491.3590796815
77.7777777777778,-3.03030303030303,22667.4522358477
79.7979797979798,-3.03030303030303,23874.883575683
81.8181818181818,-3.03030303030303,25113.6489876841
83.8383838383839,-3.03030303030303,26383.7339632274
85.8585858585859,-3.03030303030303,27685.1580887127
87.8787878787879,-3.03030303030303,29017.9220888475
89.8989898989899,-3.03030303030303,30382.0107303022
91.919191919192,-3.03030303030303,31777.4236507214
93.9393939393939,-3.03030303030303,33204.1438050062
95.959595959596,-3.03030303030303,34662.2208790396
97.979797979798,-3.03030303030303,36151.6160672012
100,-3.03030303030303,37672.3404913208
-100,-1.01010101010101,18757.0190179896
-97.979797979798,-1.01010101010101,18003.4387866316
-95.959595959596,-1.01010101010101,17265.3204155025
-93.9393939393939,-1.01010101010101,16542.6435156503
-91.9191919191919,-1.01010101010101,15835.4162765836
-89.8989898989899,-1.01010101010101,15143.6424537803
-87.8787878787879,-1.01010101010101,14467.3199574541
-85.8585858585859,-1.01010101010101,13806.434317016
-83.8383838383838,-1.01010101010101,13161.0144312333
-81.8181818181818,-1.01010101010101,12531.0249930324
-79.7979797979798,-1.01010101010101,11916.489055917
-77.7777777777778,-1.01010101010101,11317.4063654264
-75.7575757575758,-1.01010101010101,10733.7845714564
-73.7373737373737,-1.01010101010101,10165.5981680231
-71.7171717171717,-1.01010101010101,9612.8662528081
-69.6969696969697,-1.01010101010101,9075.57681499108
-67.6767676767677,-1.01010101010101,8553.75165919266
-65.6565656565656,-1.01010101010101,8047.36898079227
-63.6363636363636,-1.01010101010101,7556.41615182378
-61.6161616161616,-1.01010101010101,7080.8989327974
-59.5959595959596,-1.01010101010101,6620.83499117233
-57.5757575757576,-1.01010101010101,6176.22300053798
-55.5555555555556,-1.01010101010101,5747.06411765382
-53.5353535353535,-1.01010101010101,5333.35710093493
-51.5151515151515,-1.01010101010101,4935.09980651311
-49.4949494949495,-1.01010101010101,4552.28837078324
-47.4747474747475,-1.01010101010101,4184.92454429618
-45.4545454545455,-1.01010101010101,3833.01368672331
-43.4343434343434,-1.01010101010101,3496.55670034252
-41.4141414141414,-1.01010101010101,3175.55087832008
-39.3939393939394,-1.01010101010101,2870.00015366413
-37.3737373737374,-1.01010101010101,2579.90072060896
-35.3535353535353,-1.01010101010101,2305.25466519279
-33.3333333333333,-1.01010101010101,2046.05950807005
-31.3131313131313,-1.01010101010101,1802.321461103
-29.2929292929293,-1.01010101010101,1574.03158822621
-27.2727272727273,-1.01010101010101,1361.19703636656
-25.2525252525252,-1.01010101010101,1163.82100402714
-23.2323232323232,-1.01010101010101,981.926062292118
-21.2121212121212,-1.01010101010101,815.500483823492
-19.1919191919192,-1.01010101010101,664.518180559975
-17.1717171717172,-1.01010101010101,528.963520227302
-15.1515151515151,-1.01010101010101,408.833347771749
-13.1313131313131,-1.01010101010101,304.168801395083
-11.1111111111111,-1.01010101010101,215.013960054772
-9.09090909090908,-1.01010101010101,141.323953021904
-7.07070707070706,-1.01010101010101,83.049469029197
-5.05050505050504,-1.01010101010101,40.1892889372503
-3.03030303030303,-1.01010101010101,12.6872951375221
-1.01010101010101,-1.01010101010101,0.766727390193053
1.01010101010101,-1.01010101010101,2.68432057657254
3.03030303030303,-1.01010101010101,31.0076461983911
5.05050505050505,-1.01010101010101,90.7432963601117
7.07070707070707,-1.01010101010101,181.936922346552
9.09090909090909,-1.01010101010101,304.386413943882
11.1111111111111,-1.01010101010101,458.14609024768
13.1313131313131,-1.01010101010101,643.213945374359
15.1515151515152,-1.01010101010101,859.602715248726
17.1717171717172,-1.01010101010101,1107.33635511297
19.1919191919192,-1.01010101010101,1386.40912454494
21.2121212121212,-1.01010101010101,1696.81201236137
23.2323232323232,-1.01010101010101,2038.54391245103
25.2525252525253,-1.01010101010101,2411.60585822087
27.2727272727273,-1.01010101010101,2815.99519681938
29.2929292929293,-1.01010101010101,3251.71930633603
31.3131313131313,-1.01010101010101,3718.79006528256
33.3333333333333,-1.01010101010101,4217.19042141809
35.3535353535354,-1.01010101010101,4746.92360132897
37.3737373737374,-1.01010101010101,5307.99089789278
39.3939393939394,-1.01010101010101,5900.38564094786
41.4141414141414,-1.01010101010101,6524.11450065588
43.4343434343434,-1.01010101010101,7179.17913226236
45.4545454545455,-1.01010101010101,7865.56789986905
47.4747474747475,-1.01010101010101,8583.29102570757
49.4949494949495,-1.01010101010101,9332.35329432957
51.5151515151515,-1.01010101010101,10112.7402670938
53.5353535353536,-1.01010101010101,10924.4606071854
55.5555555555556,-1.01010101010101,11767.5128405427
57.5757575757576,-1.01010101010101,12641.9003984461
59.5959595959596,-1.01010101010101,13547.6058829163
61.6161616161616,-1.01010101010101,14484.6572273502
63.6363636363637,-1.01010101010101,15453.0369129811
65.6565656565657,-1.01010101010101,16452.7504490962
67.6767676767677,-1.01010101010101,17483.7980168797
69.6969696969697,-1.01010101010101,18546.1694074757
71.7171717171717,-1.01010101010101,19639.7911905583
73.7373737373738,-1.01010101010101,20764.7180476495
75.7575757575758,-1.01010101010101,21920.9978689473
77.7777777777778,-1.01010101010101,23108.5910762861
79.7979797979798,-1.01010101010101,24327.5203822123
81.8181818181818,-1.01010101010101,25577.7572272523
83.8383838383839,-1.01010101010101,26859.3451752913
85.8585858585859,-1.01010101010101,28172.2450600186
87.8787878787879,-1.01010101010101,29516.4662804796
89.8989898989899,-1.01010101010101,30892.013838146
91.919191919192,-1.01010101010101,32298.9151559532
93.9393939393939,-1.01010101010101,33737.1272026576
95.959595959596,-1.01010101010101,35206.6546173896
97.979797979798,-1.01010101010101,36707.5200631777
100,-1.01010101010101,38239.7182969928
-100,1.01010101010101,18663.1978249096
-97.979797979798,1.01010101010101,17911.5893245337
-95.959595959596,1.01010101010101,17175.4399389208
-93.9393939393939,1.01010101010101,16454.7293314045
-91.9191919191919,1.01010101010101,15749.4618407157
-89.8989898989899,1.01010101010101,15059.6433388631
-87.8787878787879,1.01010101010101,14385.2828492208
-85.8585858585859,1.01010101010101,13726.3563682192
-83.8383838383838,1.01010101010101,13082.8857300636
-81.8181818181818,1.01010101010101,12454.8566754575
-79.7979797979798,1.01010101010101,11842.2778885301
-77.7777777777778,1.01010101010101,11245.1426424883
-75.7575757575758,1.01010101010101,10663.4590701858
-73.7373737373737,1.01010101010101,10097.2129904685
-71.7171717171717,1.01010101010101,9546.37385838838
-69.6969696969697,1.01010101010101,9010.96683595699
-67.6767676767677,1.01010101010101,8491.00469832947
-65.6565656565656,1.01010101010101,7986.42522737582
-63.6363636363636,1.01010101010101,7497.13437431894
-61.6161616161616,1.01010101010101,7023.31569574163
-59.5959595959596,1.01010101010101,6564.96113716446
-57.5757575757576,1.01010101010101,6122.07798930472
-55.5555555555556,1.01010101010101,5694.65064654799
-53.5353535353535,1.01010101010101,5282.69121765985
-51.5151515151515,1.01010101010101,4886.20264788249
-49.4949494949495,1.01010101010101,4505.17303477904
-47.4747474747475,1.01010101010101,4139.61295958912
-45.4545454545455,1.01010101010101,3789.51533792241
-43.4343434343434,1.01010101010101,3454.88369075853
-41.4141414141414,1.01010101010101,3135.71923613123
-39.3939393939394,1.01010101010101,2832.01725332878
-37.3737373737374,1.01010101010101,2543.78511420125
-35.3535353535353,1.01010101010101,2271.09374459087
-33.3333333333333,1.01010101010101,2013.91724168723
-31.3131313131313,1.01010101010101,1772.18723642036
-29.2929292929293,1.01010101010101,1545.90843731883
-27.2727272727273,1.01010101010101,1335.07823255463
-25.2525252525252,1.01010101010101,1139.69674935494
-23.2323232323232,1.01010101010101,959.794369150479
-21.2121212121212,1.01010101010101,795.411490985098
-19.1919191919192,1.01010101010101,646.476237135983
-17.1717171717172,1.01010101010101,512.974588537359
-15.1515151515151,1.01010101010101,394.771658571242
-13.1313131313131,1.01010101010101,292.181400741113
-11.1111111111111,1.01010101010101,205.134514081177
-9.09090909090908,1.01010101010101,133.641533100829
-7.07070707070706,1.01010101010101,77.445615405844
-5.05050505050504,1.01010101010101,36.2956141796874
-3.03030303030303,1.01010101010101,11.0306370086715
-1.01010101010101,1.01010101010101,0.609967101065995
1.01010101010101,1.01010101010101,6.91211090104351
3.03030303030303,1.01010101010101,42.7253290093068
5.05050505050505,1.01010101010101,109.922662255636
7.07070707070707,1.01010101010101,207.736253389303
9.09090909090909,1.01010101010101,336.727489572381
11.1111111111111,1.01010101010101,497.561631154019
13.1313131313131,1.01010101010101,689.967231331458
15.1515151515152,1.01010101010101,913.937988393676
17.1717171717172,1.01010101010101,1168.97023279612
19.1919191919192,1.01010101010101,1455.41957187315
21.2121212121212,1.01010101010101,1773.18036022936
23.2323232323232,1.01010101010101,2122.2190619999
25.2525252525253,1.01010101010101,2502.34908512501
27.2727272727273,1.01010101010101,2913.75244093337
29.2929292929293,1.01010101010101,3356.81691314641
31.3131313131313,1.01010101010101,3831.28034152727
33.3333333333333,1.01010101010101,4337.0987924938
35.3535353535354,1.01010101010101,4874.27014650694
37.3737373737374,1.01010101010101,5442.83445738205
39.3939393939394,1.01010101010101,6042.86230252667
41.4141414141414,1.01010101010101,6674.17179074237
43.4343434343434,1.01010101010101,7336.79093158444
45.4545454545455,1.01010101010101,8030.76479902429
47.4747474747475,1.01010101010101,8756.09482088791
49.4949494949495,1.01010101010101,9512.77969018271
51.5151515151515,1.01010101010101,10300.7373281159
53.5353535353536,1.01010101010101,11120.0289280598
55.5555555555556,1.01010101010101,11970.6662147321
57.5757575757576,1.01010101010101,12852.602300142
59.5959595959596,1.01010101010101,13765.7945142879
61.6161616161616,1.01010101010101,14710.3191094167
63.6363636363637,1.01010101010101,15686.1831862436
65.6565656565657,1.01010101010101,16693.3987548495
67.6767676767677,1.01010101010101,17731.9101909999
69.6969696969697,1.01010101010101,18801.7534428313
71.7171717171717,1.01010101010101,19902.9324533044
73.7373737373738,1.01010101010101,21035.4383701242
75.7575757575758,1.01010101010101,22199.2977501762
77.7777777777778,1.01010101010101,23394.5027075448
79.7979797979798,1.01010101010101,24621.0108701539
81.8181818181818,1.01010101010101,25878.8638852976
83.8383838383839,1.01010101010101,27168.0624777537
85.8585858585859,1.01010101010101,28488.5970704456
87.8787878787879,1.01010101010101,29840.4676633732
89.8989898989899,1.01010101010101,31223.6796490605
91.919191919192,1.01010101010101,32638.2223632568
93.9393939393939,1.01010101010101,34084.0898094525
95.959595959596,1.01010101010101,35561.3330571062
97.979797979798,1.01010101010101,37069.9546430079
100,1.01010101010101,38609.8851457369
-100,3.03030303030303,18245.8642149113
-97.979797979798,3.03030303030303,17502.3453940441
-95.959595959596,3.03030303030303,16774.3043810644
-93.9393939393939,3.03030303030303,16061.7365445662
-91.9191919191919,3.03030303030303,15364.6281356465
-89.8989898989899,3.03030303030303,14682.9758382691
-87.8787878787879,3.03030303030303,14016.9934597819
-85.8585858585859,3.03030303030303,13366.6031115225
-83.8383838383838,3.03030303030303,12731.6761978157
-81.8181818181818,3.03030303030303,12112.196587035
-79.7979797979798,3.03030303030303,11508.1594956967
-77.7777777777778,3.03030303030303,10919.5765941695
-75.7575757575758,3.03030303030303,10346.4381882609
-73.7373737373737,3.03030303030303,9788.75673706099
-71.7171717171717,3.03030303030303,9246.5154644964
-69.6969696969697,3.03030303030303,8719.72368307923
-67.6767676767677,3.03030303030303,8208.393834847
-65.6565656565656,3.03030303030303,7712.50065404004
-63.6363636363636,3.03030303030303,7232.0777264807
-61.6161616161616,3.03030303030303,6767.10293299767
-59.5959595959596,3.03030303030303,6317.56899669038
-57.5757575757576,3.03030303030303,5883.53286060014
-55.5555555555556,3.03030303030303,5465.10988013403
-53.5353535353535,3.03030303030303,5062.18774255618
-51.5151515151515,3.03030303030303,4674.71566403657
-49.4949494949495,3.03030303030303,4302.6708298006
-47.4747474747475,3.03030303030303,3946.04867225078
-45.4545454545455,3.03030303030303,3604.85271571228
-43.4343434343434,3.03030303030303,3279.09681336399
-41.4141414141414,3.03030303030303,2968.77672563355
-39.3939393939394,3.03030303030303,2673.52096292967
-37.3737373737374,3.03030303030303,2393.73033489582
-35.3535353535353,3.03030303030303,2129.50694486363
-33.3333333333333,3.03030303030303,1881.0068871387
-31.3131313131313,3.03030303030303,1648.15431440836
-29.2929292929293,3.03030303030303,1430.65777320572
-27.2727272727273,3.03030303030303,1228.72182611108
-25.2525252525252,3.03030303030303,1042.44261483061
-23.2323232323232,3.03030303030303,871.611366505155
-21.2121212121212,3.03030303030303,716.33116251304
-19.1919191919192,3.03030303030303,576.299755026557
-17.1717171717172,3.03030303030303,451.278720976719
-15.1515151515151,3.03030303030303,341.430353996789
-13.1313131313131,3.03030303030303,246.466379558074
-11.1111111111111,3.03030303030303,166.914657270717
-9.09090909090908,3.03030303030303,103.877832191612
-7.07070707070706,3.03030303030303,56.6588565560348
-5.05050505050504,3.03030303030303,25.7044752526604
-3.03030303030303,3.03030303030303,6.75809792846801
-1.01010101010101,3.03030303030303,0.110628533380438
1.01010101010101,3.03030303030303,13.393756710673
3.03030303030303,3.03030303030303,56.8763691988143
5.05050505050505,3.03030303030303,141.942843696947
7.07070707070707,3.03030303030303,252.735879329133
9.09090909090909,3.03030303030303,394.093172728561
11.1111111111111,3.03030303030303,566.612303047492
13.1313131313131,3.03030303030303,769.899072584576
15.1515151515152,3.03030303030303,1004.14758920367
17.1717171717172,3.03030303030303,1267.91363236207
19.1919191919192,3.03030303030303,1562.90688666887
21.2121212121212,3.03030303030303,1889.65975759587
23.2323232323232,3.03030303030303,2248.68934428076
25.2525252525253,3.03030303030303,2639.48647573565
27.2727272727273,3.03030303030303,3061.82219189401
29.2929292929293,3.03030303030303,3515.73238587051
31.3131313131313,3.03030303030303,4001.20459000128
33.3333333333333,3.03030303030303,4518.4549911605
35.3535353535354,3.03030303030303,5067.21293046735
37.3737373737374,3.03030303030303,5647.13316823922
39.3939393939394,3.03030303030303,6257.67913311835
41.4141414141414,3.03030303030303,6899.60992311683
43.4343434343434,3.03030303030303,7573.35921637485
45.4545454545455,3.03030303030303,8278.453970173
47.4747474747475,3.03030303030303,9014.5142419926
49.4949494949495,3.03030303030303,9781.91697802106
51.5151515151515,3.03030303030303,10580.856622733
53.5353535353536,3.03030303030303,11411.3473212678
55.5555555555556,3.03030303030303,12272.4841174325
57.5757575757576,3.03030303030303,13164.6145444792
59.5959595959596,3.03030303030303,14088.0560928837
61.6161616161616,3.03030303030303,15042.7763437016
63.6363636363637,3.03030303030303,16028.8158054054
65.6565656565657,3.03030303030303,17046.0868209699
67.6767676767677,3.03030303030303,18094.6612308467
69.6969696969697,3.03030303030303,19175.3553541864
71.7171717171717,3.03030303030303,20287.5617657945
73.7373737373738,3.03030303030303,21431.1203665528
75.7575757575758,3.03030303030303,22606.0128028246
77.7777777777778,3.03030303030303,23812.2894262816
79.7979797979798,3.03030303030303,25049.9044736619
81.8181818181818,3.03030303030303,26318.881611983
83.8383838383839,3.03030303030303,27619.1759207057
85.8585858585859,3.03030303030303,28950.8731358082
87.8787878787879,3.03030303030303,30313.9024948272
89.8989898989899,3.03030303030303,31708.2679820251
91.919191919192,3.03030303030303,33134.1518263601
93.9393939393939,3.03030303030303,34591.627338552
95.959595959596,3.03030303030303,36080.4195455063
97.979797979798,3.03030303030303,37600.5547722042
100,3.03030303030303,39151.7296452636
-100,5.05050505050505,17766.5063876734
-97.979797979798,5.05050505050505,17033.3319804671
-95.959595959596,5.05050505050505,16315.6235880013
-93.9393939393939,5.05050505050505,15613.3438391628
-91.9191919191919,5.05050505050505,14926.5573900071
-89.8989898989899,5.05050505050505,14255.518066425
-87.8787878787879,5.05050505050505,13599.9094954263
-85.8585858585859,5.05050505050505,12959.8846670466
-83.8383838383838,5.05050505050505,12335.2749129171
-81.8181818181818,5.05050505050505,11726.1074330985
-79.7979797979798,5.05050505050505,11132.3632468088
-77.7777777777778,5.05050505050505,10554.0471839135
-75.7575757575758,5.05050505050505,9991.14526332587
-73.7373737373737,5.05050505050505,9443.67320321526
-71.7171717171717,5.05050505050505,8911.62197949052
-69.6969696969697,5.05050505050505,8395.00036198583
-67.6767676767677,5.05050505050505,7893.9950569189
-65.6565656565656,5.05050505050505,7408.06543330182
-63.6363636363636,5.05050505050505,6937.18698276699
-61.6161616161616,5.05050505050505,6481.76422273601
-59.5959595959596,5.05050505050505,6041.80596466622
-57.5757575757576,5.05050505050505,5617.2089007914
-55.5555555555556,5.05050505050505,5208.62831176648
-53.5353535353535,5.05050505050505,4815.64297799503
-51.5151515151515,5.05050505050505,4438.08720325566
-49.4949494949495,5.05050505050505,4076.55260590517
-47.4747474747475,5.05050505050505,3729.98533955715
-45.4545454545455,5.05050505050505,3399.14849641326
-43.4343434343434,5.05050505050505,3083.72834790554
-41.4141414141414,5.05050505050505,2783.66143904586
-39.3939393939394,5.05050505050505,2499.74951386921
-37.3737373737374,5.05050505050505,2231.05063102072
-35.3535353535353,5.05050505050505,1977.62014434159
-33.3333333333333,5.05050505050505,1740.12575414821
-31.3131313131313,5.05050505050505,1517.70567075655
-29.2929292929293,5.05050505050505,1310.1510028785
-27.2727272727273,5.05050505050505,1117.7573259443
-25.2525252525252,5.05050505050505,940.620556387355
-23.2323232323232,5.05050505050505,778.275956945745
-21.2121212121212,5.05050505050505,630.835232864573
-19.1919191919192,5.05050505050505,498.706560080666
-17.1717171717172,5.05050505050505,382.676384260762
-15.1515151515151,5.05050505050505,283.536059270876
-13.1313131313131,5.05050505050505,199.742896352501
-11.1111111111111,5.05050505050505,131.773713677365
-9.09090909090908,5.05050505050505,80.115153299173
-7.07070707070706,5.05050505050505,43.4554812410295
-5.05050505050504,5.05050505050505,17.0441648352669
-3.03030303030303,5.05050505050505,1.88791736859688
-1.01010101010101,5.05050505050505,2.88521088903743
1.01010101010101,5.05050505050505,24.0973495533402
3.03030303030303,5.05050505050505,71.4334797621217
5.05050505050505,5.05050505050505,161.221841772374
7.07070707070707,5.05050505050505,296.09486081228
9.09090909090909,5.05050505050505,453.748884343807
11.1111111111111,5.05050505050505,638.16725859693
13.1313131313131,5.05050505050505,853.850614679794
15.1515151515152,5.05050505050505,1100.07835458023
17.1717171717172,5.05050505050505,1377.93723758837
19.1919191919192,5.05050505050505,1686.47589640615
21.2121212121212,5.05050505050505,2025.87300584599
23.2323232323232,5.05050505050505,2396.51471914747
25.2525252525253,5.05050505050505,2796.70464325908
27.2727272727273,5.05050505050505,3226.533098256
29.2929292929293,5.05050505050505,3687.47102117488
31.3131313131313,5.05050505050505,4180.42303774708
33.3333333333333,5.05050505050505,4704.68940090137
35.3535353535354,5.05050505050505,5261.95573410808
37.3737373737374,5.05050505050505,5850.87648667198
39.3939393939394,5.05050505050505,6471.55297229824
41.4141414141414,5.05050505050505,7123.95431263759
43.4343434343434,5.05050505050505,7807.73141337007
45.4545454545455,5.05050505050505,8523.04329771577
47.4747474747475,5.05050505050505,9270.16764642977
49.4949494949495,5.05050505050505,10048.689294939
51.5151515151515,5.05050505050505,10859.085120179
53.5353535353536,5.05050505050505,11701.1186739739
55.5555555555556,5.05050505050505,12574.5329345158
57.5757575757576,5.05050505050505,13479.7309632383
59.5959595959596,5.05050505050505,14415.2187465118
61.6161616161616,5.05050505050505,15381.3423442933
63.6363636363637,5.05050505050505,16378.7802398545
65.6565656565657,5.05050505050505,17407.5145156747
67.6767676767677,5.05050505050505,18468.4543050143
69.6969696969697,5.05050505050505,19560.7883353463
71.7171717171717,5.05050505050505,20684.4869711491
73.7373737373738,5.05050505050505,21839.1789473334
75.7575757575758,5.05050505050505,23024.9210698102
77.7777777777778,5.05050505050505,24242.0026557308
79.7979797979798,5.05050505050505,25490.4135979561
81.8181818181818,5.05050505050505,26770.6671071445
83.8383838383839,5.05050505050505,28082.4209975765
85.8585858585859,5.05050505050505,29425.5171786233
87.8787878787879,5.05050505050505,30798.4592220409
89.8989898989899,5.05050505050505,32202.6006071641
91.919191919192,5.05050505050505,33638.0407980309
93.9393939393939,5.05050505050505,35104.785512497
95.959595959596,5.05050505050505,36602.8117584137
97.979797979798,5.05050505050505,38132.166123706
100,5.05050505050505,39692.8200190989
-100,7.07070707070707,17302.6326952638
-97.979797979798,7.07070707070707,16579.758368652
-95.959595959596,7.07070707070707,15872.2812694094
-93.9393939393939,7.07070707070707,15180.3234978563
-91.9191919191919,7.07070707070707,14504.0790026739
-89.8989898989899,7.07070707070707,13842.4162971742
-87.8787878787879,7.07070707070707,13195.9144862688
-85.8585858585859,7.07070707070707,12564.8611372374
-83.8383838383838,7.07070707070707,11949.2821607048
-81.8181818181818,7.07070707070707,11349.1505295881
-79.7979797979798,7.07070707070707,10764.4007707723
-77.7777777777778,7.07070707070707,10195.3473887165
-75.7575757575758,7.07070707070707,9642.27845422518
-73.7373737373737,7.07070707070707,9104.81105024096
-71.7171717171717,7.07070707070707,8582.74577488051
-69.6969696969697,7.07070707070707,8076.50175803053
-67.6767676767677,7.07070707070707,7586.10894154227
-65.6565656565656,7.07070707070707,7110.54385536907
-63.6363636363636,7.07070707070707,6650.61537910175
-61.6161616161616,7.07070707070707,6206.35032519938
-59.5959595959596,7.07070707070707,5777.44465924769
-57.5757575757576,7.07070707070707,5363.8924130598
-55.5555555555556,7.07070707070707,4966.09814309614
-53.5353535353535,7.07070707070707,4584.40084748306
-51.5151515151515,7.07070707070707,4217.83730268235
-49.4949494949495,7.07070707070707,3866.58268897403
-47.4747474747475,7.07070707070707,3530.75402092647
-45.4545454545455,7.07070707070707,3210.95144520028
-43.4343434343434,7.07070707070707,2906.09820936684
-41.4141414141414,7.07070707070707,2616.11050418016
-39.3939393939394,7.07070707070707,2341.18054509354
-37.3737373737374,7.07070707070707,2081.40753202096
-35.3535353535353,7.07070707070707,1836.76362859425
-33.3333333333333,7.07070707070707,1607.59821730272
-31.3131313131313,7.07070707070707,1392.56865336531
-29.2929292929293,7.07070707070707,1192.66604298426
-27.2727272727273,7.07070707070707,1008.31609765619
-25.2525252525252,7.07070707070707,839.143909497214
-23.2323232323232,7.07070707070707,686.689795279137
-21.2121212121212,7.07070707070707,551.321010260329
-19.1919191919192,7.07070707070707,431.138600253416
-17.1717171717172,7.07070707070707,327.060824138508
-15.1515151515151,7.07070707070707,238.162976887102
-13.1313131313131,7.07070707070707,165.730716365595
-11.1111111111111,7.07070707070707,109.737668894333
-9.09090909090908,7.07070707070707,65.6978567955388
-7.07070707070706,7.07070707070707,31.9567892773744
-5.05050505050504,7.07070707070707,8.73007465017265
-3.03030303030303,7.07070707070707,0.00481064130996779
-1.01010101010101,7.07070707070707,9.37313658056804
1.01010101010101,7.07070707070707,38.8453363505457
3.03030303030303,7.07070707070707,93.4081900820174
5.05050505050505,7.07070707070707,181.973305231989
7.07070707070707,7.07070707070707,318.729160581113
9.09090909090909,7.07070707070707,505.050118980091
11.1111111111111,7.07070707070707,708.977678094077
13.1313131313131,7.07070707070707,940.630194609486
15.1515151515152,7.07070707070707,1199.02576115097
17.1717171717172,7.07070707070707,1488.94038077597
19.1919191919192,7.07070707070707,1809.68138767294
21.2121212121212,7.07070707070707,2160.67708670692
23.2323232323232,7.07070707070707,2543.9269913113
25.2525252525253,7.07070707070707,2957.75523658237
27.2727272727273,7.07070707070707,3402.33951149557
29.2929292929293,7.07070707070707,3877.84777016385
31.3131313131313,7.07070707070707,4384.68972084251
33.3333333333333,7.07070707070707,4922.24333932599
35.3535353535354,7.07070707070707,5487.68646486093
37.3737373737374,7.07070707070707,6083.59447473285
39.3939393939394,7.07070707070707,6710.1677066342
41.4141414141414,7.07070707070707,7369.40126512708
43.4343434343434,7.07070707070707,8060.23210243973
45.4545454545455,7.07070707070707,8782.14057397389
47.4747474747475,7.07070707070707,9537.38730730437
49.4949494949495,7.07070707070707,10324.1988330947
51.5151515151515,7.07070707070707,11143.2453296543
53.5353535353536,7.07070707070707,11993.7527819608
55.5555555555556,7.07070707070707,12876.2363760349
57.5757575757576,7.07070707070707,13790.0760244266
59.5959595959596,7.07070707070707,14735.2972151258
61.6161616161616,7.07070707070707,15711.8900822902
63.6363636363637,7.07070707070707,16720.6517843517
65.6565656565657,7.07070707070707,17760.83154801
67.6767676767677,7.07070707070707,18832.41361018
69.6969696969697,7.07070707070707,19935.8647813549
71.7171717171717,7.07070707070707,21071.1858304394
73.7373737373738,7.07070707070707,22237.9453994954
75.7575757575758,7.07070707070707,23436.0874258079
77.7777777777778,7.07070707070707,24665.7896833034
79.7979797979798,7.07070707070707,25927.4645518092
81.8181818181818,7.07070707070707,27218.21086544
83.8383838383839,7.07070707070707,28539.9131131989
85.8585858585859,7.07070707070707,29892.9021828311
87.8787878787879,7.07070707070707,31277.2071958724
89.8989898989899,7.07070707070707,32692.7829217906
91.919191919192,7.07070707070707,34140.8377072622
93.9393939393939,7.07070707070707,35620.3684591904
95.959595959596,7.07070707070707,37131.251969985
97.979797979798,7.07070707070707,38673.5224351416
100,7.07070707070707,40247.1312385686
-100,9.09090909090909,16841.2038418194
-97.979797979798,9.09090909090909,16127.9839435151
-95.959595959596,9.09090909090909,15430.4602419894
-93.9393939393939,9.09090909090909,14748.4907863618
-91.9191919191919,9.09090909090909,14081.9558458096
-89.8989898989899,9.09090909090909,13430.8751158462
-87.8787878787879,9.09090909090909,12796.1672551437
-85.8585858585859,9.09090909090909,12176.8387373326
-83.8383838383838,9.09090909090909,11572.2579662443
-81.8181818181818,9.09090909090909,10983.1152781058
-79.7979797979798,9.09090909090909,10410.0173921711
-77.7777777777778,9.09090909090909,9852.26279085582
-75.7575757575758,9.09090909090909,9309.87162860037
-73.7373737373737,9.09090909090909,8782.83755117837
-71.7171717171717,9.09090909090909,8271.1562685756
-69.6969696969697,9.09090909090909,7775.94344714065
-67.6767676767677,9.09090909090909,7296.39188400114
-65.6565656565656,9.09090909090909,6831.98336348687
-63.6363636363636,9.09090909090909,6382.54935632483
-61.6161616161616,9.09090909090909,5948.90074942192
-59.5959595959596,9.09090909090909,5530.98885812731
-57.5757575757576,9.09090909090909,5128.81137598365
-55.5555555555556,9.09090909090909,4741.52282279889
-53.5353535353535,9.09090909090909,4369.19534960162
-51.5151515151515,9.09090909090909,4011.66536256757
-49.4949494949495,9.09090909090909,3669.38726139641
-47.4747474747475,9.09090909090909,3342.22444228067
-45.4545454545455,9.09090909090909,3030.16195371155
-43.4343434343434,9.09090909090909,2733.77400377289
-41.4141414141414,9.09090909090909,2452.00540908416
-39.3939393939394,9.09090909090909,2184.30089336387
-37.3737373737374,9.09090909090909,1931.9145368077
-35.3535353535353,9.09090909090909,1695.47397282607
-33.3333333333333,9.09090909090909,1473.43543398188
-31.3131313131313,9.09090909090909,1267.87772094599
-29.2929292929293,9.09090909090909,1078.9534469126
-27.2727272727273,9.09090909090909,907.248770930732
-25.2525252525252,9.09090909090909,751.239887970009
-23.2323232323232,9.09090909090909,610.465640040719
-21.2121212121212,9.09090909090909,485.523036811821
-19.1919191919192,9.09090909090909,375.81296788845
-17.1717171717172,9.09090909090909,282.669468566231
-15.1515151515151,9.09090909090909,206.075359402915
-13.1313131313131,9.09090909090909,143.990075780313
-11.1111111111111,9.09090909090909,92.5136919124008
-9.09090909090908,9.09090909090909,51.3954573580099
-7.07070707070706,9.09090909090909,20.6133003594432
-5.05050505050504,9.09090909090909,2.93451181083672
-3.03030303030303,9.09090909090909,1.67952233330238
-1.01010101010101,9.09090909090909,19.6592491329752
1.01010101010101,9.09090909090909,57.8172728434132
3.03030303030303,9.09090909090909,118.724105832307
5.05050505050505,9.09090909090909,214.2095599022
7.07070707070707,9.09090909090909,344.161991277883
9.09090909090909,9.09090909090909,529.398412664195
11.1111111111111,9.09090909090909,768.571799325879
13.1313131313131,9.09090909090909,1019.21861693858
15.1515151515152,9.09090909090909,1297.95590275557
17.1717171717172,9.09090909090909,1602.96143370398
19.1919191919192,9.09090909090909,1935.28454908497
21.2121212121212,9.09090909090909,2299.04473502654
23.2323232323232,9.09090909090909,2694.01585617558
25.2525252525253,9.09090909090909,3119.30266721191
27.2727272727273,9.09090909090909,3575.88914192308
29.2929292929293,9.09090909090909,4064.3487554518
31.3131313131313,9.09090909090909,4583.79192708811
33.3333333333333,9.09090909090909,5133.54699520223
35.3535353535354,9.09090909090909,5714.18119856675
37.3737373737374,9.09090909090909,6325.81713510034
39.3939393939394,9.09090909090909,6968.86672122842
41.4141414141414,9.09090909090909,7643.1862127498
43.4343434343434,9.09090909090909,8345.5655575646
45.4545454545455,9.09090909090909,9077.11696486741
47.4747474747475,9.09090909090909,9839.08986414169
49.4949494949495,9.09090909090909,10631.6805172004
51.5151515151515,9.09090909090909,11456.8043977936
53.5353535353536,9.09090909090909,12313.5204067317
55.5555555555556,9.09090909090909,13202.3229015276
57.5757575757576,9.09090909090909,14121.853600743
59.5959595959596,9.09090909090909,15074.7712345027
61.6161616161616,9.09090909090909,16060.1249293489
63.6363636363637,9.09090909090909,17076.5970222565
65.6565656565657,9.09090909090909,18125.8037036192
67.6767676767677,9.09090909090909,19206.0901340334
69.6969696969697,9.09090909090909,20318.6442546139
71.7171717171717,9.09090909090909,21462.5568559897
73.7373737373738,9.09090909090909,22637.853794955
75.7575757575758,9.09090909090909,23844.5067950128
77.7777777777778,9.09090909090909,25082.4745314102
79.7979797979798,9.09090909090909,26352.6823207748
81.8181818181818,9.09090909090909,27654.521907881
83.8383838383839,9.09090909090909,28987.7467998572
85.8585858585859,9.09090909090909,30352.3888972146
87.8787878787879,9.09090909090909,31748.7766359618
89.8989898989899,9.09090909090909,33177.3953277333
91.919191919192,9.09090909090909,34637.4414221286
93.9393939393939,9.09090909090909,36128.9373958323
95.959595959596,9.09090909090909,37651.8010716295
97.979797979798,9.09090909090909,39206.0522644487
100,9.09090909090909,40792.427708466
-100,11.1111111111111,16396.9550493631
-97.979797979798,11.1111111111111,15694.7257357882
-95.959595959596,11.1111111111111,15008.1317368103
-93.9393939393939,11.1111111111111,14336.8991274594
-91.9191919191919,11.1111111111111,13681.0203881793
-89.8989898989899,11.1111111111111,13040.4904183804
-87.8787878787879,11.1111111111111,12415.3233270017
-85.8585858585859,11.1111111111111,11805.749058169
-83.8383838383838,11.1111111111111,11213.1196236307
-81.8181818181818,11.1111111111111,10635.7187132558
-79.7979797979798,11.1111111111111,10073.475345191
-77.7777777777778,11.1111111111111,9526.10621775165
-75.7575757575758,11.1111111111111,8994.88926366511
-73.7373737373737,11.1111111111111,8477.96758116097
-71.7171717171717,11.1111111111111,7978.25680001795
-69.6969696969697,11.1111111111111,7493.7013134148
-67.6767676767677,11.1111111111111,7023.98483365394
-65.6565656565656,11.1111111111111,6569.36230704071
-63.6363636363636,11.1111111111111,6129.26770805195
-61.6161616161616,11.1111111111111,5704.39426084987
-59.5959595959596,11.1111111111111,5294.77031193856
-57.5757575757576,11.1111111111111,4900.21541407407
-55.5555555555556,11.1111111111111,4520.71527832883
-53.5353535353535,11.1111111111111,4156.81309967028
-51.5151515151515,11.1111111111111,3808.28422846883
-49.4949494949495,11.1111111111111,3473.74147853738
-47.4747474747475,11.1111111111111,3153.4800062532
-45.4545454545455,11.1111111111111,2848.58047481096
-43.4343434343434,11.1111111111111,2559.66668626153
-41.4141414141414,11.1111111111111,2285.6158053705
-39.3939393939394,11.1111111111111,2026.94379290839
-37.3737373737374,11.1111111111111,1784.98009397798
-35.3535353535353,11.1111111111111,1559.4651583313
-33.3333333333333,11.1111111111111,1351.46529274632
-31.3131313131313,11.1111111111111,1159.71065935836
-29.2929292929293,11.1111111111111,981.978119342793
-27.2727272727273,11.1111111111111,820.712064904489
-25.2525252525252,11.1111111111111,675.207340645025
-23.2323232323232,11.1111111111111,544.721569416253
-21.2121212121212,11.1111111111111,431.105175164977
-19.1919191919192,11.1111111111111,333.117827788072
-17.1717171717172,11.1111111111111,252.241418700207
-15.1515151515151,11.1111111111111,182.740140725075
-13.1313131313131,11.1111111111111,123.817880735685
-11.1111111111111,11.1111111111111,75.3560213382437
-9.09090909090908,11.1111111111111,36.9510570600936
-7.07070707070706,11.1111111111111,10.859549884436
-5.05050505050504,11.1111111111111,0.19136699815586
-3.03030303030303,11.1111111111111,7.14700904709092
-1.01010101010101,11.1111111111111,33.7398732866202
1.01010101010101,11.1111111111111,80.6415668185324
3.03030303030303,11.1111111111111,147.183992272173
5.05050505050505,11.1111111111111,251.381317712048
7.07070707070707,11.1111111111111,385.554137778897
9.09090909090909,11.1111111111111,557.665338678606
11.1111111111111,11.1111111111111,793.229466365018
13.1313131313131,11.1111111111111,1086.06873859281
15.1515151515152,11.1111111111111,1384.53024658483
17.1717171717172,11.1111111111111,1708.94090385874
19.1919191919192,11.1111111111111,2062.50239888951
21.2121212121212,11.1111111111111,2440.75573005691
23.2323232323232,11.1111111111111,2846.92675925558
25.2525252525253,11.1111111111111,3284.18595933918
27.2727272727273,11.1111111111111,3754.49844035353
29.2929292929293,11.1111111111111,4254.21311263385
31.3131313131313,11.1111111111111,4783.61716921955
33.3333333333333,11.1111111111111,5345.71061549954
35.3535353535354,11.1111111111111,5939.2712717212
37.3737373737374,11.1111111111111,6564.34403657169
39.3939393939394,11.1111111111111,7219.4373037696
41.4141414141414,11.1111111111111,7905.35948962765
43.4343434343434,11.1111111111111,8622.02936117961
45.4545454545455,11.1111111111111,9369.78458633782
47.4747474747475,11.1111111111111,10149.0502454424
49.4949494949495,11.1111111111111,10959.5960879028
51.5151515151515,11.1111111111111,11800.2828166893
53.5353535353536,11.1111111111111,12667.3078702958
55.5555555555556,11.1111111111111,13565.0181899341
57.5757575757576,11.1111111111111,14493.0323516059
59.5959595959596,11.1111111111111,15451.6994714559
61.6161616161616,11.1111111111111,16442.3003455391
63.6363636363637,11.1111111111111,17465.4745968176
65.6565656565657,11.1111111111111,18520.1741032118
67.6767676767677,11.1111111111111,19606.5657625976
69.6969696969697,11.1111111111111,20723.8229379587
71.7171717171717,11.1111111111111,21874.3523843784
73.7373737373738,11.1111111111111,23058.1121787219
75.7575757575758,11.1111111111111,24272.8119152115
77.7777777777778,11.1111111111111,25519.4074500136
79.7979797979798,11.1111111111111,26798.556440792
81.8181818181818,11.1111111111111,28108.7442080401
83.8383838383839,11.1111111111111,29451.2001851824
85.8585858585859,11.1111111111111,30825.1845010523
87.8787878787879,11.1111111111111,32230.5198909406
89.8989898989899,11.1111111111111,33667.2977594446
91.919191919192,11.1111111111111,35135.3655461819
93.9393939393939,11.1111111111111,36634.7966493898
95.959595959596,11.1111111111111,38166.2669430237
97.979797979798,11.1111111111111,39729.7283241814
100,11.1111111111111,41324.6105402468
-100,13.1313131313131,15968.1062731409
-97.979797979798,13.1313131313131,15277.5983651259
-95.959595959596,13.1313131313131,14602.3907770465
-93.9393939393939,13.1313131313131,13942.3186981876
-91.9191919191919,13.1313131313131,13297.0143124206
-89.8989898989899,13.1313131313131,12667.5404104226
-87.8787878787879,13.1313131313131,12053.3646355986
-85.8585858585859,13.1313131313131,11454.6345764738
-83.8383838383838,13.1313131313131,10872.5530734258
-81.8181818181818,13.1313131313131,10305.6229867804
-79.7979797979798,13.1313131313131,9753.47574639534
-77.7777777777778,13.1313131313131,9216.39503537719
-75.7575757575758,13.1313131313131,8693.98697789595
-73.7373737373737,13.1313131313131,8186.52010936342
-71.7171717171717,13.1313131313131,7694.30963350968
-69.6969696969697,13.1313131313131,7217.32858071916
-67.6767676767677,13.1313131313131,6755.37668768929
-65.6565656565656,13.1313131313131,6308.46402833369
-63.6363636363636,13.1313131313131,5876.9382615024
-61.6161616161616,13.1313131313131,5461.43087522706
-59.5959595959596,13.1313131313131,5060.13716044788
-57.5757575757576,13.1313131313131,4672.84839315275
-55.5555555555556,13.1313131313131,4300.11291886136
-53.5353535353535,13.1313131313131,3942.71660107631
-51.5151515151515,13.1313131313131,3601.52146924835
-49.4949494949495,13.1313131313131,3275.37342579933
-47.4747474747475,13.1313131313131,2963.62014379274
-45.4545454545455,13.1313131313131,2668.53225226144
-43.4343434343434,13.1313131313131,2390.30714437744
-41.4141414141414,13.1313131313131,2128.22806490039
-39.3939393939394,13.1313131313131,1883.99237889696
-37.3737373737374,13.1313131313131,1656.31442292653
-35.3535353535353,13.1313131313131,1442.33384934459
-33.3333333333333,13.1313131313131,1244.56509195397
-31.3131313131313,13.1313131313131,1062.70278293224
-29.2929292929293,13.1313131313131,896.088970983677
-27.2727272727273,13.1313131313131,744.88820421414
-25.2525252525252,13.1313131313131,610.707891773825
-23.2323232323232,13.1313131313131,491.892062947929
-21.2121212121212,13.1313131313131,390.404069467662
-19.1919191919192,13.1313131313131,302.995978397086
-17.1717171717172,13.1313131313131,226.340072581679
-15.1515151515151,13.1313131313131,159.692888868245
-13.1313131313131,13.1313131313131,103.87194201939
-11.1111111111111,13.1313131313131,57.8562243063428
-9.09090909090908,13.1313131313131,23.7535098674515
-7.07070707070706,13.1313131313131,4.21161234201352
-5.05050505050504,13.1313131313131,0.812485334238311
-3.03030303030303,13.1313131313131,16.4702797580716
-1.01010101010101,13.1313131313131,51.5691490044215
1.01010101010101,13.1313131313131,107.248465284145
3.03030303030303,13.1313131313131,180.171693648775
5.05050505050505,13.1313131313131,292.312114219209
7.07070707070707,13.1313131313131,433.601781704778
9.09090909090909,13.1313131313131,608.608723043144
11.1111111111111,13.1313131313131,824.370622514883
13.1313131313131,13.1313131313131,1110.22251689305
15.1515151515152,13.1313131313131,1455.93450451242
17.1717171717172,13.1313131313131,1804.07868212995
19.1919191919192,13.1313131313131,2175.37655975493
21.2121212121212,13.1313131313131,2575.09074385002
23.2323232323232,13.1313131313131,3001.98706361404
25.2525252525253,13.1313131313131,3453.94323734673
27.2727272727273,13.1313131313131,3933.96485812296
29.2929292929293,13.1313131313131,4444.47489756028
31.3131313131313,13.1313131313131,4989.56896116014
33.3333333333333,13.1313131313131,5563.27179067606
35.3535353535354,13.1313131313131,6168.77055622907
37.3737373737374,13.1313131313131,6802.85438583724
39.3939393939394,13.1313131313131,7470.14794635321
41.4141414141414,13.1313131313131,8168.7538986873
43.4343434343434,13.1313131313131,8899.56746163093
45.4545454545455,13.1313131313131,9660.09382097316
47.4747474747475,13.1313131313131,10451.1268787533
49.4949494949495,13.1313131313131,11273.0717666329
51.5151515151515,13.1313131313131,12125.8727282846
53.5353535353536,13.1313131313131,13009.7531296199
55.5555555555556,13.1313131313131,13925.2446849458
57.5757575757576,13.1313131313131,14872.0050868394
59.5959595959596,13.1313131313131,15849.9118493024
61.6161616161616,13.1313131313131,16854.3619850785
63.6363636363637,13.1313131313131,17887.4977431249
65.6565656565657,13.1313131313131,18951.3715645306
67.6767676767677,13.1313131313131,20045.418146765
69.6969696969697,13.1313131313131,21170.1506924435
71.7171717171717,13.1313131313131,22325.9146760639
73.7373737373738,13.1313131313131,23515.6844815497
75.7575757575758,13.1313131313131,24736.2379005828
77.7777777777778,13.1313131313131,25989.1318460542
79.7979797979798,13.1313131313131,27273.0369108874
81.8181818181818,13.1313131313131,28588.0606153353
83.8383838383839,13.1313131313131,29936.0097135974
85.8585858585859,13.1313131313131,31317.8987004967
87.8787878787879,13.1313131313131,32731.2376258802
89.8989898989899,13.1313131313131,34175.4574702684
91.919191919192,13.1313131313131,35652.3764958634
93.9393939393939,13.1313131313131,37161.4960474602
95.959595959596,13.1313131313131,38701.6623975395
97.979797979798,13.1313131313131,40273.8719428715
100,13.1313131313131,41877.9330040447
-100,15.1515151515152,15558.2544814602
-97.979797979798,15.1515151515152,14878.3481974677
-95.959595959596,15.1515151515152,14213.8883595013
-93.9393939393939,15.1515151515152,13564.5746189341
-91.9191919191919,15.1515151515152,12930.0136444646
-89.8989898989899,15.1515151515152,12310.4734999112
-87.8787878787879,15.1515151515152,11705.8321918477
-85.8585858585859,15.1515151515152,11115.7659711079
-83.8383838383838,15.1515151515152,10540.9478537163
-81.8181818181818,15.1515151515152,9981.39854273989
-79.7979797979798,15.1515151515152,9437.07132789758
-77.7777777777778,15.1515151515152,8907.7072640622
-75.7575757575758,15.1515151515152,8393.37447964371
-73.7373737373737,15.1515151515152,7894.41533425284
-71.7171717171717,15.1515151515152,7411.37275670835
-69.6969696969697,15.1515151515152,6943.51369958059
-67.6767676767677,15.1515151515152,6489.50101509821
-65.6565656565656,15.1515151515152,6049.42281281217
-63.6363636363636,15.1515151515152,5624.19399241561
-61.6161616161616,15.1515151515152,5214.34200676566
-59.5959595959596,15.1515151515152,4820.85302271429
-57.5757575757576,15.1515151515152,4442.61290838388
-55.5555555555556,15.1515151515152,4078.38194937544
-53.5353535353535,15.1515151515152,3730.1777813035
-51.5151515151515,15.1515151515152,3398.30919059906
-49.4949494949495,15.1515151515152,3083.86053448916
-47.4747474747475,15.1515151515152,2785.2460226645
-45.4545454545455,15.1515151515152,2504.77230598511
-43.4343434343434,15.1515151515152,2240.98978160919
-41.4141414141414,15.1515151515152,1991.36078336486
-39.3939393939394,15.1515151515152,1756.35643240407
-37.3737373737374,15.1515151515152,1538.62335386604
-35.3535353535353,15.1515151515152,1336.05814687381
-33.3333333333333,15.1515151515152,1148.12598677892
-31.3131313131313,15.1515151515152,976.31345171835
-29.2929292929293,15.1515151515152,821.645394541861
-27.2727272727273,15.1515151515152,681.863084416952
-25.2525252525252,15.1515151515152,559.089176394264
-23.2323232323232,15.1515151515152,453.111849327768
-21.2121212121212,15.1515151515152,358.315788840021
-19.1919191919192,15.1515151515152,274.280596368817
-17.1717171717172,15.1515151515152,200.13139547116
-15.1515151515151,15.1515151515152,136.923949099448
-13.1313131313131,15.1515151515152,83.4638483980407
-11.1111111111111,15.1515151515152,41.7295970055339
-9.09090909090908,15.1515151515152,13.2141723486063
-7.07070707070706,15.1515151515152,0.615319325265569
-5.05050505050504,15.1515151515152,5.13708968584682
-3.03030303030303,15.1515151515152,29.571753920386
-1.01010101010101,15.1515151515152,73.1432068023323
1.01010101010101,15.1515151515152,137.788043826122
3.03030303030303,15.1515151515152,216.694387970694
5.05050505050505,15.1515151515152,335.62337277913
7.07070707070707,15.1515151515152,486.001377105078
9.09090909090909,15.1515151515152,666.404314336699
11.1111111111111,15.1515151515152,883.80631084154
13.1313131313131,15.1515151515152,1144.06217185077
15.1515151515152,15.1515151515152,1480.37644906605
17.1717171717172,15.1515151515152,1879.1692984071
19.1919191919192,15.1515151515152,2278.58932667886
21.2121212121212,15.1515151515152,2696.44979743975
23.2323232323232,15.1515151515152,3141.83314080868
25.2525252525253,15.1515151515152,3616.75462045436
27.2727272727273,15.1515151515152,4116.61892039688
29.2929292929293,15.1515151515152,4642.58673058095
31.3131313131313,15.1515151515152,5196.3969814269
33.3333333333333,15.1515151515152,5780.22923631097
35.3535353535354,15.1515151515152,6399.74154303062
37.3737373737374,15.1515151515152,7048.73219888105
39.3939393939394,15.1515151515152,7727.68218531859
41.4141414141414,15.1515151515152,8436.67767651318
43.4343434343434,15.1515151515152,9176.69230073712
45.4545454545455,15.1515151515152,9949.19230912408
47.4747474747475,15.1515151515152,10752.9271215318
49.4949494949495,15.1515151515152,11589.4809325379
51.5151515151515,15.1515151515152,12455.4013564069
53.5353535353536,15.1515151515152,13351.6397084194
55.5555555555556,15.1515151515152,14278.8884259293
57.5757575757576,15.1515151515152,15236.7848950342
59.5959595959596,15.1515151515152,16225.7069855492
61.6161616161616,15.1515151515152,17245.7163300725
63.6363636363637,15.1515151515152,18297.4317701558
65.6565656565657,15.1515151515152,19380.4355394265
67.6767676767677,15.1515151515152,20494.5578717134
69.6969696969697,15.1515151515152,21638.2665048187
71.7171717171717,15.1515151515152,22806.8464403518
73.7373737373738,15.1515151515152,24006.1520262744
75.7575757575758,15.1515151515152,25236.1053359025
77.7777777777778,15.1515151515152,26496.2283496445
79.7979797979798,15.1515151515152,27787.0455606128
81.8181818181818,15.1515151515152,29108.5774368182
83.8383838383839,15.1515151515152,30464.0102303288
85.8585858585859,15.1515151515152,31851.136309863
87.8787878787879,15.1515151515152,33269.3827933076
89.8989898989899,15.1515151515152,34720.3857760358
91.919191919192,15.1515151515152,36201.749165926
93.9393939393939,15.1515151515152,37714.5908259562
95.959595959596,15.1515151515152,39259.7413486953
97.979797979798,15.1515151515152,40839.7599756391
100,15.1515151515152,42451.7660149064
-100,17.1717171717172,15164.7910552877
-97.979797979798,17.1717171717172,14492.1238140271
-95.959595959596,17.1717171717172,13834.7175214121
-93.9393939393939,17.1717171717172,13192.5632879623
-91.9191919191919,17.1717171717172,12565.6667508284
-89.8989898989899,17.1717171717172,11953.986328697
-87.8787878787879,17.1717171717172,11357.2147158615
-85.8585858585859,17.1717171717172,10775.4633174926
-83.8383838383838,17.1717171717172,10209.0689493358
-81.8181818181818,17.1717171717172,9658.39831678543
-79.7979797979798,17.1717171717172,9123.58393688671
-77.7777777777778,17.1717171717172,8602.76725232652
-75.7575757575758,17.1717171717172,8096.27698908112
-73.7373737373737,17.1717171717172,7603.45184492908
-71.7171717171717,17.1717171717172,7125.72193611079
-69.6969696969697,17.1717171717172,6663.42241579683
-67.6767676767677,17.1717171717172,6217.65274000778
-65.6565656565656,17.1717171717172,5786.9021621304
-63.6363636363636,17.1717171717172,5370.68804315305
-61.6161616161616,17.1717171717172,4969.29766157327
-59.5959595959596,17.1717171717172,4584.83787831684
-57.5757575757576,17.1717171717172,4216.78346106515
-55.5555555555556,17.1717171717172,3865.63867094026
-53.5353535353535,17.1717171717172,3530.52010148779
-51.5151515151515,17.1717171717172,3213.81751209077
-49.4949494949495,17.1717171717172,2913.84667191199
-47.4747474747475,17.1717171717172,2628.66549910426
-45.4545454545455,17.1717171717172,2356.7499408814
-43.4343434343434,17.1717171717172,2102.21758492034
-41.4141414141414,17.1717171717172,1863.05473710543
-39.3939393939394,17.1717171717172,1640.47320661449
-37.3737373737374,17.1717171717172,1431.31435551043
-35.3535353535353,17.1717171717172,1238.99771620733
-33.3333333333333,17.1717171717172,1063.84828386081
-31.3131313131313,17.1717171717172,903.16210851644
-29.2929292929293,17.1717171717172,759.255200550673
-27.2727272727273,17.1717171717172,633.066354586501
-25.2525252525252,17.1717171717172,520.439544116942
-23.2323232323232,17.1717171717172,417.994791352712
-21.2121212121212,17.1717171717172,326.614692200048
-19.1919191919192,17.1717171717172,245.178381253135
-17.1717171717172,17.1717171717172,174.563301605992
-15.1515151515151,17.1717171717172,113.687112458435
-13.1313131313131,17.1717171717172,64.5071561008115
-11.1111111111111,17.1717171717172,27.1964841825487
-9.09090909090908,17.1717171717172,5.71901119242767
-7.07070707070706,17.1717171717172,0.269302013510762
-5.05050505050504,17.1717171717172,13.2025108064392
-3.03030303030303,17.1717171717172,46.3139947695705
-1.01010101010101,17.1717171717172,98.4608369578665
1.01010101010101,17.1717171717172,172.009212694323
3.03030303030303,17.1717171717172,257.945336917361
5.05050505050505,17.1717171717172,381.829904035603
7.07070707070707,17.1717171717172,542.504112541717
9.09090909090909,17.1717171717172,729.764651054074
11.1111111111111,17.1717171717172,949.943991405051
13.1313131313131,17.1717171717172,1210.37695468576
15.1515151515152,17.1717171717172,1516.50399158329
17.1717171717172,17.1717171717172,1903.69367935606
19.1919191919192,17.1717171717172,2353.9848296493
21.2121212121212,17.1717171717172,2807.24234512675
23.2323232323232,17.1717171717172,3273.11561196443
25.2525252525253,17.1717171717172,3764.60661240027
27.2727272727273,17.1717171717172,4285.19453947246
29.2929292929293,17.1717171717172,4834.21837850429
31.3131313131313,17.1717171717172,5406.2279481866
33.3333333333333,17.1717171717172,6006.62046497539
35.3535353535354,17.1717171717172,6634.23035026222
37.3737373737374,17.1717171717172,7291.2347567508
39.3939393939394,17.1717171717172,7985.09281435873
41.4141414141414,17.1717171717172,8709.37316531771
43.4343434343434,17.1717171717172,9461.59958614045
45.4545454545455,17.1717171717172,10247.3363628956
47.4747474747475,17.1717171717172,11058.6861741316
49.4949494949495,17.1717171717172,11905.1475175149
51.5151515151515,17.1717171717172,12782.8498915378
53.5353535353536,17.1717171717172,13691.7963705146
55.5555555555556,17.1717171717172,14634.0517989685
57.5757575757576,17.1717171717172,15605.1761028652
59.5959595959596,17.1717171717172,16606.9078874926
61.6161616161616,17.1717171717172,17639.2437922184
63.6363636363637,17.1717171717172,18702.5475099576
65.6565656565657,17.1717171717172,19796.4961614501
67.6767676767677,17.1717171717172,20921.544421609
69.6969696969697,17.1717171717172,22077.6794089619
71.7171717171717,17.1717171717172,23265.6548456245
73.7373737373738,17.1717171717172,24484.8603405166
75.7575757575758,17.1717171717172,25735.2153568874
77.7777777777778,17.1717171717172,27016.6808496254
79.7979797979798,17.1717171717172,28323.1480383549
81.8181818181818,17.1717171717172,29657.798077704
83.8383838383839,17.1717171717172,31023.2601924646
85.8585858585859,17.1717171717172,32419.27087892
87.8787878787879,17.1717171717172,33845.4870476915
89.8989898989899,17.1717171717172,35302.3974842598
91.919191919192,17.1717171717172,36789.9784159699
93.9393939393939,17.1717171717172,38310.432136271
95.959595959596,17.1717171717172,39864.1392106547
97.979797979798,17.1717171717172,41448.6482443655
100,17.1717171717172,43065.1894975791
-100,19.1919191919192,14768.0769140427
-97.979797979798,19.1919191919192,14103.8904022799
-95.959595959596,19.1919191919192,13454.7144205533
-93.9393939393939,19.1919191919192,12820.8655065266
-91.9191919191919,19.1919191919192,12202.5131818768
-89.8989898989899,19.1919191919192,11600.4309791956
-87.8787878787879,19.1919191919192,11013.2778951955
-85.8585858585859,19.1919191919192,10439.6153706745
-83.8383838383838,19.1919191919192,9880.18083721783
-81.8181818181818,19.1919191919192,9334.94383401842
-79.7979797979798,19.1919191919192,8804.69875114482
-77.7777777777778,19.1919191919192,8289.94700133672
-75.7575757575758,19.1919191919192,7791.76427236631
-73.7373737373737,19.1919191919192,7308.31494249147
-71.7171717171717,19.1919191919192,6840.56997487387
-69.6969696969697,19.1919191919192,6386.62403065786
-67.6767676767677,19.1919191919192,5948.85367363774
-65.6565656565656,19.1919191919192,5527.57815853164
-63.6363636363636,19.1919191919192,5123.48332522956
-61.6161616161616,19.1919191919192,4735.6459749165
-59.5959595959596,19.1919191919192,4364.04088570782
-57.5757575757576,19.1919191919192,4011.12029948236
-55.5555555555556,19.1919191919192,3674.80061930363
-53.5353535353535,19.1919191919192,3354.20139203436
-51.5151515151515,19.1919191919192,3046.51930016473
-49.4949494949495,19.1919191919192,2754.2850246601
-47.4747474747475,19.1919191919192,2479.82083392548
-45.4545454545455,19.1919191919192,2219.59417979646
-43.4343434343434,19.1919191919192,1976.06212661186
-41.4141414141414,19.1919191919192,1745.68826365661
-39.3939393939394,19.1919191919192,1532.93868484368
-37.3737373737374,19.1919191919192,1337.26146552413
-35.3535353535353,19.1919191919192,1156.01565459719
-33.3333333333333,19.1919191919192,991.256464875024
-31.3131313131313,19.1919191919192,843.53610117188
-29.2929292929293,19.1919191919192,712.397129540106
-27.2727272727273,19.1919191919192,592.389991082101
-25.2525252525252,19.1919191919192,482.658719255647
-23.2323232323232,19.1919191919192,383.592264083595
-21.2121212121212,19.1919191919192,294.811764798601
-19.1919191919192,19.1919191919192,216.7877894929
-17.1717171717172,19.1919191919192,148.44182495972
-15.1515151515151,19.1919191919192,91.3526657100614
-13.1313131313131,19.1919191919192,46.1593373056238
-11.1111111111111,19.1919191919192,15.8300086549042
-9.09090909090908,19.1919191919192,1.28163121104172
-7.07070707070706,19.1919191919192,3.51197761741424
-5.05050505050504,19.1919191919192,25.1687178747247
-3.03030303030303,19.1919191919192,66.7470406953844
-1.01010101010101,19.1919191919192,127.533611711749
1.01010101010101,19.1919191919192,209.997090618784
3.03030303030303,19.1919191919192,303.73989202295
5.05050505050505,19.1919191919192,433.896849201578
7.07070707070707,19.1919191919192,601.270183517408
9.09090909090909,19.1919191919192,797.263629662256
11.1111111111111,19.1919191919192,1024.09705792135
13.1313131313131,19.1919191919192,1285.46570351148
15.1515151515152,19.1919191919192,1588.13655632393
17.1717171717172,19.1919191919192,1942.73432935517
19.1919191919192,19.1919191919192,2380.17293670624
21.2121212121212,19.1919191919192,2882.18158089048
23.2323232323232,19.1919191919192,3391.11293915528
25.2525252525253,19.1919191919192,3903.20243209961
27.2727272727273,19.1919191919192,4441.35958826139
29.2929292929293,19.1919191919192,5007.64979711766
31.3131313131313,19.1919191919192,5603.87378970717
33.3333333333333,19.1919191919192,6225.76799248584
35.3535353535354,19.1919191919192,6871.42776055984
37.3737373737374,19.1919191919192,7546.05972832905
39.3939393939394,19.1919191919192,8247.45511495916
41.4141414141414,19.1919191919192,8978.25976503752
43.4343434343434,19.1919191919192,9745.28054014152
45.4545454545455,19.1919191919192,10544.6133973731
47.4747474747475,19.1919191919192,11371.8800015445
49.4949494949495,19.1919191919192,12230.1916197299
51.5151515151515,19.1919191919192,13120.0187548614
53.5353535353536,19.1919191919192,14036.4757979472
55.5555555555556,19.1919191919192,14988.2087882511
57.5757575757576,19.1919191919192,15971.1328732885
59.5959595959596,19.1919191919192,16985.2795089641
61.6161616161616,19.1919191919192,18033.2762343167
63.6363636363637,19.1919191919192,19109.6268033594
65.6565656565657,19.1919191919192,20216.9537930259
67.6767676767677,19.1919191919192,21354.3646803187
69.6969696969697,19.1919191919192,22522.9060723702
71.7171717171717,19.1919191919192,23722.1505996349
73.7373737373738,19.1919191919192,24952.2103865192
75.7575757575758,19.1919191919192,26213.3898776099
77.7777777777778,19.1919191919192,27505.6608710169
79.7979797979798,19.1919191919192,28829.8576125769
81.8181818181818,19.1919191919192,30185.2800508489
83.8383838383839,19.1919191919192,31571.8641952451
85.8585858585859,19.1919191919192,32989.5730514924
87.8787878787879,19.1919191919192,34436.1689195687
89.8989898989899,19.1919191919192,35906.2865877679
91.919191919192,19.1919191919192,37407.2030708993
93.9393939393939,19.1919191919192,38938.8142792235
95.959595959596,19.1919191919192,40500.9092444249
97.979797979798,19.1919191919192,42093.1668159089
100,19.1919191919192,43716.142096568
-100,21.2121212121212,14374.3632418004
-97.979797979798,21.2121212121212,13720.2363800067
-95.959595959596,21.2121212121212,13079.9402641763
-93.9393939393939,21.2121212121212,12453.9222360201
-91.9191919191919,21.2121212121212,11841.5460462483
-89.8989898989899,21.2121212121212,11243.819498217
-87.8787878787879,21.2121212121212,10661.1228620063
-85.8585858585859,21.2121212121212,10093.923236815
-83.8383838383838,21.2121212121212,9543.24814490972
-81.8181818181818,21.2121212121212,9007.59985743664
-79.7979797979798,21.2121212121212,8487.87267593291
-77.7777777777778,21.2121212121212,7981.47773251065
-75.7575757575758,21.2121212121212,7490.44169938014
-73.7373737373737,21.2121212121212,7016.58365389956
-71.7171717171717,21.2121212121212,6558.3932131149
-69.6969696969697,21.2121212121212,6118.40758954594
-67.6767676767677,21.2121212121212,5693.98425805671
-65.6565656565656,21.2121212121212,5285.82167937105
-63.6363636363636,21.2121212121212,4896.68158041846
-61.6161616161616,21.2121212121212,4523.9383426367
-59.5959595959596,21.2121212121212,4167.56987133829
-57.5757575757576,21.2121212121212,3824.25608240658
-55.5555555555556,21.2121212121212,3494.70761024599
-53.5353535353535,21.2121212121212,3183.42855929382
-51.5151515151515,21.2121212121212,2887.91617337103
-49.4949494949495,21.2121212121212,2607.85278818039
-47.4747474747475,21.2121212121212,2342.91958304792
-45.4545454545455,21.2121212121212,2091.30275898795
-43.4343434343434,21.2121212121212,1858.13844570429
-41.4141414141414,21.2121212121212,1641.87641877021
-39.3939393939394,21.2121212121212,1440.28720462762
-37.3737373737374,21.2121212121212,1254.21698030118
-35.3535353535353,21.2121212121212,1085.44120969069
-33.3333333333333,21.2121212121212,934.111957034047
-31.3131313131313,21.2121212121212,796.347659965551
-29.2929292929293,21.2121212121212,668.681400717137
-27.2727272727273,21.2121212121212,552.084948139948
-25.2525252525252,21.2121212121212,445.16129663448
-23.2323232323232,21.2121212121212,349.059691327859
-21.2121212121212,21.2121212121212,263.588046137346
-19.1919191919192,21.2121212121212,187.821230197445
-17.1717171717172,21.2121212121212,122.895333274802
-15.1515151515151,21.2121212121212,70.1918135262169
-13.1313131313131,21.2121212121212,30.8659742997149
-11.1111111111111,21.2121212121212,7.45655862720627
-9.09090909090908,21.2121212121212,0.0258007224975936
-7.07070707070706,21.2121212121212,10.4971912914279
-5.05050505050504,21.2121212121212,40.8646722684137
-3.03030303030303,21.2121212121212,90.9099769886486
-1.01010101010101,21.2121212121212,160.36192382176
1.01010101010101,21.2121212121212,251.753978157452
3.03030303030303,21.2121212121212,353.400175596448
5.05050505050505,21.2121212121212,489.449042247262
7.07070707070707,21.2121212121212,662.738884561951
9.09090909090909,21.2121212121212,869.284288864058
11.1111111111111,21.2121212121212,1102.64144464372
13.1313131313131,21.2121212121212,1368.8344545713
15.1515151515152,21.2121212121212,1673.2022413048
17.1717171717172,21.2121212121212,2016.65952510317
19.1919191919192,21.2121212121212,2422.23509605789
21.2121212121212,21.2121212121212,2909.81339801646
23.2323232323232,21.2121212121212,3463.79401818982
25.2525252525253,21.2121212121212,4028.69021838045
27.2727272727273,21.2121212121212,4588.65590820083
29.2929292929293,21.2121212121212,5173.84511823427
31.3131313131313,21.2121212121212,5786.79954580073
33.3333333333333,21.2121212121212,6428.16601634216
35.3535353535354,21.2121212121212,7098.36238399887
37.3737373737374,21.2121212121212,7793.26829624315
39.3939393939394,21.2121212121212,8512.21104867271
41.4141414141414,21.2121212121212,9260.92317065241
43.4343434343434,21.2121212121212,10036.0848470761
45.4545454545455,21.2121212121212,10840.6894285229
47.4747474747475,21.2121212121212,11680.644073494
49.4949494949495,21.2121212121212,12554.8394718283
51.5151515151515,21.2121212121212,13458.6432467062
53.5353535353536,21.2121212121212,14389.0107703196
55.5555555555556,21.2121212121212,15354.1508561986
57.5757575757576,21.2121212121212,16346.1688750855
59.5959595959596,21.2121212121212,17368.9628360845
61.6161616161616,21.2121212121212,18425.8902448461
63.6363636363637,21.2121212121212,19514.0284688552
65.6565656565657,21.2121212121212,20633.3727627783
67.6767676767677,21.2121212121212,21786.7511355274
69.6969696969697,21.2121212121212,22968.766113918
71.7171717171717,21.2121212121212,24181.4393986512
73.7373737373738,21.2121212121212,25424.2462242077
75.7575757575758,21.2121212121212,26697.8757367644
77.7777777777778,21.2121212121212,28002.6112284557
79.7979797979798,21.2121212121212,29337.7089976744
81.8181818181818,21.2121212121212,30703.9238032319
83.8383838383839,21.2121212121212,32101.2246433276
85.8585858585859,21.2121212121212,33529.5999807847
87.8787878787879,21.2121212121212,34990.0705478377
89.8989898989899,21.2121212121212,36481.7381408399
91.919191919192,21.2121212121212,38004.5234427304
93.9393939393939,21.2121212121212,39558.4617882339
95.959595959596,21.2121212121212,41143.5295004579
97.979797979798,21.2121212121212,42751.8383888248
100,21.2121212121212,44387.9922502684
-100,23.2323232323232,13980.3699495887
-97.979797979798,23.2323232323232,13330.1563658146
-95.959595959596,23.2323232323232,12694.9989952294
-93.9393939393939,23.2323232323232,12075.3503078447
-91.9191919191919,23.2323232323232,11472.1398416584
-89.8989898989899,23.2323232323232,10884.3523722337
-87.8787878787879,23.2323232323232,10312.0958109206
-85.8585858585859,23.2323232323232,9753.91276772716
-83.8383838383838,23.2323232323232,9210.32998554287
-81.8181818181818,23.2323232323232,8682.96555877373
-79.7979797979798,23.2323232323232,8172.39432576617
-77.7777777777778,23.2323232323232,7678.05060773653
-75.7575757575758,23.2323232323232,7201.558539762
-73.7373737373737,23.2323232323232,6740.59224403269
-71.7171717171717,23.2323232323232,6295.84917563503
-69.6969696969697,23.2323232323232,5870.49700613881
-67.6767676767677,23.2323232323232,5461.25609129175
-65.6565656565656,23.2323232323232,5069.15239957352
-63.6363636363636,23.2323232323232,4690.40397050793
-61.6161616161616,23.2323232323232,4324.88128492538
-59.5959595959596,23.2323232323232,3975.75908549994
-57.5757575757576,23.2323232323232,3644.36881971536
-55.5555555555556,23.2323232323232,3326.7687214517
-53.5353535353535,23.2323232323232,3027.13847141324
-51.5151515151515,23.2323232323232,2740.90991023609
-49.4949494949495,23.2323232323232,2468.29966134257
-47.4747474747475,23.2323232323232,2214.59753879557
-45.4545454545455,23.2323232323232,1977.73143058066
-43.4343434343434,23.2323232323232,1755.64955932782
-41.4141414141414,23.2323232323232,1548.5671925629
-39.3939393939394,23.2323232323232,1358.66143051129
-37.3737373737374,23.2323232323232,1186.7921310617
-35.3535353535353,23.2323232323232,1030.09188238274
-33.3333333333333,23.2323232323232,884.719880945575
-31.3131313131313,23.2323232323232,749.414298694965
-29.2929292929293,23.2323232323232,625.896460216191
-27.2727272727273,23.2323232323232,511.383322775551
-25.2525252525252,23.2323232323232,407.890222743697
-23.2323232323232,23.2323232323232,314.955505477373
-21.2121212121212,23.2323232323232,231.862128590082
-19.1919191919192,23.2323232323232,159.083422070245
-17.1717171717172,23.2323232323232,99.4030617191454
-15.1515151515151,23.2323232323232,50.8424693329416
-13.1313131313131,23.2323232323232,18.7105435189373
-11.1111111111111,23.2323232323232,2.18788697980006
-9.09090909090908,23.2323232323232,2.20378210268911
-7.07070707070706,23.2323232323232,21.1695821066712
-5.05050505050504,23.2323232323232,60.5510069666953
-3.03030303030303,23.2323232323232,118.805160181455
-1.01010101010101,23.2323232323232,196.946009595877
1.01010101010101,23.2323232323232,297.325082292206
3.03030303030303,23.2323232323232,407.052149854962
5.05050505050505,23.2323232323232,548.5224983415
7.07070707070707,23.2323232323232,726.76288511551
9.09090909090909,23.2323232323232,943.735945353285
11.1111111111111,23.2323232323232,1185.18708661568
13.1313131313131,23.2323232323232,1458.2518087547
15.1515151515152,23.2323232323232,1764.55681176045
17.1717171717172,23.2323232323232,2113.01604320557
19.1919191919192,23.2323232323232,2498.14393739291
21.2121212121212,23.2323232323232,2954.71419236358
23.2323232323232,23.2323232323232,3492.61572904817
25.2525252525253,23.2323232323232,4098.82203856006
27.2727272727273,23.2323232323232,4718.17627042574
29.2929292929293,23.2323232323232,5328.36428750952
31.3131313131313,23.2323232323232,5961.85318202369
33.3333333333333,23.2323232323232,6619.35692559483
35.3535353535354,23.2323232323232,7306.42829620859
37.3737373737374,23.2323232323232,8023.99071516117
39.3939393939394,23.2323232323232,8768.78565033057
41.4141414141414,23.2323232323232,9535.9970326829
43.4343434343434,23.2323232323232,10328.4954828521
45.4545454545455,23.2323232323232,11151.1844785779
47.4747474747475,23.2323232323232,12000.0987173816
49.4949494949495,23.2323232323232,12878.5324053188
51.5151515151515,23.2323232323232,13791.2443400747
53.5353535353536,23.2323232323232,14740.2283161456
55.5555555555556,23.2323232323232,15718.6213995498
57.5757575757576,23.2323232323232,16724.1916933168
59.5959595959596,23.2323232323232,17761.7344491607
61.6161616161616,23.2323232323232,18832.363354632
63.6363636363637,23.2323232323232,19926.2829131291
65.6565656565657,23.2323232323232,21056.05155865
67.6767676767677,23.2323232323232,22218.1852277113
69.6969696969697,23.2323232323232,23411.5197256492
71.7171717171717,23.2323232323232,24636.0874974264
73.7373737373738,23.2323232323232,25894.5270332554
75.7575757575758,23.2323232323232,27182.5864099889
77.7777777777778,23.2323232323232,28500.4351357146
79.7979797979798,23.2323232323232,29848.9030219533
81.8181818181818,23.2323232323232,31227.5893515189
83.8383838383839,23.2323232323232,32637.4449895629
85.8585858585859,23.2323232323232,34078.0615700797
87.8787878787879,23.2323232323232,35549.2947892478
89.8989898989899,23.2323232323232,37051.6305373205
91.919191919192,23.2323232323232,38585.0455578766
93.9393939393939,23.2323232323232,40149.5635886337
95.959595959596,23.2323232323232,41746.2952318594
97.979797979798,23.2323232323232,43374.1678244095
100,23.2323232323232,45033.1946797957
-100,25.2525252525253,13578.4576812475
-97.979797979798,25.2525252525253,12938.5533838398
-95.959595959596,25.2525252525253,12313.4178062604
-93.9393939393939,25.2525252525253,11703.8610981934
-91.9191919191919,25.2525252525253,11107.7300866383
-89.8989898989899,25.2525252525253,10527.0597655218
-87.8787878787879,25.2525252525253,9963.76682018414
-85.8585858585859,25.2525252525253,9416.28747369633
-83.8383838383838,25.2525252525253,8886.12409768502
-81.8181818181818,25.2525252525253,8372.93508367639
-79.7979797979798,25.2525252525253,7875.45976486013
-77.7777777777778,25.2525252525253,7394.13497499749
-75.7575757575758,25.2525252525253,6932.56675575225
-73.7373737373737,25.2525252525253,6487.14114844753
-71.7171717171717,25.2525252525253,6058.94586956159
-69.6969696969697,25.2525252525253,5644.98385218432
-67.6767676767677,25.2525252525253,5243.38063489984
-65.6565656565656,25.2525252525253,4856.25905284546
-63.6363636363636,25.2525252525253,4488.19103373061
-61.6161616161616,25.2525252525253,4136.70774721757
-59.5959595959596,25.2525252525253,3797.76726365761
-57.5757575757576,25.2525252525253,3477.44590430433
-55.5555555555556,25.2525252525253,3170.1054379533
-53.5353535353535,25.2525252525253,2876.66203774553
-51.5151515151515,25.2525252525253,2602.31273279776
-49.4949494949495,25.2525252525253,2344.84139824171
-47.4747474747475,25.2525252525253,2102.1951973108
-45.4545454545455,25.2525252525253,1874.2085934167
-43.4343434343434,25.2525252525253,1663.8096568475
-41.4141414141414,25.2525252525253,1469.92207526969
-39.3939393939394,25.2525252525253,1293.53154586425
-37.3737373737374,25.2525252525253,1130.72075597805
-35.3535353535353,25.2525252525253,977.89317349445
-33.3333333333333,25.2525252525253,834.924765884833
-31.3131313131313,25.2525252525253,703.876125312367
-29.2929292929293,25.2525252525253,581.839557989092
-27.2727272727273,25.2525252525253,471.295712255209
-25.2525252525252,25.2525252525253,370.897260681434
-23.2323232323232,25.2525252525253,280.730265217693
-21.2121212121212,25.2525252525253,200.007320616239
-19.1919191919192,25.2525252525253,132.544731253892
-17.1717171717172,25.2525252525253,75.9546502259529
-15.1515151515151,25.2525252525253,34.7357393219738
-13.1313131313131,25.2525252525253,9.42425342111869
-11.1111111111111,25.2525252525253,0.03399882561334
-9.09090909090908,25.2525252525253,8.10483466240206
-7.07070707070706,25.2525252525253,35.6566655369574
-5.05050505050504,25.2525252525253,84.0644621650317
-3.03030303030303,25.2525252525253,150.137478444779
-1.01010101010101,25.2525252525253,237.285563509417
1.01010101010101,25.2525252525253,346.63442096091
3.03030303030303,25.2525252525253,464.473091925343
5.05050505050505,25.2525252525253,611.47657011665
7.07070707070707,25.2525252525253,797.313931608059
9.09090909090909,25.2525252525253,1020.13683888129
11.1111111111111,25.2525252525253,1272.58051838908
13.1313131313131,25.2525252525253,1552.21299289968
15.1515151515152,25.2525252525253,1864.32285315202
17.1717171717172,25.2525252525253,2212.46473162387
19.1919191919192,25.2525252525253,2603.99363227436
21.2121212121212,25.2525252525253,3033.02399601395
23.2323232323232,25.2525252525253,3540.09817377483
25.2525252525253,25.2525252525253,4128.5804200207
27.2727272727273,25.2525252525253,4787.22927319559
29.2929292929293,25.2525252525253,5459.85520925529
31.3131313131313,25.2525252525253,6122.04318849269
33.3333333333333,25.2525252525253,6802.42019783142
35.3535353535354,25.2525252525253,7507.46156832162
37.3737373737374,25.2525252525253,8242.03224158038
39.3939393939394,25.2525252525253,9003.67800826014
41.4141414141414,25.2525252525253,9795.32733962456
43.4343434343434,25.2525252525253,10612.508648831
45.4545454545455,25.2525252525253,11452.9290308885
47.4747474747475,25.2525252525253,12320.4025792689
49.4949494949495,25.2525252525253,13216.8736705995
51.5151515151515,25.2525252525253,14139.5186982626
53.5353535353536,25.2525252525253,15091.7777172526
55.5555555555556,25.2525252525253,16077.4925316516
57.5757575757576,25.2525252525253,17100.7167358045
59.5959595959596,25.2525252525253,18154.0863193566
61.6161616161616,25.2525252525253,19235.9987630163
63.6363636363637,25.2525252525253,20345.4800643566
65.6565656565657,25.2525252525253,21490.0122228333
67.6767676767677,25.2525252525253,22663.4502277466
69.6969696969697,25.2525252525253,23861.5546738757
71.7171717171717,25.2525252525253,25097.7594548871
73.7373737373738,25.2525252525253,26365.0937368467
75.7575757575758,25.2525252525253,27663.6271463489
77.7777777777778,25.2525252525253,28993.400169248
79.7979797979798,25.2525252525253,30356.8498170741
81.8181818181818,25.2525252525253,31751.0985673266
83.8383838383839,25.2525252525253,33174.1269078895
85.8585858585859,25.2525252525253,34628.3261544082
87.8787878787879,25.2525252525253,36112.1000323629
89.8989898989899,25.2525252525253,37627.0407914724
91.919191919192,25.2525252525253,39173.0663986179
93.9393939393939,25.2525252525253,40749.5089960903
95.959595959596,25.2525252525253,42356.8860532227
97.979797979798,25.2525252525253,43995.3354094238
100,25.2525252525253,45664.8885888071
-100,27.2727272727273,13182.7102164829
-97.979797979798,27.2727272727273,12549.5115237701
-95.959595959596,27.2727272727273,11932.5131678018
-93.9393939393939,27.2727272727273,11332.6473937851
-91.9191919191919,27.2727272727273,10748.2510497644
-89.8989898989899,27.2727272727273,10182.4264634898
-87.8787878787879,27.2727272727273,9632.53422612667
-85.8585858585859,27.2727272727273,9098.57324285555
-83.8383838383838,27.2727272727273,8580.66504990716
-81.8181818181818,27.2727272727273,8082.88778149292
-79.7979797979798,27.2727272727273,7601.30584753828
-77.7777777777778,27.2727272727273,7136.80351662598
-75.7575757575758,27.2727272727273,6687.0406636746
-73.7373737373737,27.2727272727273,6249.93032083546
-71.7171717171717,27.2727272727273,5826.59142782447
-69.6969696969697,27.2727272727273,5420.78855298079
-67.6767676767677,27.2727272727273,5032.3991627401
-65.6565656565656,27.2727272727273,4658.52768405405
-63.6363636363636,27.2727272727273,4300.81036453764
-61.6161616161616,27.2727272727273,3959.13371784893
-59.5959595959596,27.2727272727273,3630.50717600592
-57.5757575757576,27.2727272727273,3316.2682020422
-55.5555555555556,27.2727272727273,3021.28809774892
-53.5353535353535,27.2727272727273,2743.18431996586
-51.5151515151515,27.2727272727273,2480.11604603581
-49.4949494949495,27.2727272727273,2231.18541024357
-47.4747474747475,27.2727272727273,1999.79606202701
-45.4545454545455,27.2727272727273,1784.80829383496
-43.4343434343434,27.2727272727273,1588.39859362408
-41.4141414141414,27.2727272727273,1406.19860196026
-39.3939393939394,27.2727272727273,1235.5736543532
-37.3737373737374,27.2727272727273,1075.08718445561
-35.3535353535353,27.2727272727273,925.444140045188
-33.3333333333333,27.2727272727273,786.386027262242
-31.3131313131313,27.2727272727273,657.026771157654
-29.2929292929293,27.2727272727273,539.209087707293
-27.2727272727273,27.2727272727273,431.410880801445
-25.2525252525252,27.2727272727273,334.083654833095
-23.2323232323232,27.2727272727273,245.513468178036
-21.2121212121212,27.2727272727273,169.962898651869
-19.1919191919192,27.2727272727273,106.013937601069
-17.1717171717172,27.2727272727273,55.8777749950129
-15.1515151515151,27.2727272727273,21.8302647716486
-13.1313131313131,27.2727272727273,3.30298998784222
-11.1111111111111,27.2727272727273,1.24038931856308
-9.09090909090908,27.2727272727273,17.7524179827567
-7.07070707070706,27.2727272727273,54.1424010192128
-5.05050505050504,27.2727272727273,111.160938850846
-3.03030303030303,27.2727272727273,185.308511573897
-1.01010101010101,27.2727272727273,281.380090591142
1.01010101010101,27.2727272727273,399.721446035784
3.03030303030303,27.2727272727273,525.65529691591
5.05050505050505,27.2727272727273,679.913132848217
7.07070707070707,27.2727272727273,871.95899421903
9.09090909090909,27.2727272727273,1100.07633020194
11.1111111111111,27.2727272727273,1362.83432737128
13.1313131313131,27.2727272727273,1649.79792237525
15.1515151515152,27.2727272727273,1969.03247184323
17.1717171717172,27.2727272727273,2321.70706248889
19.1919191919192,27.2727272727273,2712.57673714002
21.2121212121212,27.2727272727273,3146.13542090582
23.2323232323232,27.2727272727273,3622.00046264332
25.2525252525253,27.2727272727273,4178.41559830595
27.2727272727273,27.2727272727273,4817.70652983003
29.2929292929293,27.2727272727273,5527.90669645347
31.3131313131313,27.2727272727273,6255.16871254059
33.3333333333333,27.2727272727273,6971.77510937051
35.3535353535354,27.2727272727273,7698.39728676894
37.3737373737374,27.2727272727273,8451.62050938242
39.3939393939394,27.2727272727273,9230.44648200772
41.4141414141414,27.2727272727273,10038.1547181084
43.4343434343434,27.2727272727273,10876.9871584125
45.4545454545455,27.2727272727273,11742.7780939278
47.4747474747475,27.2727272727273,12632.1229500412
49.4949494949495,27.2727272727273,13545.3679758054
51.5151515151515,27.2727272727273,14487.3879231922
53.5353535353536,27.2727272727273,15457.9878098983
55.5555555555556,27.2727272727273,16454.3317033191
57.5757575757576,27.2727272727273,17480.4285417732
59.5959595959596,27.2727272727273,18538.9841227473
61.6161616161616,27.2727272727273,19636.0104487969
63.6363636363637,27.2727272727273,20764.3572051428
65.6565656565657,27.2727272727273,21922.1272221763
67.6767676767677,27.2727272727273,23105.5662043189
69.6969696969697,27.2727272727273,24322.303534507
71.7171717171717,27.2727272727273,25573.3596441049
73.7373737373738,27.2727272727273,26847.7627403985
75.7575757575758,27.2727272727273,28152.655576181
77.7777777777778,27.2727272727273,29494.061538685
79.7979797979798,27.2727272727273,30866.6050490494
81.8181818181818,27.2727272727273,32270.3629143629
83.8383838383839,27.2727272727273,33705.3519428057
85.8585858585859,27.2727272727273,35173.7366573877
87.8787878787879,27.2727272727273,36674.2641143903
89.8989898989899,27.2727272727273,38202.4825839768
91.919191919192,27.2727272727273,39761.876660286
93.9393939393939,27.2727272727273,41351.3778608151
95.959595959596,27.2727272727273,42971.3594579156
97.979797979798,27.2727272727273,44622.5051775076
100,27.2727272727273,46304.5676432302
-100,29.2929292929293,12789.6003770417
-97.979797979798,29.2929292929293,12168.7848288956
-95.959595959596,29.2929292929293,11566.9419024326
-93.9393939393939,29.2929292929293,10980.3633536739
-91.9191919191919,29.2929292929293,10409.9317657892
-89.8989898989899,29.2929292929293,9855.44817955513
-87.8787878787879,29.2929292929293,9321.47242991905
-85.8585858585859,29.2929292929293,8803.7194385385
-83.8383838383838,29.2929292929293,8302.80300408707
-81.8181818181818,29.2929292929293,7817.31717849344
-79.7979797979798,29.2929292929293,7344.92320696063
-77.7777777777778,29.2929292929293,6885.97556687529
-75.7575757575758,29.2929292929293,6441.57936842564
-73.7373737373737,29.2929292929293,6016.49728358802
-71.7171717171717,29.2929292929293,5608.21681609331
-69.6969696969697,29.2929292929293,5211.85544300359
-67.6767676767677,29.2929292929293,4835.13442638307
-65.6565656565656,29.2929292929293,4471.79590678146
-63.6363636363636,29.2929292929293,4122.11343627772
-61.6161616161616,29.2929292929293,3787.11882185344
-59.5959595959596,29.2929292929293,3471.5222879926
-57.5757575757576,29.2929292929293,3172.76198266467
-55.5555555555556,29.2929292929293,2889.39399730841
-53.5353535353535,29.2929292929293,2620.39422509577
-51.5151515151515,29.2929292929293,2367.13754075651
-49.4949494949495,29.2929292929293,2131.25040247925
-47.4747474747475,29.2929292929293,1912.58823394876
-45.4545454545455,29.2929292929293,1711.32132074421
-43.4343434343434,29.2929292929293,1523.55888798614
-41.4141414141414,29.2929292929293,1345.11358763383
-39.3939393939394,29.2929292929293,1176.84125086214
-37.3737373737374,29.2929292929293,1020.69879510365
-35.3535353535353,29.2929292929293,873.299141036855
-33.3333333333333,29.2929292929293,736.63171613012
-31.3131313131313,29.2929292929293,611.692757692585
-29.2929292929293,29.2929292929293,496.49563994783
-27.2727272727273,29.2929292929293,391.667290117173
-25.2525252525252,29.2929292929293,295.683999803783
-23.2323232323232,29.2929292929293,212.159115126338
-21.2121212121212,29.2929292929293,141.476842614243
-19.1919191919192,29.2929292929293,81.9048751443079
-17.1717171717172,29.2929292929293,38.8190961288886
-15.1515151515151,29.2929292929293,11.6220795608545
-13.1313131313131,29.2929292929293,0.284227799128824
-11.1111111111111,29.2929292929293,6.03069443798335
-9.09090909090908,29.2929292929293,31.058212661153
-7.07070707070706,29.2929292929293,76.2950976461601
-5.05050505050504,29.2929292929293,141.857719320963
-3.03030303030303,29.2929292929293,224.395946298597
-1.01010101010101,29.2929292929293,329.232202685681
1.01010101010101,29.2929292929293,456.589738130278
3.03030303030303,29.2929292929293,590.620680506461
5.05050505050505,29.2929292929293,753.009535291929
7.07070707070707,29.2929292929293,950.122005871914
9.09090909090909,29.2929292929293,1182.05491211131
11.1111111111111,29.2929292929293,1455.2274778803
13.1313131313131,29.2929292929293,1752.62615599295
15.1515151515152,29.2929292929293,2078.54604140243
17.1717171717172,29.2929292929293,2436.93447738226
19.1919191919192,29.2929292929293,2829.39896567842
21.2121212121212,29.2929292929293,3265.59578296404
23.2323232323232,29.2929292929293,3739.46290102465
25.2525252525253,29.2929292929293,4263.4629592309
27.2727272727273,29.2929292929293,4870.24411694061
29.2929292929293,29.2929292929293,5559.99450936084
31.3131313131313,29.2929292929293,6321.313024707
33.3333333333333,29.2929292929293,7103.71654893637
35.3535353535354,29.2929292929293,7875.39015676657
37.3737373737374,29.2929292929293,8650.04910563234
39.3939393939394,29.2929292929293,9450.73959615288
41.4141414141414,29.2929292929293,10274.2197892963
43.4343434343434,29.2929292929293,11130.1538465795
45.4545454545455,29.2929292929293,12012.00625999
47.4747474747475,29.2929292929293,12925.6252968183
49.4949494949495,29.2929292929293,13866.1751784543
51.5151515151515,29.2929292929293,14827.5925604385
53.5353535353536,29.2929292929293,15813.3796202966
55.5555555555556,29.2929292929293,16829.8347148565
57.5757575757576,29.2929292929293,17874.516696307
59.5959595959596,29.2929292929293,18944.5452760124
61.6161616161616,29.2929292929293,20044.4805582463
63.6363636363637,29.2929292929293,21175.750277445
65.6565656565657,29.2929292929293,22346.479969359
67.6767676767677,29.2929292929293,23549.775255891
69.6969696969697,29.2929292929293,24782.3223623487
71.7171717171717,29.2929292929293,26042.1252169318
73.7373737373738,29.2929292929293,27331.0410071465
75.7575757575758,29.2929292929293,28654.9567016633
77.7777777777778,29.2929292929293,30009.4119058831
79.7979797979798,29.2929292929293,31386.0163470522
81.8181818181818,29.2929292929293,32798.387397976
83.8383838383839,29.2929292929293,34244.9811707079
85.8585858585859,29.2929292929293,35722.722494116
87.8787878787879,29.2929292929293,37231.6894672718
89.8989898989899,29.2929292929293,38771.8948317256
91.919191919192,29.2929292929293,40345.1421727745
93.9393939393939,29.2929292929293,41952.0457018359
95.959595959596,29.2929292929293,43585.5112487782
97.979797979798,29.2929292929293,45250.1211351199
100,29.2929292929293,46945.3897758271
-100,31.3131313131313,12416.4301795118
-97.979797979798,31.3131313131313,11809.5476870244
-95.959595959596,31.3131313131313,11218.4895165334
-93.9393939393939,31.3131313131313,10648.3115036011
-91.9191919191919,31.3131313131313,10094.3954149403
-89.8989898989899,31.3131313131313,9556.98471491391
-87.8787878787879,31.3131313131313,9035.80216664433
-85.8585858585859,31.3131313131313,8528.39634581547
-83.8383838383838,31.3131313131313,8033.01489824266
-81.8181818181818,31.3131313131313,7551.68143727602
-79.7979797979798,31.3131313131313,7089.36797991712
-77.7777777777778,31.3131313131313,6643.90989341392
-75.7575757575758,31.3131313131313,6214.58739623445
-73.7373737373737,31.3131313131313,5797.22128838113
-71.7171717171717,31.3131313131313,5400.3039714064
-69.6969696969697,31.3131313131313,5015.77026272875
-67.6767676767677,31.3131313131313,4644.83001402911
-65.6565656565656,31.3131313131313,4289.21930302985
-63.6363636363636,31.3131313131313,3953.01251591701
-61.6161616161616,31.3131313131313,3633.57493668235
-59.5959595959596,31.3131313131313,3329.91713896826
-57.5757575757576,31.3131313131313,3040.32208149383
-55.5555555555556,31.3131313131313,2765.83384252899
-53.5353535353535,31.3131313131313,2509.55743750314
-51.5151515151515,31.3131313131313,2269.61982712229
-49.4949494949495,31.3131313131313,2048.38262415002
-47.4747474747475,31.3131313131313,1840.71628441101
-45.4545454545455,31.3131313131313,1644.88762055305
-43.4343434343434,31.3131313131313,1459.36081990653
-41.4141414141414,31.3131313131313,1283.08859742614
-39.3939393939394,31.3131313131313,1120.40118472276
-37.3737373737374,31.3131313131313,965.078898800748
-35.3535353535353,31.3131313131313,820.796215529153
-33.3333333333333,31.3131313131313,688.745476316209
-31.3131313131313,31.3131313131313,566.151170790261
-29.2929292929293,31.3131313131313,453.625105376475
-27.2727272727273,31.3131313131313,350.420857244793
-25.2525252525252,31.3131313131313,258.957172481857
-23.2323232323232,31.3131313131313,181.169043930524
-21.2121212121212,31.3131313131313,113.122184576467
-19.1919191919192,31.3131313131313,61.0791061448461
-17.1717171717172,31.3131313131313,25.144407274887
-15.1515151515151,31.3131313131313,4.64811667917586
-13.1313131313131,31.3131313131313,0.575640149633435
-11.1111111111111,31.3131313131313,14.5906534587815
-9.09090909090908,31.3131313131313,48.2153594904632
-7.07070707070706,31.3131313131313,102.294422361337
-5.05050505050504,31.3131313131313,176.270170934284
-3.03030303030303,31.3131313131313,267.269207335935
-1.01010101010101,31.3131313131313,380.8405836056
1.01010101010101,31.3131313131313,517.238524080712
3.03030303030303,31.3131313131313,659.371224540899
5.05050505050505,31.3131313131313,830.023661197252
7.07070707070707,31.3131313131313,1031.78195057569
9.09090909090909,31.3131313131313,1270.68042591717
11.1111111111111,31.3131313131313,1549.28668611175
13.1313131313131,31.3131313131313,1858.44634691159
15.1515151515152,31.3131313131313,2191.07285430506
17.1717171717172,31.3131313131313,2556.68851651052
19.1919191919192,31.3131313131313,2955.01196391149
21.2121212121212,31.3131313131313,3389.69048925759
23.2323232323232,31.3131313131313,3869.61485276693
25.2525252525253,31.3131313131313,4383.30155339057
27.2727272727273,31.3131313131313,4957.19180848611
29.2929292929293,31.3131313131313,5615.01862622517
31.3131313131313,31.3131313131313,6355.44192572028
33.3333333333333,31.3131313131313,7167.89918651937
35.3535353535354,31.3131313131313,8004.98524275212
37.3737373737374,31.3131313131313,8832.85805785669
39.3939393939394,31.3131313131313,9654.46618443184
41.4141414141414,31.3131313131313,10501.7308734263
43.4343434343434,31.3131313131313,11373.6943821409
45.4545454545455,31.3131313131313,12274.566763355
47.4747474747475,31.3131313131313,13202.817324247
49.4949494949495,31.3131313131313,14163.1032598481
51.5151515151515,31.3131313131313,15149.592592142
53.5353535353536,31.3131313131313,16162.2423499822
55.5555555555556,31.3131313131313,17198.7705518102
57.5757575757576,31.3131313131313,18257.0651999158
59.5959595959596,31.3131313131313,19347.727689771
61.6161616161616,31.3131313131313,20466.4800156297
63.6363636363637,31.3131313131313,21610.1513013028
65.6565656565657,31.3131313131313,22783.9421221439
67.6767676767677,31.3131313131313,23987.9323513067
69.6969696969697,31.3131313131313,25232.1204498886
71.7171717171717,31.3131313131313,26510.4672553863
73.7373737373738,31.3131313131313,27817.9532654368
75.7575757575758,31.3131313131313,29155.0499341628
77.7777777777778,31.3131313131313,30516.0085869877
79.7979797979798,31.3131313131313,31911.8930349264
81.8181818181818,31.3131313131313,33342.5372947768
83.8383838383839,31.3131313131313,34799.0399565969
85.8585858585859,31.3131313131313,36278.7146149145
87.8787878787879,31.3131313131313,37798.730063746
89.8989898989899,31.3131313131313,39350.5074625175
91.919191919192,31.3131313131313,40933.4757245772
93.9393939393939,31.3131313131313,42547.6648775981
95.959595959596,31.3131313131313,44193.0560369202
97.979797979798,31.3131313131313,45871.125629535
100,31.3131313131313,47584.5243367291
-100,33.3333333333333,12063.4063743787
-97.979797979798,33.3333333333333,11473.349284786
-95.959595959596,33.3333333333333,10899.3327189448
-93.9393939393939,33.3333333333333,10342.5040268286
-91.9191919191919,33.3333333333333,9799.40737953592
-89.8989898989899,33.3333333333333,9268.37450493583
-87.8787878787879,33.3333333333333,8751.52552382499
-85.8585858585859,33.3333333333333,8250.45883597987
-83.8383838383838,33.3333333333333,7768.33359004668
-81.8181818181818,33.3333333333333,7303.21020209086
-79.7979797979798,33.3333333333333,6850.4513707997
-77.7777777777778,33.3333333333333,6415.0560546722
-75.7575757575758,33.3333333333333,5996.49394421763
-73.7373737373737,33.3333333333333,5590.94906684822
-71.7171717171717,33.3333333333333,5198.65916097887
-69.6969696969697,33.3333333333333,4822.56313274615
-67.6767676767677,33.3333333333333,4465.76342754165
-65.6565656565656,33.3333333333333,4125.62336292099
-63.6363636363636,33.3333333333333,3801.67819771597
-61.6161616161616,33.3333333333333,3491.44930183706
-59.5959595959596,33.3333333333333,3195.80307956339
-57.5757575757576,33.3333333333333,2918.5772816904
-55.5555555555556,33.3333333333333,2657.19175657918
-53.5353535353535,33.3333333333333,2414.52072935504
-51.5151515151515,33.3333333333333,2187.4865917659
-49.4949494949495,33.3333333333333,1974.9051200862
-47.4747474747475,33.3333333333333,1770.87884478071
-45.4545454545455,33.3333333333333,1577.53314714969
-43.4343434343434,33.3333333333333,1394.72956419413
-41.4141414141414,33.3333333333333,1223.97518407322
-39.3939393939394,33.3333333333333,1061.37781224391
-37.3737373737374,33.3333333333333,909.529490822586
-35.3535353535353,33.3333333333333,770.367262966083
-33.3333333333333,33.3333333333333,640.377087194753
-31.3131313131313,33.3333333333333,520.307535202253
-29.2929292929293,33.3333333333333,409.612323946831
-27.2727272727273,33.3333333333333,310.436314080541
-25.2525252525252,33.3333333333333,224.780052464871
-23.2323232323232,33.3333333333333,149.249319571978
-21.2121212121212,33.3333333333333,88.1753552941899
-19.1919191919192,33.3333333333333,43.2062640924021
-17.1717171717172,33.3333333333333,14.0499868591297
-15.1515151515151,33.3333333333333,0.775117922574297
-13.1313131313131,33.3333333333333,4.30642807744031
-11.1111111111111,33.3333333333333,26.9027518442341
-9.09090909090908,33.3333333333333,69.0709054416233
-7.07070707070706,33.3333333333333,132.344765347692
-5.05050505050504,33.3333333333333,214.362131183327
-3.03030303030303,33.3333333333333,313.865380359554
-1.01010101010101,33.3333333333333,436.204132368709
1.01010101010101,33.3333333333333,581.668200958744
3.03030303030303,33.3333333333333,732.155117560348
5.05050505050505,33.3333333333333,910.892870565027
7.07070707070707,33.3333333333333,1116.78142477448
9.09090909090909,33.3333333333333,1364.34185960989
11.1111111111111,33.3333333333333,1647.63715809694
13.1313131313131,33.3333333333333,1966.38627748207
15.1515151515152,33.3333333333333,2309.3320143707
17.1717171717172,33.3333333333333,2681.58567592799
19.1919191919192,33.3333333333333,3086.24554436925
21.2121212121212,33.3333333333333,3524.73088625478
23.2323232323232,33.3333333333333,4002.81952558717
25.2525252525253,33.3333333333333,4525.00945796548
27.2727272727273,33.3333333333333,5079.51928999041
29.2929292929293,33.3333333333333,5704.09992166195
31.3131313131313,33.3333333333333,6412.76181197076
33.3333333333333,33.3333333333333,7204.05607758693
35.3535353535354,33.3333333333333,8067.59159882461
37.3737373737374,33.3333333333333,8956.68510746141
39.3939393939394,33.3333333333333,9843.15720037127
41.4141414141414,33.3333333333333,10713.2912001649
43.4343434343434,33.3333333333333,11608.2676182521
45.4545454545455,33.3333333333333,12529.3963157061
47.4747474747475,33.3333333333333,13474.0465635634
49.4949494949495,33.3333333333333,14451.044183913
51.5151515151515,33.3333333333333,15453.207417908
53.5353535353536,33.3333333333333,16488.6416870579
55.5555555555556,33.3333333333333,17550.0017502411
57.5757575757576,33.3333333333333,18633.7731381693
59.5959595959596,33.3333333333333,19743.044126924
61.6161616161616,33.3333333333333,20876.2797679456
63.6363636363637,33.3333333333333,22041.0651329229
65.6565656565657,33.3333333333333,23233.7473384297
67.6767676767677,33.3333333333333,24451.1536938158
69.6969696969697,33.3333333333333,25698.8238753102
71.7171717171717,33.3333333333333,26976.546912815
73.7373737373738,33.3333333333333,28293.0388310734
75.7575757575758,33.3333333333333,29645.9794868108
77.7777777777778,33.3333333333333,31028.2539444865
79.7979797979798,33.3333333333333,32440.0280503207
81.8181818181818,33.3333333333333,33877.1987773014
83.8383838383839,33.3333333333333,35345.6732184055
85.8585858585859,33.3333333333333,36848.8880819995
87.8787878787879,33.3333333333333,38384.8049331923
89.8989898989899,33.3333333333333,39941.4925707798
91.919191919192,33.3333333333333,41527.8341458612
93.9393939393939,33.3333333333333,43153.6886939604
95.959595959596,33.3333333333333,44810.658575396
97.979797979798,33.3333333333333,46498.8301326622
100,33.3333333333333,48218.2026423843
-100,35.3535353535354,11737.3658116795
-97.979797979798,35.3535353535354,11158.3759792501
-95.959595959596,35.3535353535354,10592.2239907883
-93.9393939393939,35.3535353535354,10039.5786880743
-91.9191919191919,35.3535353535354,9500.28315970182
-89.8989898989899,35.3535353535354,8981.4949551959
-87.8787878787879,35.3535353535354,8479.0255538815
-85.8585858585859,35.3535353535354,7993.69400934595
-83.8383838383838,35.3535353535354,7518.31655704632
-81.8181818181818,35.3535353535354,7064.16405245243
-79.7979797979798,35.3535353535354,6624.06582984916
-77.7777777777778,35.3535353535354,6197.25381374987
-75.7575757575758,35.3535353535354,5783.66873131297
-73.7373737373737,35.3535353535354,5387.14658927905
-71.7171717171717,35.3535353535354,5009.77331526816
-69.6969696969697,35.3535353535354,4648.90536150634
-67.6767676767677,35.3535353535354,4304.66584754462
-65.6565656565656,35.3535353535354,3973.75427626334
-63.6363636363636,35.3535353535354,3656.67749358629
-61.6161616161616,35.3535353535354,3358.87303537168
-59.5959595959596,35.3535353535354,3077.02105981088
-57.5757575757576,35.3535353535354,2812.61262248452
-55.5555555555556,35.3535353535354,2566.77894753857
-53.5353535353535,35.3535353535354,2333.64738343632
-51.5151515151515,35.3535353535354,2112.66072751966
-49.4949494949495,35.3535353535354,1901.6456192483
-47.4747474747475,35.3535353535354,1700.30619475994
-45.4545454545455,35.3535353535354,1511.11031797581
-43.4343434343434,35.3535353535354,1332.23756598809
-41.4141414141414,35.3535353535354,1162.27437419054
-39.3939393939394,35.3535353535354,1002.88509403282
-37.3737373737374,35.3535353535354,856.559164898166
-35.3535353535353,35.3535353535354,719.187232865896
-33.3333333333333,35.3535353535354,591.557917670383
-31.3131313131313,35.3535353535354,473.497501916098
-29.2929292929293,35.3535353535354,366.681555685179
-27.2727272727273,35.3535353535354,272.781663895902
-25.2525252525252,35.3535353535354,190.833381562706
-23.2323232323232,35.3535353535354,120.305555847176
-21.2121212121212,35.3535353535354,66.4883955342121
-19.1919191919192,35.3535353535354,28.6822191853995
-17.1717171717172,35.3535353535354,6.22243361664213
-15.1515151515151,35.3535353535354,0.171144898316925
-13.1313131313131,35.3535353535354,11.7448333032752
-11.1111111111111,35.3535353535354,42.8586141458864
-9.09090909090908,35.3535353535354,94.0795915268031
-7.07070707070706,35.3535353535354,166.304417962979
-5.05050505050504,35.3535353535354,256.1933532449
-3.03030303030303,35.3535353535354,364.266698026107
-1.01010101010101,35.3535353535354,495.323896423098
1.01010101010101,35.3535353535354,649.824035585503
3.03030303030303,35.3535353535354,808.887776430952
5.05050505050505,35.3535353535354,995.717451983815
7.07070707070707,35.3535353535354,1206.89648474892
9.09090909090909,35.3535353535354,1461.42277260342
11.1111111111111,35.3535353535354,1747.56700508093
13.1313131313131,35.3535353535354,2076.19188374388
15.1515151515152,35.3535353535354,2430.73499406895
17.1717171717172,35.3535353535354,2809.00628365511
19.1919191919192,35.3535353535354,3221.03165530753
21.2121212121212,35.3535353535354,3665.27024941412
23.2323232323232,35.3535353535354,4144.4640680578
25.2525252525253,35.3535353535354,4667.50275519267
27.2727272727273,35.3535353535354,5231.53013310181
29.2929292929293,35.3535353535354,5829.00453845246
31.3131313131313,35.3535353535354,6504.04651358922
33.3333333333333,35.3535353535354,7263.47237373163
35.3535353535354,35.3535353535354,8105.8296662822
37.3737373737374,35.3535353535354,9020.10725574228
39.3939393939394,35.3535353535354,9961.59436449199
41.4141414141414,35.3535353535354,10904.0224165169
43.4343434343434,35.3535353535354,11827.9353059956
45.4545454545455,35.3535353535354,12770.2695399184
47.4747474747475,35.3535353535354,13739.6706374228
49.4949494949495,35.3535353535354,14729.1817214591
51.5151515151515,35.3535353535354,15751.8170078778
53.5353535353536,35.3535353535354,16800.431894222
55.5555555555556,35.3535353535354,17882.2859865796
57.5757575757576,35.3535353535354,18989.7308447073
59.5959595959596,35.3535353535354,20126.3492620725
61.6161616161616,35.3535353535354,21281.5173352578
63.6363636363637,35.3535353535354,22462.7883855054
65.6565656565657,35.3535353535354,23671.015242017
67.6767676767677,35.3535353535354,24909.8453293048
69.6969696969697,35.3535353535354,26176.3506844607
71.7171717171717,35.3535353535354,27467.5473957702
73.7373737373738,35.3535353535354,28789.0973217702
75.7575757575758,35.3535353535354,30140.5522355934
77.7777777777778,35.3535353535354,31529.7778803575
79.7979797979798,35.3535353535354,32956.3793298174
81.8181818181818,35.3535353535354,34413.7352043464
83.8383838383839,35.3535353535354,35900.42888888
85.8585858585859,35.3535353535354,37415.608542161
87.8787878787879,35.3535353535354,38955.4789617493
89.8989898989899,35.3535353535354,40530.523372483
91.919191919192,35.3535353535354,42140.8090497145
93.9393939393939,35.3535353535354,43778.6382319841
95.959595959596,35.3535353535354,45437.809280904
97.979797979798,35.3535353535354,47132.178344067
100,35.3535353535354,48863.2363049359
-100,37.3737373737374,11415.4266141025
-97.979797979798,37.3737373737374,10840.5327883164
-95.959595959596,37.3737373737374,10282.8928135734
-93.9393939393939,37.3737373737374,9743.71765222825
-91.9191919191919,37.3737373737374,9221.68692380704
-89.8989898989899,37.3737373737374,8713.60641825912
-87.8787878787879,37.3737373737374,8217.95763722124
-85.8585858585859,37.3737373737374,7744.55279557499
-83.8383838383838,37.3737373737374,7283.00570444559
-81.8181818181818,37.3737373737374,6834.76465337378
-79.7979797979798,37.3737373737374,6399.86288476071
-77.7777777777778,37.3737373737374,5983.01361801283
-75.7575757575758,37.3737373737374,5585.04055907661
-73.7373737373737,37.3737373737374,5203.41965084761
-71.7171717171717,37.3737373737374,4838.79139904267
-69.6969696969697,37.3737373737374,4487.25163813207
-67.6767676767677,37.3737373737374,4150.67113919191
-65.6565656565656,37.3737373737374,3830.62433932774
-63.6363636363636,37.3737373737374,3528.50128179306
-61.6161616161616,37.3737373737374,3242.33606143344
-59.5959595959596,37.3737373737374,2975.01298602456
-57.5757575757576,37.3737373737374,2722.08181061172
-55.5555555555556,37.3737373737374,2484.44860290937
-53.5353535353535,37.3737373737374,2255.13806951322
-51.5151515151515,37.3737373737374,2036.82833177074
-49.4949494949495,37.3737373737374,1827.50227541237
-47.4747474747475,37.3737373737374,1632.1808822325
-45.4545454545455,37.3737373737374,1444.96191603982
-43.4343434343434,37.3737373737374,1267.86522452866
-41.4141414141414,37.3737373737374,1100.80036900994
-39.3939393939394,37.3737373737374,947.354630914505
-37.3737373737374,37.3737373737374,802.602480005228
-35.3535353535353,37.3737373737374,667.370081983724
-33.3333333333333,37.3737373737374,542.01035802865
-31.3131313131313,37.3737373737374,427.471580192496
-29.2929292929293,37.3737373737374,325.609754260732
-27.2727272727273,37.3737373737374,237.069480437046
-25.2525252525252,37.3737373737374,157.668035795306
-23.2323232323232,37.3737373737374,94.7753505305124
-21.2121212121212,37.3737373737374,47.8410327883917
-19.1919191919192,37.3737373737374,16.7080226522226
-17.1717171717172,37.3737373737374,1.51047489985873
-15.1515151515151,37.3737373737374,2.92131656779107
-13.1313131313131,37.3737373737374,22.9694376835684
-11.1111111111111,37.3737373737374,62.5050583812565
-9.09090909090908,37.3737373737374,122.760261308652
-7.07070707070706,37.3737373737374,203.817998573521
-5.05050505050504,37.3737373737374,301.698131225978
-3.03030303030303,37.3737373737374,418.472202695589
-1.01010101010101,37.3737373737374,558.19968380112
1.01010101010101,37.3737373737374,721.667575636728
3.03030303030303,37.3737373737374,889.670740077639
5.05050505050505,37.3737373737374,1084.60891853323
7.07070707070707,37.3737373737374,1302.49624466547
9.09090909090909,37.3737373737374,1562.19424562286
11.1111111111111,37.3737373737374,1853.80253929007
13.1313131313131,37.3737373737374,2188.91600202819
15.1515151515152,37.3737373737374,2554.30423957565
17.1717171717172,37.3737373737374,2942.64139373856
19.1919191919192,37.3737373737374,3361.28557670516
21.2121212121212,37.3737373737374,3811.665554866
23.2323232323232,37.3737373737374,4295.96803219965
25.2525252525253,37.3737373737374,4817.08697158213
27.2727272727273,37.3737373737374,5385.10353708368
29.2929292929293,37.3737373737374,5989.27254917856
31.3131313131313,37.3737373737374,6631.61691444688
33.3333333333333,37.3737373737374,7358.2478108856
35.3535353535354,37.3737373737374,8167.14731798646
37.3737373737374,37.3737373737374,9060.7593148823
39.3939393939394,37.3737373737374,10025.7631387821
41.4141414141414,37.3737373737374,11019.9317401564
43.4343434343434,37.3737373737374,12017.4905299367
45.4545454545455,37.3737373737374,12997.9992341403
47.4747474747475,37.3737373737374,13987.7528906264
49.4949494949495,37.3737373737374,15001.1237222392
51.5151515151515,37.3737373737374,16040.088131606
53.5353535353536,37.3737373737374,17106.9908091642
55.5555555555556,37.3737373737374,18204.8784731537
57.5757575757576,37.3737373737374,19327.455228389
59.5959595959596,37.3737373737374,20484.5281685089
61.6161616161616,37.3737373737374,21666.6605246452
63.6363636363637,37.3737373737374,22874.9037787615
65.6565656565657,37.3737373737374,24104.9392317762
67.6767676767677,37.3737373737374,25358.0336283176
69.6969696969697,37.3737373737374,26641.2352036563
71.7171717171717,37.3737373737374,27954.0410520349
73.7373737373738,37.3737373737374,29294.3555419522
75.7575757575758,37.3737373737374,30659.3529240798
77.7777777777778,37.3737373737374,32054.7708169965
79.7979797979798,37.3737373737374,33479.9736672935
81.8181818181818,37.3737373737374,34941.7704315155
83.8383838383839,37.3737373737374,36441.9782833466
85.8585858585859,37.3737373737374,37974.4674471944
87.8787878787879,37.3737373737374,39536.2496753788
89.8989898989899,37.3737373737374,41127.2324622407
91.919191919192,37.3737373737374,42741.5348247166
93.9393939393939,37.3737373737374,44389.3681917209
95.959595959596,37.3737373737374,46071.8793793133
97.979797979798,37.3737373737374,47787.9015554112
100,37.3737373737374,49526.7763056162
-100,39.3939393939394,11097.1604738491
-97.979797979798,39.3939393939394,10537.6785996463
-95.959595959596,39.3939393939394,9995.65427258167
-93.9393939393939,39.3939393939394,9463.68565040575
-91.9191919191919,39.3939393939394,8950.58112722462
-89.8989898989899,39.3939393939394,8455.54932204767
-87.8787878787879,39.3939393939394,7972.70790751586
-85.8585858585859,39.3939393939394,7503.48176653647
-83.8383838383838,39.3939393939394,7047.24290226471
-81.8181818181818,39.3939393939394,6610.13173199742
-79.7979797979798,39.3939393939394,6191.5649779958
-77.7777777777778,39.3939393939394,5789.27151961355
-75.7575757575758,39.3939393939394,5404.15078030697
-73.7373737373737,39.3939393939394,5032.08633972071
-71.7171717171717,39.3939393939394,4675.53049519417
-69.6969696969697,39.3939393939394,4333.6571195334
-67.6767676767677,39.3939393939394,4010.62069085184
-65.6565656565656,39.3939393939394,3702.59016672601
-63.6363636363636,39.3939393939394,3413.78960142324
-61.6161616161616,39.3939393939394,3143.37533008263
-59.5959595959596,39.3939393939394,2884.98829590339
-57.5757575757576,39.3939393939394,2638.91376791307
-55.5555555555556,39.3939393939394,2402.22461373989
-53.5353535353535,39.3939393939394,2176.0177665773
-51.5151515151515,39.3939393939394,1960.00464090661
-49.4949494949495,39.3939393939394,1757.6935179708
-47.4747474747475,39.3939393939394,1561.83838083247
-45.4545454545455,39.3939393939394,1377.77292813112
-43.4343434343434,39.3939393939394,1203.27514886873
-41.4141414141414,39.3939393939394,1042.75769386758
-39.3939393939394,39.3939393939394,890.592572040381
-37.3737373737374,39.3939393939394,747.752189687377
-35.3535353535353,39.3939393939394,615.149868949501
-33.3333333333333,39.3939393939394,492.925206410675
-31.3131313131313,39.3939393939394,383.075649722029
-29.2929292929293,39.3939393939394,287.06735694987
-27.2727272727273,39.3939393939394,199.859204222396
-25.2525252525252,39.3939393939394,127.828118962981
-23.2323232323232,39.3939393939394,72.1134890773976
-21.2121212121212,39.3939393939394,32.4552866085476
-19.1919191919192,39.3939393939394,8.0259604009297
-17.1717171717172,39.3939393939394,0.0045652471216826
-15.1515151515151,39.3939393939394,9.23827241923745
-13.1313131313131,39.3939393939394,37.9543824187959
-11.1111111111111,39.3939393939394,86.1528360431707
-9.09090909090908,39.3939393939394,155.081714239455
-7.07070707070706,39.3939393939394,244.878270354822
-5.05050505050504,39.3939393939394,351.102619574833
-3.03030303030303,39.3939393939394,476.401370187604
-1.01010101010101,39.3939393939394,624.831049095412
1.01010101010101,39.3939393939394,797.336144889107
3.03030303030303,39.3939393939394,973.746553996887
5.05050505050505,39.3939393939394,1177.13052719151
7.07070707070707,39.3939393939394,1402.88760376739
9.09090909090909,39.3939393939394,1666.42390254411
11.1111111111111,39.3939393939394,1966.16773043563
13.1313131313131,39.3939393939394,2305.41801834532
15.1515151515152,39.3939393939394,2680.3030020275
17.1717171717172,39.3939393939394,3079.45422895667
19.1919191919192,39.3939393939394,3503.60023794112
21.2121212121212,39.3939393939394,3962.02906457928
23.2323232323232,39.3939393939394,4452.7704191909
25.2525252525253,39.3939393939394,4977.68000597314
27.2727272727273,39.3939393939394,5542.99547676242
29.2929292929293,39.3939393939394,6153.59914860347
31.3131313131313,39.3939393939394,6798.14450092968
33.3333333333333,39.3939393939394,7489.61316691926
35.3535353535354,39.3939393939394,8266.45892746589
37.3737373737374,39.3939393939394,9124.1182503022
39.3939393939394,39.3939393939394,10068.8655150848
41.4141414141414,39.3939393939394,11084.5597198516
43.4343434343434,39.3939393939394,12131.6753612011
45.4545454545455,39.3939393939394,13184.5894199096
47.4747474747475,39.3939393939394,14221.4036636704
49.4949494949495,39.3939393939394,15256.8564777374
51.5151515151515,39.3939393939394,16318.2404718684
53.5353535353536,39.3939393939394,17407.2809844349
55.5555555555556,39.3939393939394,18517.7986050458
57.5757575757576,39.3939393939394,19662.2034768913
59.5959595959596,39.3939393939394,20830.989255313
61.6161616161616,39.3939393939394,22033.5765039449
63.6363636363637,39.3939393939394,23263.1971383315
65.6565656565657,39.3939393939394,24520.02857423
67.6767676767677,39.3939393939394,25798.5702680077
69.6969696969697,39.3939393939394,27104.2274005757
71.7171717171717,39.3939393939394,28428.8158729251
73.7373737373738,39.3939393939394,29787.3101802474
75.7575757575758,39.3939393939394,31173.6840161011
77.7777777777778,39.3939393939394,32587.7674199624
79.7979797979798,39.3939393939394,34026.5390746899
81.8181818181818,39.3939393939394,35495.8665020678
83.8383838383839,39.3939393939394,36994.7894436525
85.8585858585859,39.3939393939394,38529.0164845475
87.8787878787879,39.3939393939394,40102.724772581
89.8989898989899,39.3939393939394,41710.4747465961
91.919191919192,39.3939393939394,43346.5629139584
93.9393939393939,39.3939393939394,45012.2921156214
95.959595959596,39.3939393939394,46704.8028296168
97.979797979798,39.3939393939394,48423.8884354828
100,39.3939393939394,50178.3627667753
-100,41.4141414141414,10800.6007938385
-97.979797979798,41.4141414141414,10246.1461097989
-95.959595959596,41.4141414141414,9714.47116859441
-93.9393939393939,41.4141414141414,9197.61173215703
-91.9191919191919,41.4141414141414,8693.72661601508
-89.8989898989899,41.4141414141414,8203.40809811303
-87.8787878787879,41.4141414141414,7725.80762338745
-85.8585858585859,41.4141414141414,7268.49739043325
-83.8383838383838,41.4141414141414,6829.34765203908
-81.8181818181818,41.4141414141414,6406.39646388244
-79.7979797979798,41.4141414141414,6000.7354396569
-77.7777777777778,41.4141414141414,5608.43735948318
-75.7575757575758,41.4141414141414,5231.22045647404
-73.7373737373737,41.4141414141414,4867.99048485961
-71.7171717171717,41.4141414141414,4523.92807954613
-69.6969696969697,41.4141414141414,4195.9739649456
-67.6767676767677,41.4141414141414,3885.65893502699
-65.6565656565656,41.4141414141414,3593.91539171635
-63.6363636363636,41.4141414141414,3315.182646379
-61.6161616161616,41.4141414141414,3052.40542074239
-59.5959595959596,41.4141414141414,2797.8598258728
-57.5757575757576,41.4141414141414,2554.28720011174
-55.5555555555556,41.4141414141414,2319.81048403893
-53.5353535353535,41.4141414141414,2097.40838890744
-51.5151515151515,41.4141414141414,1887.30470844861
-49.4949494949495,41.4141414141414,1683.6121079821
-47.4747474747475,41.4141414141414,1491.86538506627
-45.4545454545455,41.4141414141414,1310.2899118343
-43.4343434343434,41.4141414141414,1142.71701143852
-41.4141414141414,41.4141414141414,983.158566604213
-39.3939393939394,41.4141414141414,832.711244982199
-37.3737373737374,41.4141414141414,693.261433074752
-35.3535353535353,41.4141414141414,563.042064395518
-33.3333333333333,41.4141414141414,445.094978879861
-31.3131313131313,41.4141414141414,341.208143569949
-29.2929292929293,41.4141414141414,247.527474714145
-27.2727272727273,41.4141414141414,166.04005118731
-25.2525252525252,41.4141414141414,101.510894180594
-23.2323232323232,41.4141414141414,52.7228420053121
-21.2121212121212,41.4141414141414,19.596173304581
-19.1919191919192,41.4141414141414,2.48908907962166
-17.1717171717172,41.4141414141414,1.84088019671296
-15.1515151515151,41.4141414141414,19.3459009563056
-13.1313131313131,41.4141414141414,56.551491287163
-11.1111111111111,41.4141414141414,113.44834407105
-9.09090909090908,41.4141414141414,191.446588756675
-7.07070707070706,41.4141414141414,289.548260601715
-5.05050505050504,41.4141414141414,404.021003121387
-3.03030303030303,41.4141414141414,538.223070039917
-1.01010101010101,41.4141414141414,695.218247004262
1.01010101010101,41.4141414141414,876.802999886696
3.03030303030303,41.4141414141414,1061.57571980456
5.05050505050505,41.4141414141414,1273.40885206041
7.07070707070707,41.4141414141414,1507.23007638145
9.09090909090909,41.4141414141414,1773.89975067536
11.1111111111111,41.4141414141414,2082.6650229982
13.1313131313131,41.4141414141414,2423.3511804722
15.1515151515152,41.4141414141414,2807.30580981248
17.1717171717172,41.4141414141414,3218.84970658843
19.1919191919192,41.4141414141414,3652.57453631035
21.2121212121212,41.4141414141414,4117.67730620528
23.2323232323232,41.4141414141414,4613.88819950952
25.2525252525253,41.4141414141414,5144.1714526242
27.2727272727273,41.4141414141414,5709.75743820672
29.2929292929293,41.4141414141414,6319.62439686142
31.3131313131313,41.4141414141414,6973.40473435738
33.3333333333333,41.4141414141414,7657.35857005379
35.3535353535354,41.4141414141414,8400.50352046647
37.3737373737374,41.4141414141414,9227.49274566554
39.3939393939394,41.4141414141414,10134.3798214639
41.4141414141414,41.4141414141414,11130.120040904
43.4343434343434,41.4141414141414,12196.4907302748
45.4545454545455,41.4141414141414,13296.8411668114
47.4747474747475,41.4141414141414,14405.4374087843
49.4949494949495,41.4141414141414,15498.8922432384
51.5151515151515,41.4141414141414,16580.8126656049
53.5353535353536,41.4141414141414,17690.7479206562
55.5555555555556,41.4141414141414,18828.6613803438
57.5757575757576,41.4141414141414,19984.2745955549
59.5959595959596,41.4141414141414,21173.0103404053
61.6161616161616,41.4141414141414,22391.6573878074
63.6363636363637,41.4141414141414,23634.734889689
65.6565656565657,41.4141414141414,24913.525305234
67.6767676767677,41.4141414141414,26216.6460737665
69.6969696969697,41.4141414141414,27549.3571326564
71.7171717171717,41.4141414141414,28898.3275981277
73.7373737373738,41.4141414141414,30276.5662405148
75.7575757575758,41.4141414141414,31675.3778151324
77.7777777777778,41.4141414141414,33108.2925596485
79.7979797979798,41.4141414141414,34568.6493928333
81.8181818181818,41.4141414141414,36056.5466119169
83.8383838383839,41.4141414141414,37569.1151057979
85.8585858585859,41.4141414141414,39112.3386658448
87.8787878787879,41.4141414141414,40685.010161006
89.8989898989899,41.4141414141414,42291.5223153634
91.919191919192,41.4141414141414,43938.6337042549
93.9393939393939,41.4141414141414,45620.8797038621
95.959595959596,41.4141414141414,47332.1044563929
97.979797979798,41.4141414141414,49072.9553917427
100,41.4141414141414,50843.682544911
-100,43.4343434343434,10509.6452655047
-97.979797979798,43.4343434343434,9971.03948360869
-95.959595959596,43.4343434343434,9446.19269465339
-93.9393939393939,43.4343434343434,8934.52544063824
-91.9191919191919,43.4343434343434,8435.61170468504
-89.8989898989899,43.4343434343434,7958.11585721696
-87.8787878787879,43.4343434343434,7498.38858120645
-85.8585858585859,43.4343434343434,7054.77557597956
-83.8383838383838,43.4343434343434,6628.55974213909
-81.8181818181818,43.4343434343434,6216.03094906675
-79.7979797979798,43.4343434343434,5818.10941808486
-77.7777777777778,43.4343434343434,5433.1692226689
-75.7575757575758,43.4343434343434,5068.59183527067
-73.7373737373737,43.4343434343434,4720.63378595615
-71.7171717171717,43.4343434343434,4388.06548542721
-69.6969696969697,43.4343434343434,4073.74532556759
-67.6767676767677,43.4343434343434,3778.28311446406
-65.6565656565656,43.4343434343434,3494.73016126658
-63.6363636363636,43.4343434343434,3223.64482258888
-61.6161616161616,43.4343434343434,2961.46991539732
-59.5959595959596,43.4343434343434,2710.33404371996
-57.5757575757576,43.4343434343434,2468.08095810698
-55.5555555555556,43.4343434343434,2239.64535253066
-53.5353535353535,43.4343434343434,2020.79179819682
-51.5151515151515,43.4343434343434,1810.15423639949
-49.4949494949495,43.4343434343434,1610.9330263945
-47.4747474747475,43.4343434343434,1421.96587687459
-45.4545454545455,43.4343434343434,1247.28151674045
-43.4343434343434,43.4343434343434,1080.3008744601
-41.4141414141414,43.4343434343434,922.219213791999
-39.3939393939394,43.4343434343434,775.983851204348
-37.3737373737374,43.4343434343434,637.818614483815
-35.3535353535353,43.4343434343434,511.893447119936
-33.3333333333333,43.4343434343434,399.809112316103
-31.3131313131313,43.4343434343434,300.220336737109
-29.2929292929293,43.4343434343434,209.591747851775
-27.2727272727273,43.4343434343434,135.749299308241
-25.2525252525252,43.4343434343434,77.9414554721093
-23.2323232323232,43.4343434343434,36.434863602456
-21.2121212121212,43.4343434343434,10.0586881705703
-19.1919191919192,43.4343434343434,0.07941859302067
-17.1717171717172,43.4343434343434,7.12372904160115
-15.1515151515151,43.4343434343434,33.2411736248984
-13.1313131313131,43.4343434343434,78.8148348470395
-11.1111111111111,43.4343434343434,144.980168827088
-9.09090909090908,43.4343434343434,231.855425648348
-7.07070707070706,43.4343434343434,337.925853067983
-5.05050505050504,43.4343434343434,460.107712416361
-3.03030303030303,43.4343434343434,603.894692773769
-1.01010101010101,43.4343434343434,769.361065908405
1.01010101010101,43.4343434343434,960.084364135828
3.03030303030303,43.4343434343434,1153.19695542046
5.05050505050505,43.4343434343434,1373.47156360939
7.07070707070707,43.4343434343434,1615.40633670274
9.09090909090909,43.4343434343434,1885.14834579049
11.1111111111111,43.4343434343434,2202.25612674751
13.1313131313131,43.4343434343434,2546.71721827801
15.1515151515152,43.4343434343434,2938.78419478637
17.1717171717172,43.4343434343434,3360.25238183596
19.1919191919192,43.4343434343434,3804.69610419383
21.2121212121212,43.4343434343434,4274.8575684267
23.2323232323232,43.4343434343434,4779.86295554948
25.2525252525253,43.4343434343434,5317.0816485022
27.2727272727273,43.4343434343434,5887.4984143999
29.2929292929293,43.4343434343434,6494.65315465443
31.3131313131313,43.4343434343434,7150.50837103926
33.3333333333333,43.4343434343434,7844.31815815395
35.3535353535354,43.4343434343434,8567.92836678003
37.3737373737374,43.4343434343434,9363.73570992357
39.3939393939394,43.4343434343434,10241.3687665301
41.4141414141414,43.4343434343434,11197.6596338201
43.4343434343434,43.4343434343434,12244.5444067405
45.4545454545455,43.4343434343434,13361.5574619414
47.4747474747475,43.4343434343434,14515.4280283314
49.4949494949495,43.4343434343434,15679.4397122689
51.5151515151515,43.4343434343434,16828.9122709626
53.5353535353536,43.4343434343434,17960.3334854327
55.5555555555556,43.4343434343434,19119.0904649144
57.5757575757576,43.4343434343434,20300.6041211722
59.5959595959596,43.4343434343434,21507.0112296549
61.6161616161616,43.4343434343434,22739.4519268779
63.6363636363637,43.4343434343434,24005.5231573453
65.6565656565657,43.4343434343434,25294.4797003423
67.6767676767677,43.4343434343434,26617.5203769813
69.6969696969697,43.4343434343434,27969.0440466965
71.7171717171717,43.4343434343434,29346.533053726
73.7373737373738,43.4343434343434,30750.5338399575
75.7575757575758,43.4343434343434,32173.9215872129
77.7777777777778,43.4343434343434,33623.6185396516
79.7979797979798,43.4343434343434,35097.5356452192
81.8181818181818,43.4343434343434,36604.5516761461
83.8383838383839,43.4343434343434,38139.0434747464
85.8585858585859,43.4343434343434,39700.767021903
87.8787878787879,43.4343434343434,41287.104963782
89.8989898989899,43.4343434343434,42904.2019850205
91.919191919192,43.4343434343434,44550.6487020585
93.9393939393939,43.4343434343434,46229.3019041504
95.959595959596,43.4343434343434,47949.8771115035
97.979797979798,43.4343434343434,49706.3856768829
100,43.4343434343434,51492.8630924713
-100,45.4545454545455,10229.6199778331
-97.979797979798,45.4545454545455,9696.85602711896
-95.959595959596,45.4545454545455,9176.90630412555
-93.9393939393939,45.4545454545455,8678.99762586175
-91.9191919191919,45.4545454545455,8198.69329202505
-89.8989898989899,45.4545454545455,7734.39634120463
-87.8787878787879,45.4545454545455,7287.66439397692
-85.8585858585859,45.4545454545455,6854.87360608571
-83.8383838383838,45.4545454545455,6436.19075827517
-81.8181818181818,45.4545454545455,6031.21205868504
-79.7979797979798,45.4545454545455,5644.69839217351
-77.7777777777778,45.4545454545455,5275.84649964285
-75.7575757575758,45.4545454545455,4921.56614603796
-73.7373737373737,45.4545454545455,4587.16286048683
-71.7171717171717,45.4545454545455,4271.13752429651
-69.6969696969697,45.4545454545455,3966.6957767205
-67.6767676767677,45.4545454545455,3678.77822636025
-65.6565656565656,45.4545454545455,3399.03907388263
-63.6363636363636,45.4545454545455,3129.79746962959
-61.6161616161616,45.4545454545455,2870.54408718247
-59.5959595959596,45.4545454545455,2621.06444672845
-57.5757575757576,45.4545454545455,2386.53305890375
-55.5555555555556,45.4545454545455,2159.36151322852
-53.5353535353535,45.4545454545455,1941.20988584729
-51.5151515151515,45.4545454545455,1734.38242918744
-49.4949494949495,45.4545454545455,1538.27802119167
-47.4747474747475,45.4545454545455,1356.42693482571
-45.4545454545455,45.4545454545455,1182.01813949482
-43.4343434343434,45.4545454545455,1016.18436707412
-41.4141414141414,45.4545454545455,863.348067391586
-39.3939393939394,45.4545454545455,716.855531387133
-37.3737373737374,45.4545454545455,583.472046935784
-35.3535353535353,45.4545454545455,463.26695815825
-33.3333333333333,45.4545454545455,356.761656423255
-31.3131313131313,45.4545454545455,257.844876718414
-29.2929292929293,45.4545454545455,174.930638536646
-27.2727272727273,45.4545454545455,108.478251276555
-25.2525252525252,45.4545454545455,57.8741066982612
-23.2323232323232,45.4545454545455,22.714484931239
-21.2121212121212,45.4545454545455,3.69479091472666
-19.1919191919192,45.4545454545455,1.02369467326482
-17.1717171717172,45.4545454545455,16.076358917824
-15.1515151515151,45.4545454545455,50.9037456264819
-13.1313131313131,45.4545454545455,105.029161586925
-11.1111111111111,45.4545454545455,180.236944737647
-9.09090909090908,45.4545454545455,276.253738722144
-7.07070707070706,45.4545454545455,389.980255484163
-5.05050505050504,45.4545454545455,520.188646072877
-3.03030303030303,45.4545454545455,673.356044300631
-1.01010101010101,45.4545454545455,847.280682670451
1.01010101010101,45.4545454545455,1047.13745820146
3.03030303030303,45.4545454545455,1248.5094677933
5.05050505050505,45.4545454545455,1477.31869332167
7.07070707070707,45.4545454545455,1727.48787385925
9.09090909090909,45.4545454545455,2002.91913786511
11.1111111111111,45.4545454545455,2325.6657615001
13.1313131313131,45.4545454545455,2678.20603514158
15.1515151515152,45.4545454545455,3073.42237412516
17.1717171717172,45.4545454545455,3503.56456217295
19.1919191919192,45.4545454545455,3959.89329133679
21.2121212121212,45.4545454545455,4439.14912383405
23.2323232323232,45.4545454545455,4950.76724597756
25.2525252525253,45.4545454545455,5492.84774671352
27.2727272727273,45.4545454545455,6069.22481778921
29.2929292929293,45.4545454545455,6680.75658192863
31.3131313131313,45.4545454545455,7333.2794626245
33.3333333333333,45.4545454545455,8032.01055718552
35.3535353535354,45.4545454545455,8766.43961851166
37.3737373737374,45.4545454545455,9533.02906846378
39.3939393939394,45.4545454545455,10379.2295673679
41.4141414141414,45.4545454545455,11308.4224269943
43.4343434343434,45.4545454545455,12314.5329679708
45.4545454545455,45.4545454545455,13412.1274227125
47.4747474747475,45.4545454545455,14579.7652062427
49.4949494949495,45.4545454545455,15787.4306671999
51.5151515151515,45.4545454545455,17006.134820467
53.5353535353536,45.4545454545455,18211.2695462583
55.5555555555556,45.4545454545455,19396.0772862091
57.5757575757576,45.4545454545455,20601.695574986
59.5959595959596,45.4545454545455,21828.3068991541
61.6161616161616,45.4545454545455,23085.3221514785
63.6363636363637,45.4545454545455,24361.6177933196
65.6565656565657,45.4545454545455,25672.0410165691
67.6767676767677,45.4545454545455,27011.3740779709
69.6969696969697,45.4545454545455,28374.9317948118
71.7171717171717,45.4545454545455,29775.6606513433
73.7373737373738,45.4545454545455,31199.9840023717
75.7575757575758,45.4545454545455,32652.8839311394
77.7777777777778,45.4545454545455,34126.2967752542
79.7979797979798,45.4545454545455,35625.3622872705
81.8181818181818,45.4545454545455,37146.1783714425
83.8383838383839,45.4545454545455,38695.1907407213
85.8585858585859,45.4545454545455,40276.2176125553
87.8787878787879,45.4545454545455,41884.8404217287
89.8989898989899,45.4545454545455,43520.358254344
91.919191919192,45.4545454545455,45180.4787871161
93.9393939393939,45.4545454545455,46871.375460869
95.959595959596,45.4545454545455,48591.6731458443
97.979797979798,45.4545454545455,50342.8371313431
100,45.4545454545455,52137.1166356928
-100,47.4747474747475,9949.42731407404
-97.979797979798,47.4747474747475,9431.13857847381
-95.959595959596,47.4747474747475,8930.25097273511
-93.9393939393939,47.4747474747475,8445.26626837818
-91.9191919191919,47.4747474747475,7978.00602256614
-89.8989898989899,47.4747474747475,7524.95185597089
-87.8787878787879,47.4747474747475,7085.40760147408
-85.8585858585859,47.4747474747475,6661.17061238523
-83.8383838383838,47.4747474747475,6252.04515494991
-81.8181818181818,47.4747474747475,5862.12444841529
-79.7979797979798,47.4747474747475,5488.10629188839
-77.7777777777778,47.4747474747475,5131.71964690272
-75.7575757575758,47.4747474747475,4793.05394700186
-73.7373737373737,47.4747474747475,4471.55203978116
-71.7171717171717,47.4747474747475,4162.88625522928
-69.6969696969697,47.4747474747475,3866.81610215739
-67.6767676767677,47.4747474747475,3579.13494212985
-65.6565656565656,47.4747474747475,3303.0669063192
-63.6363636363636,47.4747474747475,3035.35506248801
-61.6161616161616,47.4747474747475,2779.70999747507
-59.5959595959596,47.4747474747475,2537.83292822177
-57.5757575757576,47.4747474747475,2302.27340069169
-55.5555555555556,47.4747474747475,2076.76024001122
-53.5353535353535,47.4747474747475,1862.29872160532
-51.5151515151515,47.4747474747475,1659.16230913641
-49.4949494949495,47.4747474747475,1470.14965502999
-47.4747474747475,47.4747474747475,1288.22851726205
-45.4545454545455,47.4747474747475,1114.70262560623
-43.4343434343434,47.4747474747475,954.833280094377
-41.4141414141414,47.4747474747475,800.555727574915
-39.3939393939394,47.4747474747475,659.561232907779
-37.3737373737374,47.4747474747475,531.427480369973
-35.3535353535353,47.4747474747475,417.185790666772
-33.3333333333333,47.4747474747475,311.565221863934
-31.3131313131313,47.4747474747475,219.225321377751
-29.2929292929293,47.4747474747475,143.889320212519
-27.2727272727273,47.4747474747475,84.0567640782896
-25.2525252525252,47.4747474747475,40.644295950454
-23.2323232323232,47.4747474747475,12.320613072605
-21.2121212121212,47.4747474747475,0.395819177622254
-19.1919191919192,47.4747474747475,5.31437555412736
-17.1717171717172,47.4747474747475,28.832229454776
-15.1515151515151,47.4747474747475,72.1394992752044
-13.1313131313131,47.4747474747475,135.017340680858
-11.1111111111111,47.4747474747475,218.922380997769
-9.09090909090908,47.4747474747475,324.145811953588
-7.07070707070706,47.4747474747475,445.730480491935
-5.05050505050504,47.4747474747475,584.008507613265
-3.03030303030303,47.4747474747475,746.580962357147
-1.01010101010101,47.4747474747475,928.960994093646
1.01010101010101,47.4747474747475,1137.82987172791
3.03030303030303,47.4747474747475,1347.60261827878
5.05050505050505,47.4747474747475,1584.95057641771
7.07070707070707,47.4747474747475,1843.52949794331
9.09090909090909,47.4747474747475,2125.67750423834
11.1111111111111,47.4747474747475,2452.46451778998
13.1313131313131,47.4747474747475,2813.59438817413
15.1515151515152,47.4747474747475,3209.3620777898
17.1717171717172,47.4747474747475,3648.63001914723
19.1919191919192,47.4747474747475,4116.95570926411
21.2121212121212,47.4747474747475,4606.72488015719
23.2323232323232,47.4747474747475,5122.78062182553
25.2525252525253,47.4747474747475,5674.37385241189
27.2727272727273,47.4747474747475,6257.8770915468
29.2929292929293,47.4747474747475,6873.24422416389
31.3131313131313,47.4747474747475,7525.27958815328
33.3333333333333,47.4747474747475,8222.93616333245
35.3535353535354,47.4747474747475,8964.97753634666
37.3737373737374,47.4747474747475,9739.78625940549
39.3939393939394,47.4747474747475,10550.2549153675
41.4141414141414,47.4747474747475,11446.9988496697
43.4343434343434,47.4747474747475,12428.3478571347
45.4545454545455,47.4747474747475,13484.7609469979
47.4747474747475,47.4747474747475,14632.8667710037
49.4949494949495,47.4747474747475,15851.1009873897
51.5151515151515,47.4747474747475,17112.8508429371
53.5353535353536,47.4747474747475,18385.1214554686
55.5555555555556,47.4747474747475,19643.5718234326
57.5757575757576,47.4747474747475,20885.7124773059
59.5959595959596,47.4747474747475,22135.5408642166
61.6161616161616,47.4747474747475,23411.3656343583
63.6363636363637,47.4747474747475,24717.7479939155
65.6565656565657,47.4747474747475,26039.5348384694
67.6767676767677,47.4747474747475,27394.2332711904
69.6969696969697,47.4747474747475,28781.7449966634
71.7171717171717,47.4747474747475,30190.9005352909
73.7373737373738,47.4747474747475,31634.3135322635
75.7575757575758,47.4747474747475,33107.8261191901
77.7777777777778,47.4747474747475,34606.3749263304
79.7979797979798,47.4747474747475,36135.1965826294
81.8181818181818,47.4747474747475,37677.8490043077
83.8383838383839,47.4747474747475,39252.6004326038
85.8585858585859,47.4747474747475,40844.2436904987
87.8787878787879,47.4747474747475,42468.361111063
89.8989898989899,47.4747474747475,44123.3796646667
91.919191919192,47.4747474747475,45806.0686039126
93.9393939393939,47.4747474747475,47515.3359790391
95.959595959596,47.4747474747475,49249.2687236375
97.979797979798,47.4747474747475,51013.9780531244
100,47.4747474747475,52808.1229978661
-100,49.4949494949495,9693.06240173197
-97.979797979798,49.4949494949495,9187.3943138506
-95.959595959596,49.4949494949495,8699.580720078
-93.9393939393939,49.4949494949495,8226.27863364694
-91.9191919191919,49.4949494949495,7765.86458391964
-89.8989898989899,49.4949494949495,7321.51544792042
-87.8787878787879,49.4949494949495,6890.75377358003
-85.8585858585859,49.4949494949495,6479.69072106496
-83.8383838383838,49.4949494949495,6085.96000613484
-81.8181818181818,49.4949494949495,5706.80891433106
-79.7979797979798,49.4949494949495,5346.85130852802
-77.7777777777778,49.4949494949495,5006.73353905661
-75.7575757575758,49.4949494949495,4676.60626452955
-73.7373737373737,49.4949494949495,4363.56511835632
-71.7171717171717,49.4949494949495,4058.67883574357
-69.6969696969697,49.4949494949495,3763.86226170724
-67.6767676767677,49.4949494949495,3479.88301352473
-65.6565656565656,49.4949494949495,3204.72773581968
-63.6363636363636,49.4949494949495,2942.94841070872
-61.6161616161616,49.4949494949495,2693.5714921641
-59.5959595959596,49.4949494949495,2449.27701147442
-57.5757575757576,49.4949494949495,2217.04073127232
-55.5555555555556,49.4949494949495,1994.76376360543
-53.5353535353535,49.4949494949495,1784.67872396221
-51.5151515151515,49.4949494949495,1588.44906920883
-49.4949494949495,49.4949494949495,1399.00961150462
-47.4747474747475,49.4949494949495,1217.77802669153
-45.4545454545455,49.4949494949495,1050.6079790512
-43.4343434343434,49.4949494949495,888.947302136726
-41.4141414141414,49.4949494949495,740.296208443722
-39.3939393939394,49.4949494949495,604.109702709512
-37.3737373737374,49.4949494949495,481.814063406264
-35.3535353535353,49.4949494949495,370.508873757927
-33.3333333333333,49.4949494949495,268.893814395528
-31.3131313131313,49.4949494949495,184.010000077452
-29.2929292929293,49.4949494949495,115.604934801336
-27.2727272727273,49.4949494949495,63.2887819529431
-25.2525252525252,49.4949494949495,26.0629424166169
-23.2323232323232,49.4949494949495,5.11149704446258
-21.2121212121212,49.4949494949495,0.444573913988636
-19.1919191919192,49.4949494949495,13.1873826125807
-17.1717171717172,49.4949494949495,45.4058878470922
-15.1515151515151,49.4949494949495,97.0887744783422
-13.1313131313131,49.4949494949495,168.792812643747
-11.1111111111111,49.4949494949495,261.570647315766
-9.09090909090908,49.4949494949495,375.72849088272
-7.07070707070706,49.4949494949495,505.211406969449
-5.05050505050504,49.4949494949495,651.695751647484
-3.03030303030303,49.4949494949495,823.530788473412
-1.01010101010101,49.4949494949495,1014.39850446273
1.01010101010101,49.4949494949495,1232.27117796007
3.03030303030303,49.4949494949495,1450.48154986352
5.05050505050505,49.4949494949495,1696.36601893781
7.07070707070707,49.4949494949495,1963.63570362244
9.09090909090909,49.4949494949495,2253.34978392593
11.1111111111111,49.4949494949495,2582.56789336955
13.1313131313131,49.4949494949495,2952.2716221692
15.1515151515152,49.4949494949495,3349.46508516253
17.1717171717172,49.4949494949495,3798.88032551128
19.1919191919192,49.4949494949495,4276.57570495856
21.2121212121212,49.4949494949495,4777.63940051999
23.2323232323232,49.4949494949495,5302.37042845887
25.2525252525253,49.4949494949495,5860.49900843283
27.2727272727273,49.4949494949495,6448.77944704804
29.2929292929293,49.4949494949495,7071.61157176151
31.3131313131313,49.4949494949495,7729.28116672999
33.3333333333333,49.4949494949495,8422.40201807398
35.3535353535354,49.4949494949495,9164.9014999931
37.3737373737374,49.4949494949495,9949.17556715697
39.3939393939394,49.4949494949495,10764.1769107575
41.4141414141414,49.4949494949495,11620.4923862761
43.4343434343434,49.4949494949495,12568.3482024344
45.4545454545455,49.4949494949495,13601.1419685835
47.4747474747475,49.4949494949495,14708.1020794156
49.4949494949495,49.4949494949495,15906.7867617027
51.5151515151515,49.4949494949495,17175.5416283849
53.5353535353536,49.4949494949495,18491.6159322443
55.5555555555556,49.4949494949495,19813.8298273997
57.5757575757576,49.4949494949495,21128.9026817889
59.5959595959596,49.4949494949495,22429.1603155036
61.6161616161616,49.4949494949495,23724.6371321723
63.6363636363637,49.4949494949495,25049.9044736619
65.6565656565657,49.4949494949495,26400.1736339148
67.6767676767677,49.4949494949495,27774.1817449265
69.6969696969697,49.4949494949495,29172.0970524095
71.7171717171717,49.4949494949495,30604.1359740962
73.7373737373738,49.4949494949495,32064.0326612426
75.7575757575758,49.4949494949495,33548.0656083404
77.7777777777778,49.4949494949495,35070.8410921088
79.7979797979798,49.4949494949495,36616.60962474
81.8181818181818,49.4949494949495,38189.2239850205
83.8383838383839,49.4949494949495,39789.1131349541
85.8585858585859,49.4949494949495,41405.7954545755
87.8787878787879,49.4949494949495,43053.4488142837
89.8989898989899,49.4949494949495,44717.7714443865
91.919191919192,49.4949494949495,46417.0090221409
93.9393939393939,49.4949494949495,48145.9500878788
95.959595959596,49.4949494949495,49902.7348385953
97.979797979798,49.4949494949495,51685.719295292
100,49.4949494949495,53493.4349956274
-100,51.5151515151515,9452.38533858848
-97.979797979798,51.5151515151515,8958.83751258702
-95.959595959596,51.5151515151515,8477.54469154142
-93.9393939393939,51.5151515151515,8012.97018445148
-91.9191919191919,51.5151515151515,7560.28959680694
-89.8989898989899,51.5151515151515,7128.89992276323
-87.8787878787879,51.5151515151515,6714.256116143
-85.8585858585859,51.5151515151515,6313.78436363995
-83.8383838383838,51.5151515151515,5933.55450811423
-81.8181818181818,51.5151515151515,5570.75444122387
-79.7979797979798,51.5151515151515,5223.18143100526
-77.7777777777778,51.5151515151515,4889.44595440584
-75.7575757575758,51.5151515151515,4568.44749175716
-73.7373737373737,51.5151515151515,4255.26157220845
-71.7171717171717,51.5151515151515,3953.474463972
-69.6969696969697,51.5151515151515,3661.11336363384
-67.6767676767677,51.5151515151515,3378.3512587252
-65.6565656565656,51.5151515151515,3111.04754153773
-63.6363636363636,51.5151515151515,2852.66734477738
-61.6161616161616,51.5151515151515,2600.79352833339
-59.5959595959596,51.5151515151515,2361.99780174557
-57.5757575757576,51.5151515151515,2131.7872112763
-55.5555555555556,51.5151515151515,1914.94892101662
-53.5353535353535,51.5151515151515,1711.32542372485
-51.5151515151515,51.5151515151515,1514.3569140427
-49.4949494949495,51.5151515151515,1325.40958090506
-47.4747474747475,51.5151515151515,1150.70249321851
-45.4545454545455,51.5151515151515,981.965328671242
-43.4343434343434,51.5151515151515,825.697925094202
-41.4141414141414,51.5151515151515,681.318319383032
-39.3939393939394,51.5151515151515,551.045079766731
-37.3737373737374,51.5151515151515,433.637020763568
-35.3535353535353,51.5151515151515,323.206154620488
-33.3333333333333,51.5151515151515,229.364897480216
-31.3131313131313,51.5151515151515,152.158634726643
-29.2929292929293,51.5151515151515,90.4623330509874
-27.2727272727273,51.5151515151515,45.0837590617155
-25.2525252525252,51.5151515151515,14.8126105787727
-23.2323232323232,51.5151515151515,0.953344115246961
-21.2121212121212,51.5151515151515,3.82154501017726
-19.1919191919192,51.5151515151515,24.8089601443555
-17.1717171717172,51.5151515151515,65.7495524803611
-15.1515151515151,51.5151515151515,125.686137539076
-13.1313131313131,51.5151515151515,206.844161626688
-11.1111111111111,51.5151515151515,308.332233257776
-9.09090909090908,51.5151515151515,430.723302626445
-7.07070707070706,51.5151515151515,568.42994142333
-5.05050505050504,51.5151515151515,723.481439097146
-3.03030303030303,51.5151515151515,904.13047231943
-1.01010101010101,51.5151515151515,1103.60463603316
1.01010101010101,51.5151515151515,1330.4777340715
3.03030303030303,51.5151515151515,1557.14467655655
5.05050505050505,51.5151515151515,1811.82117576848
7.07070707070707,51.5151515151515,2087.69956432127
9.09090909090909,51.5151515151515,2384.94936522564
11.1111111111111,51.5151515151515,2716.08176447271
13.1313131313131,51.5151515151515,3094.45787787386
15.1515151515152,51.5151515151515,3500.05567706131
17.1717171717172,51.5151515151515,3951.65138469551
19.1919191919192,51.5151515151515,4436.84570192348
21.2121212121212,51.5151515151515,4950.45804416545
23.2323232323232,51.5151515151515,5485.4711934121
25.2525252525253,51.5151515151515,6047.40494315252
27.2727272727273,51.5151515151515,6645.56740778997
29.2929292929293,51.5151515151515,7274.43536299441
31.3131313131313,51.5151515151515,7936.26928426524
33.3333333333333,51.5151515151515,8633.99316533821
35.3535353535354,51.5151515151515,9373.66953810695
37.3737373737374,51.5151515151515,10160.9240401814
39.3939393939394,51.5151515151515,10984.5203081599
41.4141414141414,51.5151515151515,11838.782556475
43.4343434343434,51.5151515151515,12747.3996684584
45.4545454545455,51.5151515151515,13742.8759586718
47.4747474747475,51.5151515151515,14826.8103353173
49.4949494949495,51.5151515151515,15984.798219978
51.5151515151515,51.5151515151515,17233.8476889574
53.5353535353536,51.5151515151515,18553.1477843855
55.5555555555556,51.5151515151515,19923.7542700429
57.5757575757576,51.5151515151515,21295.4676147353
59.5959595959596,51.5151515151515,22667.7276610818
61.6161616161616,51.5151515151515,24026.4741259521
63.6363636363637,51.5151515151515,25368.8232698458
65.6565656565657,51.5151515151515,26744.6488316277
67.6767676767677,51.5151515151515,28138.4480674053
69.6969696969697,51.5151515151515,29563.4989512543
71.7171717171717,51.5151515151515,31005.5622181006
73.7373737373738,51.5151515151515,32482.1068317075
75.7575757575758,51.5151515151515,33990.993330605
77.7777777777778,51.5151515151515,35520.2950788954
79.7979797979798,51.5151515151515,37083.9460522986
81.8181818181818,51.5151515151515,38679.7041861535
83.8383838383839,51.5151515151515,40299.537160682
85.8585858585859,51.5151515151515,41948.5266478962
87.8787878787879,51.5151515151515,43616.9779043648
89.8989898989899,51.5151515151515,45309.4164643643
91.919191919192,51.5151515151515,47027.8603671764
93.9393939393939,51.5151515151515,48767.1474865217
95.959595959596,51.5151515151515,50541.1722080585
97.979797979798,51.5151515151515,52344.0136464262
100,51.5151515151515,54174.875498814
-100,53.5353535353536,9220.98066483334
-97.979797979798,53.5353535353536,8735.62806374846
-95.959595959596,53.5353535353536,8262.10107204
-93.9393939393939,53.5353535353536,7809.34998784916
-91.9191919191919,53.5353535353536,7373.49840324152
-89.8989898989899,53.5353535353536,6953.42588243038
-87.8787878787879,53.5353535353536,6550.79575908312
-85.8585858585859,53.5353535353536,6164.71376177192
-83.8383838383838,53.5353535353536,5800.74090357797
-81.8181818181818,53.5353535353536,5444.94472765879
-79.7979797979798,53.5353535353536,5106.76228026795
-77.7777777777778,53.5353535353536,4776.81931007385
-75.7575757575758,53.5353535353536,4456.49212961914
-73.7373737373737,53.5353535353536,4147.82125128634
-71.7171717171717,53.5353535353536,3846.9400887142
-69.6969696969697,53.5353535353536,3557.98085322483
-67.6767676767677,53.5353535353536,3283.75260134989
-65.6565656565656,53.5353535353536,3016.47032496152
-63.6363636363636,53.5353535353536,2757.51720366532
-61.6161616161616,53.5353535353536,2511.5368499731
-59.5959595959596,53.5353535353536,2273.31380420182
-57.5757575757576,53.5353535353536,2049.64108779084
-55.5555555555556,53.5353535353536,1838.77999257636
-53.5353535353535,53.5353535353536,1634.27381465975
-51.5151515151515,53.5353535353536,1437.59859641604
-49.4949494949495,53.5353535353536,1255.22662984918
-47.4747474747475,53.5353535353536,1079.61051048939
-45.4545454545455,53.5353535353536,915.761774571332
-43.4343434343434,53.5353535353536,763.467414709533
-41.4141414141414,53.5353535353536,625.131394460904
-39.3939393939394,53.5353535353536,500.476391916619
-37.3737373737374,53.5353535353536,382.96217117328
-35.3535353535353,53.5353535353536,279.81584013695
-33.3333333333333,53.5353535353536,193.547487706894
-31.3131313131313,53.5353535353536,122.992574994187
-29.2929292929293,53.5353535353536,68.9441304126114
-27.2727272727273,53.5353535353536,29.6414988611993
-25.2525252525252,53.5353535353536,6.75900162866625
-23.2323232323232,53.5353535353536,0.10142783612548
-21.2121212121212,53.5353535353536,10.651781962625
-19.1919191919192,53.5353535353536,40.2030223300965
-17.1717171717172,53.5353535353536,89.6226374366221
-15.1515151515151,53.5353535353536,158.548487626474
-13.1313131313131,53.5353535353536,248.636447635243
-11.1111111111111,53.5353535353536,359.093442423708
-9.09090909090908,53.5353535353536,489.393952963282
-7.07070707070706,53.5353535353536,635.274166483681
-5.05050505050504,53.5353535353536,798.961655139673
-3.03030303030303,53.5353535353536,988.491420080827
-1.01010101010101,53.5353535353536,1196.62372491161
1.01010101010101,53.5353535353536,1432.44931411193
3.03030303030303,53.5353535353536,1667.60854230572
5.05050505050505,53.5353535353536,1931.3680368651
7.07070707070707,53.5353535353536,2215.30424561944
9.09090909090909,53.5353535353536,2520.552374516
11.1111111111111,53.5353535353536,2854.6754728844
13.1313131313131,53.5353535353536,3240.53698781235
15.1515151515152,53.5353535353536,3653.84449998334
17.1717171717172,53.5353535353536,4105.59669845575
19.1919191919192,53.5353535353536,4600.46542187796
21.2121212121212,53.5353535353536,5125.32668499055
23.2323232323232,53.5353535353536,5671.9993975432
25.2525252525253,53.5353535353536,6242.23355586896
27.2727272727273,53.5353535353536,6846.91258386225
29.2929292929293,53.5353535353536,7481.33438390113
31.3131313131313,53.5353535353536,8150.97585941753
33.3333333333333,53.5353535353536,8852.84022092911
35.3535353535354,53.5353535353536,9591.03401862887
37.3737373737374,53.5353535353536,10376.6165457352
39.3939393939394,53.5353535353536,11206.4403137546
41.4141414141414,53.5353535353536,12071.0038682326
43.4343434343434,53.5353535353536,12964.0776221818
45.4545454545455,53.5353535353536,13927.149803505
47.4747474747475,53.5353535353536,14970.54758322
49.4949494949495,53.5353535353536,16105.342044739
51.5151515151515,53.5353535353536,17314.8173250383
53.5353535353536,53.5353535353536,18614.0823474331
55.5555555555556,53.5353535353536,19983.8518120468
57.5757575757576,53.5353535353536,21406.7432416343
59.5959595959596,53.5353535353536,22830.5138743838
61.6161616161616,53.5353535353536,24260.2519993078
63.6363636363637,53.5353535353536,25676.4761460893
65.6565656565657,53.5353535353536,27069.8174028342
67.6767676767677,53.5353535353536,28491.3219772479
69.6969696969697,53.5353535353536,29932.0814040001
71.7171717171717,53.5353535353536,31406.9376750432
73.7373737373738,53.5353535353536,32894.9291991668
75.7575757575758,53.5353535353536,34415.5751506005
77.7777777777778,53.5353535353536,35969.3695065141
79.7979797979798,53.5353535353536,37549.6390512359
81.8181818181818,53.5353535353536,39154.1329856157
83.8383838383839,53.5353535353536,40798.4498427136
85.8585858585859,53.5353535353536,42465.2103716448
87.8787878787879,53.5353535353536,44158.9260229206
89.8989898989899,53.5353535353536,45883.865404416
91.919191919192,53.5353535353536,47620.6457778303
93.9393939393939,53.5353535353536,49388.7931636971
95.959595959596,53.5353535353536,51177.7163471444
97.979797979798,53.5353535353536,52992.2257096046
100,53.5353535353536,54841.3883836961
-100,55.5555555555556,8996.75041381641
-97.979797979798,55.5555555555556,8520.99292910183
-95.959595959596,55.5555555555556,8064.19631024496
-93.9393939393939,55.5555555555556,7624.47413243682
-91.9191919191919,55.5555555555556,7198.56635681064
-89.8989898989899,55.5555555555556,6793.57132673873
-87.8787878787879,55.5555555555556,6406.89721199181
-85.8585858585859,55.5555555555556,6033.24215326973
-83.8383838383838,55.5555555555556,5674.41914506157
-81.8181818181818,55.5555555555556,5328.66658915967
-79.7979797979798,55.5555555555556,4989.8453264824
-77.7777777777778,55.5555555555556,4662.3360557528
-75.7575757575758,55.5555555555556,4345.46896607635
-73.7373737373737,55.5555555555556,4037.36921313272
-71.7171717171717,55.5555555555556,3742.26541364932
-69.6969696969697,55.5555555555556,3460.85841024442
-67.6767676767677,55.5555555555556,3185.25269982137
-65.6565656565656,55.5555555555556,2918.82582508773
-63.6363636363636,55.5555555555556,2664.70673821786
-61.6161616161616,55.5555555555556,2419.63583032956
-59.5959595959596,55.5555555555556,2188.94234819175
-57.5757575757576,55.5555555555556,1970.81118615093
-55.5555555555556,55.5555555555556,1758.75945726147
-53.5353535353535,55.5555555555556,1554.42541981659
-51.5151515151515,55.5555555555556,1364.53964152233
-49.4949494949495,55.5555555555556,1181.88463138021
-47.4747474747475,55.5555555555556,1010.48600885549
-45.4545454545455,55.5555555555556,850.364625193778
-43.4343434343434,55.5555555555556,703.930879067079
-41.4141414141414,55.5555555555556,571.448209610703
-39.3939393939394,55.5555555555556,448.099268921287
-37.3737373737374,55.5555555555556,335.556469183191
-35.3535353535353,55.5555555555556,239.687001759979
-33.3333333333333,55.5555555555556,160.652714187202
-31.3131313131313,55.5555555555556,97.1161550938147
-29.2929292929293,55.5555555555556,49.753242328071
-27.2727272727273,55.5555555555556,17.5363415182333
-25.2525252525252,55.5555555555556,1.75811025518292
-23.2323232323232,55.5555555555556,2.59165165727608
-21.2121212121212,55.5555555555556,21.1137610495456
-19.1919191919192,55.5555555555556,59.4635372221591
-17.1717171717172,55.5555555555556,117.219246489144
-15.1515151515151,55.5555555555556,194.811622113452
-13.1313131313131,55.5555555555556,293.799933546603
-11.1111111111111,55.5555555555556,413.881147648155
-9.09090909090908,55.5555555555556,551.671696840554
-7.07070707070706,55.5555555555556,706.144124031097
-5.05050505050504,55.5555555555556,878.244012309529
-3.03030303030303,55.5555555555556,1076.61500819614
-1.01010101010101,55.5555555555556,1293.40486054202
1.01010101010101,55.5555555555556,1538.18475259347
3.03030303030303,55.5555555555556,1781.95503975565
5.05050505050505,55.5555555555556,2054.76740621164
7.07070707070707,55.5555555555556,2346.67832676936
9.09090909090909,55.5555555555556,2659.88726725692
11.1111111111111,55.5555555555556,2999.48240727804
13.1313131313131,55.5555555555556,3389.90859071818
15.1515151515152,55.5555555555556,3812.26095852639
17.1717171717172,55.5555555555556,4263.10727838804
19.1919191919192,55.5555555555556,4769.10862267724
21.2121212121212,55.5555555555556,5302.53487327376
23.2323232323232,55.5555555555556,5860.34248143117
25.2525252525253,55.5555555555556,6440.88328360472
27.2727272727273,55.5555555555556,7048.70145304246
29.2929292929293,55.5555555555556,7693.44179524693
31.3131313131313,55.5555555555556,8368.16844643904
33.3333333333333,55.5555555555556,9076.18367210163
35.3535353535354,55.5555555555556,9821.32424208897
37.3737373737374,55.5555555555556,10600.3188054761
39.3939393939394,55.5555555555556,11429.7754244365
41.4141414141414,55.5555555555556,12303.7406670178
43.4343434343434,55.5555555555556,13208.7213064043
45.4545454545455,55.5555555555556,14143.5306613517
47.4747474747475,55.5555555555556,15159.8826141027
49.4949494949495,55.5555555555556,16252.5445671634
51.5151515151515,55.5555555555556,17437.1978050543
53.5353535353536,55.5555555555556,18697.95694136
55.5555555555556,55.5555555555556,20047.4748693511
57.5757575757576,55.5555555555556,21467.7075924238
59.5959595959596,55.5555555555556,22942.5863962864
61.6161616161616,55.5555555555556,24418.9771977528
63.6363636363637,55.5555555555556,25906.687652099
65.6565656565657,55.5555555555556,27379.5519049678
67.6767676767677,55.5555555555556,28826.4118925912
69.6969696969697,55.5555555555556,30290.501567688
71.7171717171717,55.5555555555556,31781.1281876216
73.7373737373738,55.5555555555556,33299.8433983107
75.7575757575758,55.5555555555556,34841.6472821818
77.7777777777778,55.5555555555556,36404.7729624537
79.7979797979798,55.5555555555556,38003.1075165156
81.8181818181818,55.5555555555556,39633.2823440926
83.8383838383839,55.5555555555556,41282.6094072352
85.8585858585859,55.5555555555556,42966.4758074571
87.8787878787879,55.5555555555556,44684.7360215012
89.8989898989899,55.5555555555556,46426.0630902722
91.919191919192,55.5555555555556,48194.7310340139
93.9393939393939,55.5555555555556,49990.3004993694
95.959595959596,55.5555555555556,51800.5516805114
97.979797979798,55.5555555555556,53644.0450552546
100,55.5555555555556,55503.0966979464
-100,57.5757575757576,8786.20267473935
-97.979797979798,57.5757575757576,8325.86866384936
-95.959595959596,57.5757575757576,7879.17727034835
-93.9393939393939,57.5757575757576,7452.95968086925
-91.9191919191919,57.5757575757576,7042.52469948736
-89.8989898989899,57.5757575757576,6653.16534614238
-87.8787878787879,57.5757575757576,6271.69290666133
-85.8585858585859,57.5757575757576,5908.37646995601
-83.8383838383838,57.5757575757576,5553.42738419878
-81.8181818181818,57.5757575757576,5207.56346766692
-79.7979797979798,57.5757575757576,4873.26071864686
-77.7777777777778,57.5757575757576,4547.71831554597
-75.7575757575758,57.5757575757576,4231.97704260608
-73.7373737373737,57.5757575757576,3931.3428828235
-71.7171717171717,57.5757575757576,3642.44755023264
-69.6969696969697,57.5757575757576,3358.33449688332
-67.6767676767677,57.5757575757576,3084.64523881205
-65.6565656565656,57.5757575757576,2822.58232376174
-63.6363636363636,57.5757575757576,2570.4646830142
-61.6161616161616,57.5757575757576,2332.81930355848
-59.5959595959596,57.5757575757576,2107.35589250217
-57.5757575757576,57.5757575757576,1887.81682525371
-55.5555555555556,57.5757575757576,1675.84809494762
-53.5353535353535,57.5757575757576,1478.51472301815
-51.5151515151515,57.5757575757576,1289.092880632
-49.4949494949495,57.5757575757576,1109.60787026539
-47.4747474747475,57.5757575757576,941.781973080849
-45.4545454545455,57.5757575757576,787.297923344084
-43.4343434343434,57.5757575757576,646.619504690364
-41.4141414141414,57.5757575757576,517.913055204576
-39.3939393939394,57.5757575757576,395.943237668608
-37.3737373737374,57.5757575757576,291.153230139715
-35.3535353535353,57.5757575757576,203.219422420958
-33.3333333333333,57.5757575757576,130.56751175691
-31.3131313131313,57.5757575757576,74.8179216645229
-29.2929292929293,57.5757575757576,33.450158502877
-27.2727272727273,57.5757575757576,8.63439732470545
-25.2525252525252,57.5757575757576,0.000930232766272585
-23.2323232323232,57.5757575757576,8.41881066060239
-21.2121212121212,57.5757575757576,35.4284979262759
-19.1919191919192,57.5757575757576,82.4860044236391
-17.1717171717172,57.5757575757576,148.41454900398
-15.1515151515151,57.5757575757576,235.09611603971
-13.1313131313131,57.5757575757576,342.786507240766
-11.1111111111111,57.5757575757576,472.248445300454
-9.09090909090908,57.5757575757576,617.766290136749
-7.07070707070706,57.5757575757576,780.609769077386
-5.05050505050504,57.5757575757576,961.188899167934
-3.03030303030303,57.5757575757576,1168.50129944895
-1.01010101010101,57.5757575757576,1393.94962643173
1.01010101010101,57.5757575757576,1647.68550375911
3.03030303030303,57.5757575757576,1900.09328131318
5.05050505050505,57.5757575757576,2182.46286687565
7.07070707070707,57.5757575757576,2481.83910945587
9.09090909090909,57.5757575757576,2803.18694466062
11.1111111111111,57.5757575757576,3149.46136183734
13.1313131313131,57.5757575757576,3542.66566553613
15.1515151515152,57.5757575757576,3973.319610397
17.1717171717172,57.5757575757576,4431.75407019059
19.1919191919192,57.5757575757576,4940.09892853067
21.2121212121212,57.5757575757576,5480.21284568402
23.2323232323232,57.5757575757576,6050.77891937171
25.2525252525253,57.5757575757576,6642.58486594394
27.2727272727273,57.5757575757576,7258.73952271082
29.2929292929293,57.5757575757576,7910.01362389348
31.3131313131313,57.5757575757576,8590.53885366767
33.3333333333333,57.5757575757576,9306.60873496378
35.3535353535354,57.5757575757576,10053.6886137457
37.3737373737374,57.5757575757576,10837.8585067746
39.3939393939394,57.5757575757576,11664.1784240009
41.4141414141414,57.5757575757576,12538.4058702629
43.4343434343434,57.5757575757576,13452.3438657859
45.4545454545455,57.5757575757576,14397.6769795226
47.4747474747475,57.5757575757576,15376.9295408612
49.4949494949495,57.5757575757576,16444.8870683504
51.5151515151515,57.5757575757576,17589.1179731973
53.5353535353536,57.5757575757576,18822.8411386184
55.5555555555556,57.5757575757576,20134.2902535694
57.5757575757576,57.5757575757576,21534.033739286
59.5959595959596,57.5757575757576,23004.7170131044
61.6161616161616,57.5757575757576,24531.3458618388
63.6363636363637,57.5757575757576,26060.8772911151
65.6565656565657,57.5757575757576,27606.2597556995
67.6767676767677,57.5757575757576,29133.1425081545
69.6969696969697,57.5757575757576,30635.1513268407
71.7171717171717,57.5757575757576,32144.7464934962
73.7373737373738,57.5757575757576,33686.1093211531
75.7575757575758,57.5757575757576,35248.7139476236
77.7777777777778,57.5757575757576,36841.8351781515
79.7979797979798,57.5757575757576,38449.692700809
81.8181818181818,57.5757575757576,40092.1833903083
83.8383838383839,57.5757575757576,41767.7662129128
85.8585858585859,57.5757575757576,43468.1818697277
87.8787878787879,57.5757575757576,45193.1158107294
89.8989898989899,57.5757575757576,46958.0860744576
91.919191919192,57.5757575757576,48746.8643519275
93.9393939393939,57.5757575757576,50561.9075746324
95.959595959596,57.5757575757576,52406.9898118554
97.979797979798,57.5757575757576,54270.6322894815
100,57.5757575757576,56156.3264438755
-100,59.5959595959596,8591.92263122486
-97.979797979798,59.5959595959596,8142.88637022512
-95.959595959596,59.5959595959596,7711.76766972123
-93.9393939393939,59.5959595959596,7301.48381059878
-91.9191919191919,59.5959595959596,6901.6866825663
-89.8989898989899,59.5959595959596,6517.80114954798
-87.8787878787879,59.5959595959596,6146.88285226487
-85.8585858585859,59.5959595959596,5782.89358500152
-83.8383838383838,59.5959595959596,5429.92824617414
-81.8181818181818,59.5959595959596,5088.4292146408
-79.7979797979798,59.5959595959596,4754.5636170353
-77.7777777777778,59.5959595959596,4431.96373839458
-75.7575757575758,59.5959595959596,4125.31366107766
-73.7373737373737,59.5959595959596,3827.66516912232
-71.7171717171717,59.5959595959596,3535.52340467022
-69.6969696969697,59.5959595959596,3254.9149737985
-67.6767676767677,59.5959595959596,2985.50049802983
-65.6565656565656,59.5959595959596,2725.85267545939
-63.6363636363636,59.5959595959596,2481.27920833152
-61.6161616161616,59.5959595959596,2248.42770980747
-59.5959595959596,59.5959595959596,2021.43834050145
-57.5757575757576,59.5959595959596,1801.83524209435
-55.5555555555556,59.5959595959596,1597.05560060284
-53.5353535353535,59.5959595959596,1401.1558066554
-51.5151515151515,59.5959595959596,1213.00476102996
-49.4949494949495,59.5959595959596,1037.80165082226
-47.4747474747475,59.5959595959596,875.161991027826
-45.4545454545455,59.5959595959596,726.48973207106
-43.4343434343434,59.5959595959596,591.220707065163
-41.4141414141414,59.5959595959596,461.71825456937
-39.3939393939394,59.5959595959596,347.790307922404
-37.3737373737374,59.5959595959596,250.462173995131
-35.3535353535353,59.5959595959596,169.341219649318
-33.3333333333333,59.5959595959596,104.021230641862
-31.3131313131313,59.5959595959596,54.6528325515012
-29.2929292929293,59.5959595959596,20.49075315914
-27.2727272727273,59.5959595959596,2.80431319470646
-25.2525252525252,59.5959595959596,1.59983949037491
-23.2323232323232,59.5959595959596,17.8529983474122
-21.2121212121212,59.5959595959596,53.4488031743948
-19.1919191919192,59.5959595959596,109.000851601249
-17.1717171717172,59.5959595959596,183.680683072591
-15.1515151515151,59.5959595959596,279.67162032319
-13.1313131313131,59.5959595959596,395.785642222831
-11.1111111111111,59.5959595959596,534.170631444213
-9.09090909090908,59.5959595959596,687.443985393514
-7.07070707070706,59.5959595959596,858.534586064503
-5.05050505050504,59.5959595959596,1047.87675759892
-3.03030303030303,59.5959595959596,1264.14981409869
-1.01010101010101,59.5959595959596,1498.25808537201
1.01010101010101,59.5959595959596,1760.95099009865
3.03030303030303,59.5959595959596,2021.86686145052
5.05050505050505,59.5959595959596,2313.78033032628
7.07070707070707,59.5959595959596,2620.78251772544
9.09090909090909,59.5959595959596,2950.48894748439
11.1111111111111,59.5959595959596,3304.3479111288
13.1313131313131,59.5959595959596,3698.4782278981
15.1515151515152,59.5959595959596,4138.05198169176
17.1717171717172,59.5959595959596,4604.42911329544
19.1919191919192,59.5959595959596,5112.05391574109
21.2121212121212,59.5959595959596,5662.87972415334
23.2323232323232,59.5959595959596,6244.07217551501
25.2525252525253,59.5959595959596,6846.84819116516
27.2727272727273,59.5959595959596,7472.95465338319
29.2929292929293,59.5959595959596,8126.68750837552
31.3131313131313,59.5959595959596,8818.17067565391
33.3333333333333,59.5959595959596,9538.30825239657
35.3535353535354,59.5959595959596,10293.4506543854
37.3737373737374,59.5959595959596,11083.0480598944
39.3939393939394,59.5959595959596,11907.0072804709
41.4141414141414,59.5959595959596,12780.1104556419
43.4343434343434,59.5959595959596,13698.1908515609
45.4545454545455,59.5959595959596,14652.1063330472
47.4747474747475,59.5959595959596,15637.5629297859
49.4949494949495,59.5959595959596,16661.88572733
51.5151515151515,59.5959595959596,17782.1493909886
53.5353535353536,59.5959595959596,18978.8445706194
55.5555555555556,59.5959595959596,20261.4201246043
57.5757575757576,59.5959595959596,21623.7825364008
59.5959595959596,59.5959595959596,23073.7594292548
61.6161616161616,59.5959595959596,24594.91067769
63.6363636363637,59.5959595959596,26173.2994159034
65.6565656565657,59.5959595959596,27756.1804570733
67.6767676767677,59.5959595959596,29357.94670036
69.6969696969697,59.5959595959596,30936.8766114933
71.7171717171717,59.5959595959596,32498.6588006769
73.7373737373738,59.5959595959596,34053.7455740858
75.7575757575758,59.5959595959596,35646.4358333647
77.7777777777778,59.5959595959596,37252.9029509449
79.7979797979798,59.5959595959596,38896.2141987497
81.8181818181818,59.5959595959596,40550.9727107111
83.8383838383839,59.5959595959596,42237.0775001635
85.8585858585859,59.5959595959596,43957.0140796242
87.8787878787879,59.5959595959596,45708.6316107116
89.8989898989899,59.5959595959596,47477.8447818723
91.919191919192,59.5959595959596,49281.8702305397
93.9393939393939,59.5959595959596,51122.8800607485
95.959595959596,59.5959595959596,52985.6714391262
97.979797979798,59.5959595959596,54874.2394392504
100,59.5959595959596,56795.3832090881
-100,61.6161616161616,8413.29993899954
-97.979797979798,61.6161616161616,7979.08275797011
-95.959595959596,61.6161616161616,7563.95585301776
-93.9393939393939,61.6161616161616,7156.85209240291
-91.9191919191919,61.6161616161616,6768.40591890384
-89.8989898989899,61.6161616161616,6388.50208601511
-87.8787878787879,61.6161616161616,6017.09736575376
-85.8585858585859,61.6161616161616,5657.05199303844
-83.8383838383838,61.6161616161616,5307.09523752583
-81.8181818181818,61.6161616161616,4966.01211985044
-79.7979797979798,61.6161616161616,4637.58867159245
-77.7777777777778,61.6161616161616,4323.84274920079
-75.7575757575758,61.6161616161616,4016.72103992845
-73.7373737373737,61.6161616161616,3717.06072255879
-71.7171717171717,61.6161616161616,3429.7644959394
-69.6969696969697,61.6161616161616,3152.92049474144
-67.6767676767677,61.6161616161616,2885.80219763564
-65.6565656565656,61.6161616161616,2634.31692668041
-63.6363636363636,61.6161616161616,2394.06853304157
-61.6161616161616,61.6161616161616,2159.62954607817
-59.5959595959596,61.6161616161616,1932.4340117915
-57.5757575757576,61.6161616161616,1720.15282609942
-55.5555555555556,61.6161616161616,1517.72617928077
-53.5353535353535,61.6161616161616,1321.27228992867
-51.5151515151515,61.6161616161616,1138.48382126555
-49.4949494949495,61.6161616161616,967.638433891689
-47.4747474747475,61.6161616161616,811.201494837316
-45.4545454545455,61.6161616161616,668.454046136118
-43.4343434343434,61.6161616161616,533.049081628642
-41.4141414141414,61.6161616161616,409.587387044879
-39.3939393939394,61.6161616161616,302.831192049917
-37.3737373737374,61.6161616161616,213.021699290609
-35.3535353535353,61.6161616161616,138.376131897769
-33.3333333333333,61.6161616161616,80.8709688821411
-31.3131313131313,61.6161616161616,37.4890449511766
-29.2929292929293,61.6161616161616,10.7384905164865
-27.2727272727273,61.6161616161616,0.142794644275651
-25.2525252525252,61.6161616161616,6.51755859156412
-23.2323232323232,61.6161616161616,30.9527447701604
-21.2121212121212,61.6161616161616,75.4141354619676
-19.1919191919192,61.6161616161616,139.244992106918
-17.1717171717172,61.6161616161616,222.924120011254
-15.1515151515151,61.6161616161616,327.954733963962
-13.1313131313131,61.6161616161616,452.938469001746
-11.1111111111111,61.6161616161616,599.751615601361
-9.09090909090908,61.6161616161616,760.852234729615
-7.07070707070706,61.6161616161616,939.372587503556
-5.05050505050504,61.6161616161616,1138.36651538063
-3.03030303030303,61.6161616161616,1363.5875979978
-1.01010101010101,61.6161616161616,1606.32846548168
1.01010101010101,61.6161616161616,1877.97955848743
3.03030303030303,61.6161616161616,2147.40464365836
5.05050505050505,61.6161616161616,2448.34152946097
7.07070707070707,61.6161616161616,2763.51163420865
9.09090909090909,61.6161616161616,3101.6408829074
11.1111111111111,61.6161616161616,3463.22198977927
13.1313131313131,61.6161616161616,3858.2324601609
15.1515151515152,61.6161616161616,4306.80712232213
17.1717171717172,61.6161616161616,4781.67656954521
19.1919191919192,61.6161616161616,5287.1370247837
21.2121212121212,61.6161616161616,5849.56000383275
23.2323232323232,61.6161616161616,6437.70829792849
25.2525252525253,61.6161616161616,7053.14748489725
27.2727272727273,61.6161616161616,7689.78309126364
29.2929292929293,61.6161616161616,8351.88275106384
31.3131313131313,61.6161616161616,9049.79370253153
33.3333333333333,61.6161616161616,9776.38672961778
35.3535353535354,61.6161616161616,10538.7901131344
37.3737373737374,61.6161616161616,11331.3050441006
39.3939393939394,61.6161616161616,12163.1409293373
41.4141414141414,61.6161616161616,13028.4084356491
43.4343434343434,61.6161616161616,13945.8801991553
45.4545454545455,61.6161616161616,14908.1697915618
47.4747474747475,61.6161616161616,15902.9784621928
49.4949494949495,61.6161616161616,16927.5665466435
51.5151515151515,61.6161616161616,18000.256212011
53.5353535353536,61.6161616161616,19171.6832012671
55.5555555555556,61.6161616161616,20421.3878918122
57.5757575757576,61.6161616161616,21752.9715027954
59.5959595959596,61.6161616161616,23166.4259158264
61.6161616161616,61.6161616161616,24666.6044815485
63.6363636363637,61.6161616161616,26238.362511733
65.6565656565657,61.6161616161616,27868.4378136018
67.6767676767677,61.6161616161616,29504.8852761814
69.6969696969697,61.6161616161616,31162.7415316855
71.7171717171717,61.6161616161616,32794.0434513938
73.7373737373738,61.6161616161616,34415.7449942728
75.7575757575758,61.6161616161616,36019.8803384305
77.7777777777778,61.6161616161616,37657.2136568276
79.7979797979798,61.6161616161616,39312.5050800214
81.8181818181818,61.6161616161616,40999.586180136
83.8383838383839,61.6161616161616,42709.2314558855
85.8585858585859,61.6161616161616,44437.6039093054
87.8787878787879,61.6161616161616,46201.885108268
89.8989898989899,61.6161616161616,47999.2941110623
91.919191919192,61.6161616161616,49819.6938278152
93.9393939393939,61.6161616161616,51665.0113897072
95.959595959596,61.6161616161616,53550.502472095
97.979797979798,61.6161616161616,55461.656015755
100,61.6161616161616,57398.2455958039
-100,63.6363636363637,8254.29569365024
-97.979797979798,63.6363636363637,7828.50669129265
-95.959595959596,63.6363636363637,7419.59960656701
-93.9393939393939,63.6363636363637,7023.51295435684
-91.9191919191919,63.6363636363637,6634.41479486947
-89.8989898989899,63.6363636363637,6255.94520506152
-87.8787878787879,63.6363636363637,5889.15452636095
-85.8585858585859,63.6363636363637,5530.3635979267
-83.8383838383838,63.6363636363637,5181.71913172056
-81.8181818181818,63.6363636363637,4847.70402308985
-79.7979797979798,63.6363636363637,4526.72212249316
-77.7777777777778,63.6363636363637,4210.92408689392
-75.7575757575758,63.6363636363637,3903.52408735993
-73.7373737373737,63.6363636363637,3609.45826841476
-71.7171717171717,63.6363636363637,3324.59567271412
-69.6969696969697,63.6363636363637,3050.31001683538
-67.6767676767677,63.6363636363637,2791.93191694392
-65.6565656565656,63.6363636363637,2544.28018257468
-63.6363636363636,63.6363636363637,2302.39310834565
-61.6161616161616,63.6363636363637,2067.61549236007
-59.5959595959596,63.6363636363637,1847.81960079825
-57.5757575757576,63.6363636363637,1638.97607861057
-55.5555555555556,63.6363636363637,1434.16899086385
-53.5353535353535,63.6363636363637,1243.83283496007
-51.5151515151515,63.6363636363637,1065.15861019648
-49.4949494949495,63.6363636363637,900.6412921424
-47.4747474747475,63.6363636363637,749.929639881539
-45.4545454545455,63.6363636363637,609.155486578224
-43.4343434343434,63.6363636363637,476.056511394383
-41.4141414141414,63.6363636363637,360.236740646512
-39.3939393939394,63.6363636363637,261.575761710378
-37.3737373737374,63.6363636363637,178.230235692377
-35.3535353535353,63.6363636363637,111.163367988678
-33.3333333333333,63.6363636363637,59.7823678990263
-31.3131313131313,63.6363636363637,23.6749590301589
-29.2929292929293,63.6363636363637,4.0936380222679
-27.2727272727273,63.6363636363637,0.846094582049135
-25.2525252525252,63.6363636363637,14.8931604167975
-23.2323232323232,63.6363636363637,47.9349468973056
-21.2121212121212,63.6363636363637,101.117964045978
-19.1919191919192,63.6363636363637,173.183577974322
-17.1717171717172,63.6363636363637,265.536494714634
-15.1515151515151,63.6363636363637,379.708457803073
-13.1313131313131,63.6363636363637,514.051996796548
-11.1111111111111,63.6363636363637,668.696651452383
-9.09090909090908,63.6363636363637,837.994575053558
-7.07070707070706,63.6363636363637,1024.29974136793
-5.05050505050504,63.6363636363637,1232.75490858076
-3.03030303030303,63.6363636363637,1466.78318634754
-1.01010101010101,63.6363636363637,1718.16253864193
1.01010101010101,63.6363636363637,1998.77514502209
3.03030303030303,63.6363636363637,2276.72362029788
5.05050505050505,63.6363636363637,2586.49929791172
7.07070707070707,63.6363636363637,2910.0253501442
9.09090909090909,63.6363636363637,3257.07827852477
11.1111111111111,63.6363636363637,3626.20621363475
13.1313131313131,63.6363636363637,4024.760014324
15.1515151515152,63.6363636363637,4478.75207253262
17.1717171717172,63.6363636363637,4962.08874161836
19.1919191919192,63.6363636363637,5473.08861298714
21.2121212121212,63.6363636363637,6038.77313233958
23.2323232323232,63.6363636363637,6633.76429331838
25.2525252525253,63.6363636363637,7261.61935684581
27.2727272727273,63.6363636363637,7910.05026536885
29.2929292929293,63.6363636363637,8581.65957574091
31.3131313131313,63.6363636363637,9281.3600104379
33.3333333333333,63.6363636363637,10019.6221497233
35.3535353535354,63.6363636363637,10785.7464670922
37.3737373737374,63.6363636363637,11587.884305908
39.3939393939394,63.6363636363637,12421.0886740427
41.4141414141414,63.6363636363637,13291.9132068057
43.4343434343434,63.6363636363637,14205.0186684781
45.4545454545455,63.6363636363637,15165.3953549194
47.4747474747475,63.6363636363637,16169.8940718602
49.4949494949495,63.6363636363637,17205.0705911339
51.5151515151515,63.6363636363637,18268.1549634448
53.5353535353536,63.6363636363637,19395.0572571372
55.5555555555556,63.6363636363637,20613.4933487451
57.5757575757576,63.6363636363637,21916.7867158217
59.5959595959596,63.6363636363637,23297.5004024029
61.6161616161616,63.6363636363637,24762.2016547942
63.6363636363637,63.6363636363637,26312.6587039273
65.6565656565657,63.6363636363637,27934.9257222791
67.6767676767677,63.6363636363637,29616.7558030052
69.6969696969697,63.6363636363637,31307.060525322
71.7171717171717,63.6363636363637,33019.5892312811
73.7373737373738,63.6363636363637,34704.5564633203
75.7575757575758,63.6363636363637,36385.6127660683
77.7777777777778,63.6363636363637,38041.5848712561
79.7979797979798,63.6363636363637,39721.7480118782
81.8181818181818,63.6363636363637,41427.5389692714
83.8383838383839,63.6363636363637,43159.0267674509
85.8585858585859,63.6363636363637,44920.302154514
87.8787878787879,63.6363636363637,46693.9410951016
89.8989898989899,63.6363636363637,48502.4516107779
91.919191919192,63.6363636363637,50344.0148726179
93.9393939393939,63.6363636363637,52216.9754361236
95.959595959596,63.6363636363637,54106.0610492187
97.979797979798,63.6363636363637,56030.2304536659
100,63.6363636363637,57994.0674662159
-100,65.6565656565657,8100.42802557458
-97.979797979798,65.6565656565657,7686.83482079689
-95.959595959596,65.6565656565657,7282.00825867404
-93.9393939393939,65.6565656565657,6885.08418989996
-91.9191919191919,65.6565656565657,6499.26337382795
-89.8989898989899,65.6565656565657,6125.0753612742
-87.8787878787879,65.6565656565657,5758.22980316069
-85.8585858585859,65.6565656565657,5402.2036527893
-83.8383838383838,65.6565656565657,5062.63395387766
-81.8181818181818,65.6565656565657,4734.16342137757
-79.7979797979798,65.6565656565657,4409.90725047415
-77.7777777777778,65.6565656565657,4095.00755484475
-75.7575757575758,65.6565656565657,3793.78362423475
-73.7373737373737,65.6565656565657,3500.82069590739
-71.7171717171717,65.6565656565657,3219.38032370389
-69.6969696969697,65.6565656565657,2954.06097618956
-67.6767676767677,65.6565656565657,2699.06114213975
-65.6565656565656,65.6565656565657,2449.7225761824
-63.6363636363636,65.6565656565657,2207.36314522454
-61.6161616161616,65.6565656565657,1980.05592469932
-59.5959595959596,65.6565656565657,1764.62789908089
-57.5757575757576,65.6565656565657,1551.69296899314
-55.5555555555556,65.6565656565657,1353.84279318451
-53.5353535353535,65.6565656565657,1167.37510462866
-51.5151515151515,65.6565656565657,994.720728633573
-49.4949494949495,65.6565656565657,835.654069566395
-47.4747474747475,65.6565656565657,689.107030948648
-45.4545454545455,65.6565656565657,547.822065429636
-43.4343434343434,65.6565656565657,423.148640012026
-41.4141414141414,65.6565656565657,314.703240428059
-39.3939393939394,65.6565656565657,223.038951980228
-37.3737373737374,65.6565656565657,146.561570695942
-35.3535353535353,65.6565656565657,87.1293601643785
-33.3333333333333,65.6565656565657,41.7579528479963
-31.3131313131313,65.6565656565657,13.0718548609775
-29.2929292929293,65.6565656565657,0.525811114672849
-27.2727272727273,65.6565656565657,4.87501782524627
-25.2525252525252,65.6565656565657,26.9121015506087
-23.2323232323232,65.6565656565657,68.566822950933
-21.2121212121212,65.6565656565657,130.274108859095
-19.1919191919192,65.6565656565657,210.713048492215
-17.1717171717172,65.6565656565657,312.358220549109
-15.1515151515151,65.6565656565657,435.029286508378
-13.1313131313131,65.6565656565657,579.233067324203
-11.1111111111111,65.6565656565657,741.384823689555
-9.09090909090908,65.6565656565657,918.882265723673
-7.07070707070706,65.6565656565657,1113.03946717178
-5.05050505050504,65.6565656565657,1330.89464157369
-3.03030303030303,65.6565656565657,1573.74254692426
-1.01010101010101,65.6565656565657,1833.76036764404
1.01010101010101,65.6565656565657,2123.33339924157
3.03030303030303,65.6565656565657,2409.82157567933
5.05050505050505,65.6565656565657,2728.44887708598
7.07070707070707,65.6565656565657,3060.32285289656
9.09090909090909,65.6565656565657,3416.30472423195
11.1111111111111,65.6565656565657,3792.97642969556
13.1313131313131,65.6565656565657,4196.69958234999
15.1515151515152,65.6565656565657,4654.09584485239
17.1717171717172,65.6565656565657,5145.75736665354
19.1919191919192,65.6565656565657,5664.94792208201
21.2121212121212,65.6565656565657,6228.73372964583
23.2323232323232,65.6565656565657,6835.34948410251
25.2525252525253,65.6565656565657,7472.69875693685
27.2727272727273,65.6565656565657,8132.09019669013
29.2929292929293,65.6565656565657,8813.70066183124
31.3131313131313,65.6565656565657,9521.67401893538
33.3333333333333,65.6565656565657,10266.2668631008
35.3535353535354,65.6565656565657,11039.0864262552
37.3737373737374,65.6565656565657,11846.5604463768
39.3939393939394,65.6565656565657,12686.1543528245
41.4141414141414,65.6565656565657,13563.4703144385
43.4343434343434,65.6565656565657,14473.2146585455
45.4545454545455,65.6565656565657,15433.7387562518
47.4747474747475,65.6565656565657,16439.4829667232
49.4949494949495,65.6565656565657,17482.8979498367
51.5151515151515,65.6565656565657,18558.3898762476
53.5353535353536,65.6565656565657,19661.3818723145
55.5555555555556,65.6565656565657,20843.8658470618
57.5757575757576,65.6565656565657,22109.2733051125
59.5959595959596,65.6565656565657,23465.1509154044
61.6161616161616,65.6565656565657,24894.9981355239
63.6363636363637,65.6565656565657,26411.1529735534
65.6565656565657,65.6565656565657,28011.8655247634
67.6767676767677,65.6565656565657,29684.6495851718
69.6969696969697,65.6565656565657,31418.2583212978
71.7171717171717,65.6565656565657,33162.599787297
73.7373737373738,65.6565656565657,34925.4629838717
75.7575757575758,65.6565656565657,36669.045360973
77.7777777777778,65.6565656565657,38408.3240056545
79.7979797979798,65.6565656565657,40117.839559812
81.8181818181818,65.6565656565657,41841.1634064315
83.8383838383839,65.6565656565657,43599.0893301409
85.8585858585859,65.6565656565657,45373.788433401
87.8787878787879,65.6565656565657,47185.6269355337
89.8989898989899,65.6565656565657,49007.2935093882
91.919191919192,65.6565656565657,50858.6159960075
93.9393939393939,65.6565656565657,52744.7309852126
95.959595959596,65.6565656565657,54663.9015091841
97.979797979798,65.6565656565657,56604.1440104194
100,65.6565656565657,58569.8539566894
-100,67.6767676767677,7958.55825668357
-97.979797979798,67.6767676767677,7544.43661281809
-95.959595959596,67.6767676767677,7140.42493550785
-93.9393939393939,67.6767676767677,6747.88028557444
-91.9191919191919,67.6767676767677,6364.76624716355
-89.8989898989899,67.6767676767677,5990.69725745192
-87.8787878787879,67.6767676767677,5628.85007866259
-85.8585858585859,67.6767676767677,5282.4441881555
-83.8383838383838,67.6767676767677,4945.6338196332
-81.8181818181818,67.6767676767677,4613.15483262511
-79.7979797979798,67.6767676767677,4291.08225755064
-77.7777777777778,67.6767676767677,3982.68889917169
-75.7575757575758,67.6767676767677,3681.59642111562
-73.7373737373737,67.6767676767677,3392.95599708394
-71.7171717171717,67.6767676767677,3120.65136089412
-69.6969696969697,67.6767676767677,2858.40196087489
-67.6767676767677,67.6767676767677,2601.62273173193
-65.6565656565656,67.6767676767677,2351.68439401774
-63.6363636363636,67.6767676767677,2116.86004268497
-61.6161616161616,67.6767676767677,1894.27876988593
-59.5959595959596,67.6767676767677,1673.84543805604
-57.5757575757576,67.6767676767677,1468.51398830638
-55.5555555555556,67.6767676767677,1274.13391530236
-53.5353535353535,67.6767676767677,1093.30431293316
-51.5151515151515,67.6767676767677,926.142876862212
-49.4949494949495,67.6767676767677,772.817973693975
-47.4747474747475,67.6767676767677,625.307950595881
-45.4545454545455,67.6767676767677,490.991941657157
-43.4343434343434,67.6767676767677,373.293836519463
-41.4141414141414,67.6767676767677,272.766133647322
-39.3939393939394,67.6767676767677,187.373461048922
-37.3737373737374,67.6767676767677,118.580006518385
-35.3535353535353,67.6767676767677,65.1420185476739
-33.3333333333333,67.6767676767677,27.089144209979
-31.3131313131313,67.6767676767677,5.59495407142609
-29.2929292929293,67.6767676767677,0.324203929087838
-27.2727272727273,67.6767676767677,12.2477510747507
-25.2525252525252,67.6767676767677,42.7015190646744
-23.2323232323232,67.6767676767677,93.2575968964207
-21.2121212121212,67.6767676767677,163.165617343584
-19.1919191919192,67.6767676767677,252.714303704157
-17.1717171717172,67.6767676767677,363.462412861605
-15.1515151515151,67.6767676767677,494.30520320326
-13.1313131313131,67.6767676767677,648.135926696415
-11.1111111111111,67.6767676767677,817.538763453697
-9.09090909090908,67.6767676767677,1003.45411933569
-7.07070707070706,67.6767676767677,1205.50567635797
-5.05050505050504,67.6767676767677,1432.7565660423
-3.03030303030303,67.6767676767677,1684.46599285545
-1.01010101010101,67.6767676767677,1953.12100375618
1.01010101010101,67.6767676767677,2251.65739097708
3.03030303030303,67.6767676767677,2546.70104756994
5.05050505050505,67.6767676767677,2874.19026698375
7.07070707070707,67.6767676767677,3214.40281332045
9.09090909090909,67.6767676767677,3578.99490491315
11.1111111111111,67.6767676767677,3963.46988427031
13.1313131313131,67.6767676767677,4373.83877993927
15.1515151515152,67.6767676767677,4832.4913527687
17.1717171717172,67.6767676767677,5333.03446545486
19.1919191919192,67.6767676767677,5860.49784031314
21.2121212121212,67.6767676767677,6421.2765283017
23.2323232323232,67.6767676767677,7040.23224819611
25.2525252525253,67.6767676767677,7683.24134673835
27.2727272727273,67.6767676767677,8355.78077714929
29.2929292929293,67.6767676767677,9049.9490216976
31.3131313131313,67.6767676767677,9766.90520241983
33.3333333333333,67.6767676767677,10512.7124065097
35.3535353535354,67.6767676767677,11297.7755747423
37.3737373737374,67.6767676767677,12109.8802462436
39.3939393939394,67.6767676767677,12958.4231182597
41.4141414141414,67.6767676767677,13837.0411006316
43.4343434343434,67.6767676767677,14754.9283341234
45.4545454545455,67.6767676767677,15706.674733247
47.4747474747475,67.6767676767677,16712.9063342043
49.4949494949495,67.6767676767677,17762.8000647283
51.5151515151515,67.6767676767677,18847.0994778883
53.5353535353536,67.6767676767677,19962.8735642774
55.5555555555556,67.6767676767677,21110.0673195421
57.5757575757576,67.6767676767677,22345.6223228809
59.5959595959596,67.6767676767677,23658.4665085033
61.6161616161616,67.6767676767677,25066.7642413345
63.6363636363637,67.6767676767677,26545.4597299972
65.6565656565657,67.6767676767677,28113.2366518548
67.6767676767677,67.6767676767677,29764.2292650103
69.6969696969697,67.6767676767677,31487.5355162445
71.7171717171717,67.6767676767677,33272.9565018259
73.7373737373738,67.6767676767677,35071.5440518338
75.7575757575758,67.6767676767677,36883.7817641579
77.7777777777778,67.6767676767677,38686.9608717286
79.7979797979798,67.6767676767677,40483.7943772871
81.8181818181818,67.6767676767677,42246.3478315148
83.8383838383839,67.6767676767677,44015.2322209265
85.8585858585859,67.6767676767677,45824.378170533
87.8787878787879,67.6767676767677,47643.9638676501
89.8989898989899,67.6767676767677,49499.4100653081
91.919191919192,67.6767676767677,51376.5670349627
93.9393939393939,67.6767676767677,53270.5758057936
95.959595959596,67.6767676767677,55200.8746512309
97.979797979798,67.6767676767677,57164.0674640251
100,67.6767676767677,59158.2450091752
-100,69.6969696969697,7811.53863856367
-97.979797979798,69.6969696969697,7400.40940968596
-95.959595959596,69.6969696969697,7001.22738514478
-93.9393939393939,69.6969696969697,6609.04254674786
-91.9191919191919,69.6969696969697,6227.52760771927
-89.8989898989899,69.6969696969697,5860.03224254245
-87.8787878787879,69.6969696969697,5506.79861464288
-85.8585858585859,69.6969696969697,5160.32263880363
-83.8383838383838,69.6969696969697,4820.57439039628
-81.8181818181818,69.6969696969697,4491.67859461861
-79.7979797979798,69.6969696969697,4175.52899087451
-77.7777777777778,69.6969696969697,3866.92569492383
-75.7575757575758,69.6969696969697,3571.22929083
-73.7373737373737,69.6969696969697,3291.8146121385
-71.7171717171717,69.6969696969697,3022.28499671523
-69.6969696969697,69.6969696969697,2758.08773780989
-67.6767676767677,69.6969696969697,2500.57160752509
-65.6565656565656,69.6969696969697,2258.24193333605
-63.6363636363636,69.6969696969697,2028.20287003026
-61.6161616161616,69.6969696969697,1800.62358880379
-59.5959595959596,69.6969696969697,1587.72697980797
-57.5757575757576,69.6969696969697,1385.43763514888
-55.5555555555556,69.6969696969697,1196.32649219101
-53.5353535353535,69.6969696969697,1021.47893378894
-51.5151515151515,69.6969696969697,860.685828444933
-49.4949494949495,69.6969696969697,707.710479102924
-47.4747474747475,69.6969696969697,563.550160782162
-45.4545454545455,69.6969696969697,436.706001964488
-43.4343434343434,69.6969696969697,327.138647372384
-41.4141414141414,69.6969696969697,233.319157035696
-39.3939393939394,69.6969696969697,154.982225832371
-37.3737373737374,69.6969696969697,93.5914457323994
-35.3535353535353,69.6969696969697,46.2570194222537
-33.3333333333333,69.6969696969697,15.6343075040206
-31.3131313131313,69.6969696969697,1.15048776167299
-29.2929292929293,69.6969696969697,3.47051587971391
-27.2727272727273,69.6969696969697,23.2239132554322
-25.2525252525252,69.6969696969697,62.3283006916582
-23.2323232323232,69.6969696969697,121.645675724636
-21.2121212121212,69.6969696969697,199.755868273085
-19.1919191919192,69.6969696969697,298.216768754172
-17.1717171717172,69.6969696969697,418.236724059011
-15.1515151515151,69.6969696969697,557.726527282175
-13.1313131313131,69.6969696969697,720.354616304344
-11.1111111111111,69.6969696969697,897.603865381575
-9.09090909090908,69.6969696969697,1091.65720119409
-7.07070707070706,69.6969696969697,1301.89498959867
-5.05050505050504,69.6969696969697,1538.33885606804
-3.03030303030303,69.6969696969697,1798.81829591825
-1.01010101010101,69.6969696969697,2076.24372030337
1.01010101010101,69.6969696969697,2383.74535196226
3.03030303030303,69.6969696969697,2687.3617034023
5.05050505050505,69.6969696969697,3023.66221680505
7.07070707070707,69.6969696969697,3372.50524185583
9.09090909090909,69.6969696969697,3745.4692944707
11.1111111111111,69.6969696969697,4137.98818036311
13.1313131313131,69.6969696969697,4555.90730501484
15.1515151515152,69.6969696969697,5014.59197572676
17.1717171717172,69.6969696969697,5524.48106950835
19.1919191919192,69.6969696969697,6060.68197803182
21.2121212121212,69.6969696969697,6624.25657938734
23.2323232323232,69.6969696969697,7247.66106611208
25.2525252525253,69.6969696969697,7897.58891846952
27.2727272727273,69.6969696969697,8582.79326601668
29.2929292929293,69.6969696969697,9287.34399234579
31.3131313131313,69.6969696969697,10014.4954070653
33.3333333333333,69.6969696969697,10768.1033760487
35.3535353535354,69.6969696969697,11559.424679607
37.3737373737374,69.6969696969697,12378.5576484209
39.3939393939394,69.6969696969697,13231.7466341425
41.4141414141414,69.6969696969697,14118.2870955669
43.4343434343434,69.6969696969697,15039.4415597949
45.4545454545455,69.6969696969697,15996.1920810695
47.4747474747475,69.6969696969697,16996.0835251167
49.4949494949495,69.6969696969697,18042.986047895
51.5151515151515,69.6969696969697,19137.2860068056
53.5353535353536,69.6969696969697,20262.3367088173
55.5555555555556,69.6969696969697,21418.3181898771
57.5757575757576,69.6969696969697,22611.198001421
59.5959595959596,69.6969696969697,23900.1269302391
61.6161616161616,69.6969696969697,25260.1813189574
63.6363636363637,69.6969696969697,26721.2372128086
65.6565656565657,69.6969696969697,28248.8898438792
67.6767676767677,69.6969696969697,29868.4618222491
69.6969696969697,69.6969696969697,31569.7602973055
71.7171717171717,69.6969696969697,33343.5626410321
73.7373737373738,69.6969696969697,35180.0098588607
75.7575757575758,69.6969696969697,37033.9511012854
77.7777777777778,69.6969696969697,38895.5581616525
79.7979797979798,69.6969696969697,40758.9041982492
81.8181818181818,69.6969696969697,42608.1928416123
83.8383838383839,69.6969696969697,44429.8715690602
85.8585858585859,69.6969696969697,46246.0288960917
87.8787878787879,69.6969696969697,48099.3021066261
89.8989898989899,69.6969696969697,49969.5530701981
91.919191919192,69.6969696969697,51869.4830830191
93.9393939393939,69.6969696969697,53798.9439356732
95.959595959596,69.6969696969697,55738.3684624691
97.979797979798,69.6969696969697,57712.8235164222
100,69.6969696969697,59720.6518319937
-100,71.7171717171717,7665.01462281875
-97.979797979798,71.7171717171717,7257.7650650711
-95.959595959596,71.7171717171717,6857.93249021204
-93.9393939393939,71.7171717171717,6468.58446773292
-91.9191919191919,71.7171717171717,6096.00497962662
-89.8989898989899,71.7171717171717,5735.4617487795
-87.8787878787879,71.7171717171717,5379.50338892137
-85.8585858585859,71.7171717171717,5032.16427395797
-83.8383838383838,71.7171717171717,4696.67514880451
-81.8181818181818,71.7171717171717,4372.24489223029
-79.7979797979798,71.7171717171717,4056.80240727301
-77.7777777777778,71.7171717171717,3754.22067133174
-75.7575757575758,71.7171717171717,3467.54516626726
-73.7373737373737,71.7171717171717,3190.7351515976
-71.7171717171717,71.7171717171717,2919.12425601648
-69.6969696969697,71.7171717171717,2654.03269373721
-67.6767676767677,71.7171717171717,2404.20314058894
-65.6565656565656,71.7171717171717,2166.43733365776
-63.6363636363636,71.7171717171717,1932.03023048514
-61.6161616161616,71.7171717171717,1711.16635792296
-59.5959595959596,71.7171717171717,1501.401779898
-57.5757575757576,71.7171717171717,1304.0537374863
-55.5555555555556,71.7171717171717,1121.5570504963
-53.5353535353535,71.7171717171717,952.630161126962
-51.5151515151515,71.7171717171717,794.482221523844
-49.4949494949495,71.7171717171717,641.265213343591
-47.4747474747475,71.7171717171717,505.890493204927
-45.4545454545455,71.7171717171717,386.419131324077
-43.4343434343434,71.7171717171717,284.100152531699
-41.4141414141414,71.7171717171717,196.694766583169
-39.3939393939394,71.7171717171717,126.278268287187
-37.3737373737374,71.7171717171717,70.7317451067546
-35.3535353535353,71.7171717171717,30.7331502821642
-33.3333333333333,71.7171717171717,7.31327237814806
-31.3131313131313,71.7171717171717,0.0487604935493993
-29.2929292929293,71.7171717171717,9.92905719376383
-27.2727272727273,71.7171717171717,37.8337348791329
-25.2525252525252,71.7171717171717,85.5651218234024
-23.2323232323232,71.7171717171717,153.442581513806
-21.2121212121212,71.7171717171717,239.857392335704
-19.1919191919192,71.7171717171717,347.192029563996
-17.1717171717172,71.7171717171717,476.619957874866
-15.1515151515151,71.7171717171717,625.264987571482
-13.1313131313131,71.7171717171717,796.341050658208
-11.1111111111111,71.7171717171717,981.327765887832
-9.09090909090908,71.7171717171717,1183.92093794818
-7.07070707070706,71.7171717171717,1402.17646886195
-5.05050505050504,71.7171717171717,1647.58516571468
-3.03030303030303,71.7171717171717,1916.87723356098
-1.01010101010101,71.7171717171717,2203.1298555181
1.01010101010101,71.7171717171717,2519.59875124079
3.03030303030303,71.7171717171717,2831.80438663768
5.05050505050505,71.7171717171717,3176.82271552617
7.07070707070707,71.7171717171717,3534.7917982651
9.09090909090909,71.7171717171717,3915.72598324365
11.1111111111111,71.7171717171717,4316.55202496168
13.1313131313131,71.7171717171717,4742.20747912336
15.1515151515152,71.7171717171717,5201.14653162543
17.1717171717172,71.7171717171717,5718.99438626769
19.1919191919192,71.7171717171717,6263.24488928707
21.2121212121212,71.7171717171717,6835.30154573211
23.2323232323232,71.7171717171717,7455.63087002772
25.2525252525253,71.7171717171717,8118.13108045582
27.2727272727273,71.7171717171717,8809.9292530292
29.2929292929293,71.7171717171717,9527.04388761078
31.3131313131313,71.7171717171717,10266.1199879262
33.3333333333333,71.7171717171717,11028.7947042293
35.3535353535354,71.7171717171717,11820.7375354011
37.3737373737374,71.7171717171717,12652.6389655738
39.3939393939394,71.7171717171717,13510.6574315786
41.4141414141414,71.7171717171717,14405.648020595
43.4343434343434,71.7171717171717,15329.2692860666
45.4545454545455,71.7171717171717,16294.1611293901
47.4747474747475,71.7171717171717,17289.6441563082
49.4949494949495,71.7171717171717,18337.4172604624
51.5151515151515,71.7171717171717,19429.3874621021
53.5353535353536,71.7171717171717,20563.420989394
55.5555555555556,71.7171717171717,21728.8078275665
57.5757575757576,71.7171717171717,22923.7260976287
59.5959595959596,71.7171717171717,24163.8980973313
61.6161616161616,71.7171717171717,25506.9140455349
63.6363636363637,71.7171717171717,26915.9162873122
65.6565656565657,71.7171717171717,28428.5688883993
67.6767676767677,71.7171717171717,30005.2884771699
69.6969696969697,71.7171717171717,31676.8388758181
71.7171717171717,71.7171717171717,33428.4535139998
73.7373737373738,71.7171717171717,35252.7935164288
75.7575757575758,71.7171717171717,37140.1615769067
77.7777777777778,71.7171717171717,39049.776476191
79.7979797979798,71.7171717171717,40960.7707828754
81.8181818181818,71.7171717171717,42884.0713041443
83.8383838383839,71.7171717171717,44783.8982858274
85.8585858585859,71.7171717171717,46666.7955814052
87.8787878787879,71.7171717171717,48532.8553179866
89.8989898989899,71.7171717171717,50429.3076094673
91.919191919192,71.7171717171717,52351.1705025227
93.9393939393939,71.7171717171717,54294.8140272621
95.959595959596,71.7171717171717,56275.0565615218
97.979797979798,71.7171717171717,58263.921019509
100,71.7171717171717,60280.3095286589
-100,73.7373737373738,7518.46871000815
-97.979797979798,73.7373737373738,7111.42140007926
-95.959595959596,73.7373737373738,6715.81159657607
-93.9393939393939,73.7373737373738,6336.79218400708
-91.9191919191919,73.7373737373738,5968.6890464238
-89.8989898989899,73.7373737373738,5604.15296640829
-87.8787878787879,73.7373737373738,5248.30967838616
-85.8585858585859,73.7373737373738,4906.24477436076
-83.8383838383838,73.7373737373738,4573.99162618673
-81.8181818181818,73.7373737373738,4251.06514504987
-79.7979797979798,73.7373737373738,3941.78153582984
-77.7777777777778,73.7373737373738,3647.84791905089
-75.7575757575758,73.7373737373738,3363.75191385254
-73.7373737373737,73.7373737373738,3084.72913859336
-71.7171717171717,73.7373737373738,2812.05953708118
-69.6969696969697,73.7373737373738,2554.71599337129
-67.6767676767677,73.7373737373738,2309.07677395715
-65.6565656565656,73.7373737373738,2068.25039829722
-63.6363636363636,73.7373737373738,1838.98741536251
-61.6161616161616,73.7373737373738,1622.03252987742
-59.5959595959596,73.7373737373738,1416.96608570191
-57.5757575757576,73.7373737373738,1226.31155556257
-55.5555555555556,73.7373737373738,1048.90445595431
-53.5353535353535,73.7373737373738,884.581458724425
-51.5151515151515,73.7373737373738,724.921864211468
-49.4949494949495,73.7373737373738,579.769577951019
-47.4747474747475,73.7373737373738,451.1151224233
-45.4545454545455,73.7373737373738,339.791239641662
-43.4343434343434,73.7373737373738,243.688060065374
-41.4141414141414,73.7373737373738,163.65510582464
-39.3939393939394,73.7373737373738,100.302015958578
-37.3737373737374,73.7373737373738,50.9862903844947
-35.3535353535353,73.7373737373738,18.4260631841623
-33.3333333333333,73.7373737373738,2.02454776031057
-31.3131313131313,73.7373737373738,2.30406627787109
-29.2929292929293,73.7373737373738,19.8436137029946
-27.2727272727273,73.7373737373738,56.3394940801118
-25.2525252525252,73.7373737373738,112.994177539623
-23.2323232323232,73.7373737373738,188.981643348832
-21.2121212121212,73.7373737373738,284.187417924241
-19.1919191919192,73.7373737373738,400.579303650604
-17.1717171717172,73.7373737373738,538.307767474298
-15.1515151515151,73.7373737373738,696.731925258489
-13.1313131313131,73.7373737373738,875.865598953652
-11.1111111111111,73.7373737373738,1068.66186139046
-9.09090909090908,73.7373737373738,1279.98465669781
-7.07070707070706,73.7373737373738,1506.63244407165
-5.05050505050504,73.7373737373738,1761.06816970057
-3.03030303030303,73.7373737373738,2038.6868316513
-1.01010101010101,73.7373737373738,2333.77980936595
1.01010101010101,73.7373737373738,2659.21883190628
3.03030303030303,73.7373737373738,2980.02710925584
5.05050505050505,73.7373737373738,3333.76838785432
7.07070707070707,73.7373737373738,3701.05749219922
9.09090909090909,73.7373737373738,4089.76630902768
11.1111111111111,73.7373737373738,4498.88764216888
13.1313131313131,73.7373737373738,4932.37368347249
15.1515151515152,73.7373737373738,5395.35739156356
17.1717171717172,73.7373737373738,5916.90709390534
19.1919191919192,73.7373737373738,6469.55597089597
21.2121212121212,73.7373737373738,7049.36506562027
23.2323232323232,73.7373737373738,7666.01070195707
25.2525252525253,73.7373737373738,8341.13198384757
27.2727272727273,73.7373737373738,9038.85358871391
29.2929292929293,73.7373737373738,9769.11302501405
31.3131313131313,73.7373737373738,10519.3000119088
33.3333333333333,73.7373737373738,11291.9538049193
35.3535353535354,73.7373737373738,12091.1833951185
37.3737373737374,73.7373737373738,12929.2720736856
39.3939393939394,73.7373737373738,13794.7029878086
41.4141414141414,73.7373737373738,14693.277442872
43.4343434343434,73.7373737373738,15627.7014372364
45.4545454545455,73.7373737373738,16592.8592051666
47.4747474747475,73.7373737373738,17596.8411883245
49.4949494949495,73.7373737373738,18635.0895604364
51.5151515151515,73.7373737373738,19730.0106882218
53.5353535353536,73.7373737373738,20867.9380718968
55.5555555555556,73.7373737373738,22040.8204752116
57.5757575757576,73.7373737373738,23246.4993386274
59.5959595959596,73.7373737373738,24479.5887147012
61.6161616161616,73.7373737373738,25770.4323081977
63.6363636363637,73.7373737373738,27165.9498633034
65.6565656565657,73.7373737373738,28625.9159435453
67.6767676767677,73.7373737373738,30188.7689314905
69.6969696969697,73.7373737373738,31814.644743235
71.7171717171717,73.7373737373738,33538.5303608249
73.7373737373738,73.7373737373738,35340.2859670765
75.7575757575758,73.7373737373738,37215.173989847
77.7777777777778,73.7373737373738,39153.4566612746
79.7979797979798,73.7373737373738,41118.921163791
81.8181818181818,73.7373737373738,43079.3450381091
83.8383838383839,73.7373737373738,45060.9297940716
85.8585858585859,73.7373737373738,47012.8982280043
87.8787878787879,73.7373737373738,48956.6174243181
89.8989898989899,73.7373737373738,50875.616647939
91.919191919192,73.7373737373738,52813.8316893396
93.9393939393939,73.7373737373738,54788.830010428
95.959595959596,73.7373737373738,56775.5154314059
97.979797979798,73.7373737373738,58799.3576231386
100,73.7373737373738,60844.03771228
-100,75.7575757575758,7369.40048532269
-97.979797979798,75.7575757575758,6968.3589998714
-95.959595959596,75.7575757575758,6582.44620240655
-93.9393939393939,75.7575757575758,6206.29863529083
-91.9191919191919,75.7575757575758,5833.32787507057
-89.8989898989899,75.7575757575758,5469.8418494807
-87.8787878787879,75.7575757575758,5120.41033138431
-85.8585858585859,75.7575757575758,4780.76223370393
-83.8383838383838,75.7575757575758,4450.31831309917
-81.8181818181818,75.7575757575758,4133.91612612257
-79.7979797979798,75.7575757575758,3832.71977177326
-77.7777777777778,75.7575757575758,3541.33744980253
-75.7575757575758,75.7575757575758,3254.90322148765
-73.7373737373737,75.7575757575758,2974.66177823859
-71.7171717171717,75.7575757575758,2709.59928664685
-69.6969696969697,75.7575757575758,2456.19084325175
-67.6767676767677,75.7575757575758,2209.63844648349
-65.6565656565656,75.7575757575758,1971.76304232663
-63.6363636363636,75.7575757575758,1747.32870531962
-61.6161616161616,75.7575757575758,1534.5025413639
-59.5959595959596,75.7575757575758,1335.56236092415
-57.5757575757576,75.7575757575758,1150.00563859146
-55.5555555555556,75.7575757575758,978.610002013607
-53.5353535353535,75.7575757575758,813.530962722419
-51.5151515151515,75.7575757575758,658.422935523713
-49.4949494949495,75.7575757575758,520.681676486538
-47.4747474747475,75.7575757575758,400.034157404696
-45.4545454545455,75.7575757575758,295.641626634488
-43.4343434343434,75.7575757575758,206.230225835793
-41.4141414141414,75.7575757575758,134.21877533437
-39.3939393939394,75.7575757575758,76.5515588313229
-37.3737373737374,75.7575757575758,34.6070834224483
-35.3535353535353,75.7575757575758,9.26141981265335
-33.3333333333333,75.7575757575758,0.016031828309723
-31.3131313131313,75.7575757575758,7.8737556033633
-29.2929292929293,75.7575757575758,33.426072621483
-27.2727272727273,75.7575757575758,78.6085566488672
-25.2525252525252,75.7575757575758,144.069075738884
-23.2323232323232,75.7575757575758,228.219171846182
-21.2121212121212,75.7575757575758,332.678408812514
-19.1919191919192,75.7575757575758,458.187878586133
-17.1717171717172,75.7575757575758,603.971564805027
-15.1515151515151,75.7575757575758,772.309731588143
-13.1313131313131,75.7575757575758,958.797369333985
-11.1111111111111,75.7575757575758,1159.72736597066
-9.09090909090908,75.7575757575758,1379.45681290859
-7.07070707070706,75.7575757575758,1614.68768294854
-5.05050505050504,75.7575757575758,1878.34293278321
-3.03030303030303,75.7575757575758,2164.24838451556
-1.01010101010101,75.7575757575758,2468.19326560304
1.01010101010101,75.7575757575758,2802.59888472082
3.03030303030303,75.7575757575758,3132.02895436669
5.05050505050505,75.7575757575758,3494.4966221996
7.07070707070707,75.7575757575758,3871.14605045039
9.09090909090909,75.7575757575758,4267.59273235951
11.1111111111111,75.7575757575758,4685.45040960043
13.1313131313131,75.7575757575758,5126.56444650019
15.1515151515152,75.7575757575758,5594.51461117316
17.1717171717172,75.7575757575758,6117.96550239405
19.1919191919192,75.7575757575758,6679.39596606528
21.2121212121212,75.7575757575758,7268.58532514054
23.2323232323232,75.7575757575758,7885.28508572603
25.2525252525253,75.7575757575758,8566.75046492377
27.2727272727273,75.7575757575758,9272.24219140963
29.2929292929293,75.7575757575758,10013.8693532388
31.3131313131313,75.7575757575758,10774.9399834762
33.3333333333333,75.7575757575758,11558.676603136
35.3535353535354,75.7575757575758,12367.3249707304
37.3737373737374,75.7575757575758,13205.4473879177
39.3939393939394,75.7575757575758,14084.2149835571
41.4141414141414,75.7575757575758,14988.055606271
43.4343434343434,75.7575757575758,15928.8218789509
45.4545454545455,75.7575757575758,16899.1138587949
47.4747474747475,75.7575757575758,17908.3156076631
49.4949494949495,75.7575757575758,18950.7035841826
51.5151515151515,75.7575757575758,20037.3089475715
53.5353535353536,75.7575757575758,21171.6959440668
55.5555555555556,75.7575757575758,22354.7561910365
57.5757575757576,75.7575757575758,23569.4956883528
59.5959595959596,75.7575757575758,24815.4247375084
61.6161616161616,75.7575757575758,26087.2509582464
63.6363636363637,75.7575757575758,27432.6496839519
65.6565656565657,75.7575757575758,28877.2480692649
67.6767676767677,75.7575757575758,30390.1176618354
69.6969696969697,75.7575757575758,32001.8591793143
71.7171717171717,75.7575757575758,33676.9969023476
73.7373737373738,75.7575757575758,35453.4182747546
75.7575757575758,75.7575757575758,37305.3088175554
77.7777777777778,75.7575757575758,39230.7524176061
79.7979797979798,75.7575757575758,41219.8893879857
81.8181818181818,75.7575757575758,43241.4347079845
83.8383838383839,75.7575757575758,45251.3740462098
85.8585858585859,75.7575757575758,47291.2743971462
87.8787878787879,75.7575757575758,49295.122543985
89.8989898989899,75.7575757575758,51299.1439318313
91.919191919192,75.7575757575758,53270.716677587
93.9393939393939,75.7575757575758,55252.9846299801
95.959595959596,75.7575757575758,57278.7959838667
97.979797979798,75.7575757575758,59311.6587264784
100,75.7575757575758,61379.9765720051
-100,77.7777777777778,7225.35366247785
-97.979797979798,77.7777777777778,6832.6228208473
-95.959595959596,77.7777777777778,6446.98248515081
-93.9393939393939,77.7777777777778,6066.74584150766
-91.9191919191919,77.7777777777778,5696.09382780882
-89.8989898989899,77.7777777777778,5339.52776592526
-87.8787878787879,77.7777777777778,4992.10478329457
-85.8585858585859,77.7777777777778,4654.12957717711
-83.8383838383838,77.7777777777778,4330.62307441754
-81.8181818181818,77.7777777777778,4022.15827053782
-79.7979797979798,77.7777777777778,3723.49275972611
-77.7777777777778,77.7777777777778,3429.64877330157
-75.7575757575758,77.7777777777778,3141.84888210424
-73.7373737373737,77.7777777777778,2869.05474596129
-71.7171717171717,77.7777777777778,2608.05188338449
-69.6969696969697,77.7777777777778,2355.49896531171
-67.6767676767677,77.7777777777778,2109.16559266938
-65.6565656565656,77.7777777777778,1877.28488018841
-63.6363636363636,77.7777777777778,1656.61593205019
-61.6161616161616,77.7777777777778,1449.26340321594
-59.5959595959596,77.7777777777778,1255.96331405623
-57.5757575757576,77.7777777777778,1076.97519380899
-55.5555555555556,77.7777777777778,906.813578681181
-53.5353535353535,77.7777777777778,742.062343087042
-51.5151515151515,77.7777777777778,596.011216190431
-49.4949494949495,77.7777777777778,465.599731844238
-47.4747474747475,77.7777777777778,352.528378544749
-45.4545454545455,77.7777777777778,254.358274013625
-43.4343434343434,77.7777777777778,172.583612580942
-41.4141414141414,77.7777777777778,107.256145128287
-39.3939393939394,77.7777777777778,55.9456123470793
-37.3737373737374,77.7777777777778,21.4469907802802
-35.3535353535353,77.7777777777778,3.13831365995915
-33.3333333333333,77.7777777777778,1.37148581928391
-31.3131313131313,77.7777777777778,16.7968452322649
-29.2929292929293,77.7777777777778,50.6737394176294
-27.2727272727273,77.7777777777778,104.50002183763
-25.2525252525252,77.7777777777778,178.514859930188
-23.2323232323232,77.7777777777778,271.086325239215
-21.2121212121212,77.7777777777778,384.391629111659
-19.1919191919192,77.7777777777778,519.481628851612
-17.1717171717172,77.7777777777778,673.597101600981
-15.1515151515151,77.7777777777778,851.682845703246
-13.1313131313131,77.7777777777778,1045.52173620542
-11.1111111111111,77.7777777777778,1254.53023671415
-9.09090909090908,77.7777777777778,1482.34536176503
-7.07070707070706,77.7777777777778,1726.60743185644
-5.05050505050504,77.7777777777778,1999.40109857713
-3.03030303030303,77.7777777777778,2293.62181493886
-1.01010101010101,77.7777777777778,2606.36908712355
1.01010101010101,77.7777777777778,2949.74930633269
3.03030303030303,77.7777777777778,3287.81242088477
5.05050505050505,77.7777777777778,3659.01101611675
7.07070707070707,77.7777777777778,4045.39484515889
9.09090909090909,77.7777777777778,4449.20130798476
11.1111111111111,77.7777777777778,4876.04724088301
13.1313131313131,77.7777777777778,5324.50001507751
15.1515151515152,77.7777777777778,5798.81839819222
17.1717171717172,77.7777777777778,6322.29088216861
19.1919191919192,77.7777777777778,6893.53888523591
21.2121212121212,77.7777777777778,7490.79245067539
23.2323232323232,77.7777777777778,8115.5617318464
25.2525252525253,77.7777777777778,8792.7597165011
27.2727272727273,77.7777777777778,9511.37930525397
29.2929292929293,77.7777777777778,10257.5952984216
31.3131313131313,77.7777777777778,11031.9517537797
33.3333333333333,77.7777777777778,11827.9635173359
35.3535353535354,77.7777777777778,12646.0661266705
37.3737373737374,77.7777777777778,13490.8977698865
39.3939393939394,77.7777777777778,14375.7876580645
41.4141414141414,77.7777777777778,15287.5272540071
43.4343434343434,77.7777777777778,16231.8767713292
45.4545454545455,77.7777777777778,17213.3216245411
47.4747474747475,77.7777777777778,18223.3217463745
49.4949494949495,77.7777777777778,19275.1194104308
51.5151515151515,77.7777777777778,20356.3029458971
53.5353535353536,77.7777777777778,21491.2335646132
55.5555555555556,77.7777777777778,22668.9682381935
57.5757575757576,77.7777777777778,23893.8053413863
59.5959595959596,77.7777777777778,25149.1057952517
61.6161616161616,77.7777777777778,26435.4207464339
63.6363636363637,77.7777777777778,27749.6932880654
65.6565656565657,77.7777777777778,29150.7355260012
67.6767676767677,77.7777777777778,30640.8188793017
69.6969696969697,77.7777777777778,32208.6194571895
71.7171717171717,77.7777777777778,33867.8078174474
73.7373737373738,77.7777777777778,35592.8597230882
75.7575757575758,77.7777777777778,37421.482307552
77.7777777777778,77.7777777777778,39323.4699603866
79.7979797979798,77.7777777777778,41299.5387773551
81.8181818181818,77.7777777777778,43339.4597570397
83.8383838383839,77.7777777777778,45416.7024507797
85.8585858585859,77.7777777777778,47476.8406974848
87.8787878787879,77.7777777777778,49573.5676770686
89.8989898989899,77.7777777777778,51631.3256858971
91.919191919192,77.7777777777778,53694.9554705155
93.9393939393939,77.7777777777778,55719.2771462112
95.959595959596,77.7777777777778,57748.2762221103
97.979797979798,77.7777777777778,59817.5832270147
100,77.7777777777778,61903.1926899326
-100,79.7979797979798,7087.06458269993
-97.979797979798,79.7979797979798,6691.66697369682
-95.959595959596,79.7979797979798,6304.42648337217
-93.9393939393939,79.7979797979798,5926.93075222741
-91.9191919191919,79.7979797979798,5563.22445062301
-89.8989898989899,79.7979797979798,5207.67798548957
-87.8787878787879,79.7979797979798,4862.43262254373
-85.8585858585859,79.7979797979798,4531.96250745731
-83.8383838383838,79.7979797979798,4216.1681616874
-81.8181818181818,79.7979797979798,3910.21225703685
-79.7979797979798,79.7979797979798,3608.956834939
-77.7777777777778,79.7979797979798,3313.60844517595
-75.7575757575758,79.7979797979798,3033.04030267676
-73.7373737373737,79.7979797979798,2764.74739408629
-71.7171717171717,79.7979797979798,2505.95307475713
-69.6969696969697,79.7979797979798,2251.19535874973
-67.6767676767677,79.7979797979798,2011.9040295575
-65.6565656565656,79.7979797979798,1783.2044727989
-63.6363636363636,79.7979797979798,1567.58539740199
-61.6161616161616,79.7979797979798,1366.68095973339
-59.5959595959596,79.7979797979798,1179.54382635119
-57.5757575757576,79.7979797979798,1003.47881868469
-55.5555555555556,79.7979797979798,831.894653797918
-53.5353535353535,79.7979797979798,675.921023416648
-51.5151515151515,79.7979797979798,536.294482965431
-49.4949494949495,79.7979797979798,414.039355530134
-47.4747474747475,79.7979797979798,307.457403469679
-45.4545454545455,79.7979797979798,216.129877427611
-43.4343434343434,79.7979797979798,142.401268466319
-41.4141414141414,79.7979797979798,82.6013422577492
-39.3939393939394,79.7979797979798,38.7108158882931
-37.3737373737374,79.7979797979798,11.4392858685782
-35.3535353535353,79.7979797979798,0.224550799886485
-33.3333333333333,79.7979797979798,6.05657999060388
-31.3131313131313,79.7979797979798,29.3079846667531
-29.2929292929293,79.7979797979798,71.8644257623529
-27.2727272727273,79.7979797979798,134.623706188174
-25.2525252525252,79.7979797979798,216.69263157479
-23.2323232323232,79.7979797979798,317.582728497071
-21.2121212121212,79.7979797979798,439.777933425188
-19.1919191919192,79.7979797979798,584.508544683514
-17.1717171717172,79.7979797979798,747.384489775904
-15.1515151515151,79.7979797979798,934.32015127265
-13.1313131313131,79.7979797979798,1135.59946051689
-11.1111111111111,79.7979797979798,1353.05781632063
-9.09090909090908,79.7979797979798,1587.99582160581
-7.07070707070706,79.7979797979798,1842.27905247892
-5.05050505050504,79.7979797979798,2124.24438829168
-3.03030303030303,79.7979797979798,2426.75363513939
-1.01010101010101,79.7979797979798,2748.31961008582
1.01010101010101,79.7979797979798,3100.66203973639
3.03030303030303,79.7979797979798,3447.37667583857
5.05050505050505,79.7979797979798,3827.30511909739
7.07070707070707,79.7979797979798,4224.0551148518
9.09090909090909,79.7979797979798,4634.59606511328
11.1111111111111,79.7979797979798,5070.41768900787
13.1313131313131,79.7979797979798,5526.15064643047
15.1515151515152,79.7979797979798,6008.03138081715
17.1717171717172,79.7979797979798,6530.64445877786
19.1919191919192,79.7979797979798,7110.63597612906
21.2121212121212,79.7979797979798,7715.86129741822
23.2323232323232,79.7979797979798,8348.55167075388
25.2525252525253,79.7979797979798,9020.93911111351
27.2727272727273,79.7979797979798,9752.25303581302
29.2929292929293,79.7979797979798,10504.5894922834
31.3131313131313,79.7979797979798,11292.7256301822
33.3333333333333,79.7979797979798,12099.1394148756
35.3535353535354,79.7979797979798,12927.8407131638
37.3737373737374,79.7979797979798,13782.4957185489
39.3939393939394,79.7979797979798,14666.8140976107
41.4141414141414,79.7979797979798,15592.4476017866
43.4343434343434,79.7979797979798,16542.1361332148
45.4545454545455,79.7979797979798,17528.0397269064
47.4747474747475,79.7979797979798,18546.1359296509
49.4949494949495,79.7979797979798,19598.5586475297
51.5151515151515,79.7979797979798,20688.8806628537
53.5353535353536,79.7979797979798,21813.7098755096
55.5555555555556,79.7979797979798,22996.8118822186
57.5757575757576,79.7979797979798,24220.9721549899
59.5959595959596,79.7979797979798,25484.3527544745
61.6161616161616,79.7979797979798,26779.9502855414
63.6363636363637,79.7979797979798,28106.421376753
65.6565656565657,79.7979797979798,29466.9977857288
67.6767676767677,79.7979797979798,30921.0063561469
69.6969696969697,79.7979797979798,32456.6792553407
71.7171717171717,79.7979797979798,34079.8699859123
73.7373737373738,79.7979797979798,35786.6254506974
75.7575757575758,79.7979797979798,37562.3543968641
77.7777777777778,79.7979797979798,39442.6753884479
79.7979797979798,79.7979797979798,41394.8358067244
81.8181818181818,79.7979797979798,43421.4737249558
83.8383838383839,79.7979797979798,45512.1807894223
85.8585858585859,79.7979797979798,47642.1986597616
87.8787878787879,79.7979797979798,49755.678338922
89.8989898989899,79.7979797979798,51908.3566627739
91.919191919192,79.7979797979798,54021.1666631076
93.9393939393939,79.7979797979798,56141.5744388091
95.959595959596,79.7979797979798,58222.8389934884
97.979797979798,79.7979797979798,60300.6539000012
100,79.7979797979798,62413.1667392311
-100,81.8181818181818,6941.25064864434
-97.979797979798,81.8181818181818,6546.08384516052
-95.959595959596,81.8181818181818,6162.30950111495
-93.9393939393939,81.8181818181818,5791.49272465157
-91.9191919191919,81.8181818181818,5427.66283592877
-89.8989898989899,81.8181818181818,5075.29565040806
-87.8787878787879,81.8181818181818,4738.1821834194
-85.8585858585859,81.8181818181818,4414.75009053186
-83.8383838383838,81.8181818181818,4101.50152832118
-81.8181818181818,81.8181818181818,3792.83490977955
-79.7979797979798,81.8181818181818,3489.9347466057
-77.7777777777778,81.8181818181818,3201.58900598627
-75.7575757575758,81.8181818181818,2926.01466334606
-73.7373737373737,81.8181818181818,2661.0921617232
-71.7171717171717,81.8181818181818,2397.85155856188
-69.6969696969697,81.8181818181818,2151.18176292222
-67.6767676767677,81.8181818181818,1914.45383375908
-65.6565656565656,81.8181818181818,1690.62259005194
-63.6363636363636,81.8181818181818,1482.07357507249
-61.6161616161616,81.8181818181818,1286.36301802365
-59.5959595959596,81.8181818181818,1104.09225633062
-57.5757575757576,81.8181818181818,926.713204314876
-55.5555555555556,81.8181818181818,760.668252760898
-53.5353535353535,81.8181818181818,612.062180811315
-51.5151515151515,81.8181818181818,480.264564744974
-49.4949494949495,81.8181818181818,365.3935486763
-47.4747474747475,81.8181818181818,265.255964964217
-45.4545454545455,81.8181818181818,181.749352202193
-43.4343434343434,81.8181818181818,114.443640301277
-41.4141414141414,81.8181818181818,61.1351451676474
-39.3939393939394,81.8181818181818,24.6971289694543
-37.3737373737374,81.8181818181818,4.49525283838214
-35.3535353535353,81.8181818181818,0.672890267941011
-33.3333333333333,81.8181818181818,14.0558746745993
-31.3131313131313,81.8181818181818,45.4806749344908
-29.2929292929293,81.8181818181818,96.7737081323326
-27.2727272727273,81.8181818181818,168.387847901772
-25.2525252525252,81.8181818181818,258.577580109298
-23.2323232323232,81.8181818181818,368.684730479556
-21.2121212121212,81.8181818181818,499.759077806533
-19.1919191919192,81.8181818181818,652.64801671066
-17.1717171717172,81.8181818181818,825.312848407224
-15.1515151515151,81.8181818181818,1020.6467074783
-13.1313131313131,81.8181818181818,1229.55323270053
-11.1111111111111,81.8181818181818,1455.37245265842
-9.09090909090908,81.8181818181818,1697.58549150115
-7.07070707070706,81.8181818181818,1961.5922364165
-5.05050505050504,81.8181818181818,2252.86636211152
-3.03030303030303,81.8181818181818,2563.64332344042
-1.01010101010101,81.8181818181818,2894.03630507475
1.01010101010101,81.8181818181818,3255.3373318166
3.03030303030303,81.8181818181818,3610.72171922809
5.05050505050505,81.8181818181818,3999.38636761446
7.07070707070707,81.8181818181818,4405.79383282117
9.09090909090909,81.8181818181818,4823.77395035438
11.1111111111111,81.8181818181818,5268.1991825153
13.1313131313131,81.8181818181818,5731.89337040043
15.1515151515152,81.8181818181818,6221.772649252
17.1717171717172,81.8181818181818,6745.39192820607
19.1919191919192,81.8181818181818,7331.1105345042
21.2121212121212,81.8181818181818,7944.73615479938
23.2323232323232,81.8181818181818,8586.02087659936
25.2525252525253,81.8181818181818,9256.10594541468
27.2727272727273,81.8181818181818,9996.05487817948
29.2929292929293,81.8181818181818,10757.4244322812
31.3131313131313,81.8181818181818,11553.8688210328
33.3333333333333,81.8181818181818,12372.1005270116
35.3535353535354,81.8181818181818,13213.3268726311
37.3737373737374,81.8181818181818,14076.8384802572
39.3939393939394,81.8181818181818,14967.2600176512
41.4141414141414,81.8181818181818,15899.0090021951
43.4343434343434,81.8181818181818,16857.0363903744
45.4545454545455,81.8181818181818,17847.6269398749
47.4747474747475,81.8181818181818,18875.3563290561
49.4949494949495,81.8181818181818,19930.2635894964
51.5151515151515,81.8181818181818,21027.401254736
53.5353535353536,81.8181818181818,22155.4187022492
55.5555555555556,81.8181818181818,23328.7105087147
57.5757575757576,81.8181818181818,24551.9607373202
59.5959595959596,81.8181818181818,25822.9963813847
61.6161616161616,81.8181818181818,27126.1625536782
63.6363636363637,81.8181818181818,28462.0193255274
65.6565656565657,81.8181818181818,29827.2634492994
67.6767676767677,81.8181818181818,31235.8625494809
69.6969696969697,81.8181818181818,32744.9757431261
71.7171717171717,81.8181818181818,34326.9117656964
73.7373737373738,81.8181818181818,36003.9485783484
75.7575757575758,81.8181818181818,37758.3002190202
77.7777777777778,81.8181818181818,39584.8634714354
79.7979797979798,81.8181818181818,41517.0386846991
81.8181818181818,81.8181818181818,43519.3205316573
83.8383838383839,81.8181818181818,45596.5567884247
85.8585858585859,81.8181818181818,47738.0067543824
87.8787878787879,81.8181818181818,49920.3795636401
89.8989898989899,81.8181818181818,52087.9324132187
91.919191919192,81.8181818181818,54291.4576982514
93.9393939393939,81.8181818181818,56464.6517455571
95.959595959596,81.8181818181818,58636.9789487449
97.979797979798,81.8181818181818,60779.5429024776
100,81.8181818181818,62908.2545067713
-100,83.8383838383839,6792.28101135002
-97.979797979798,83.8383838383839,6402.02246760947
-95.959595959596,83.8383838383839,6024.20593967784
-93.9393939393939,83.8383838383839,5652.19726422717
-91.9191919191919,83.8383838383839,5292.71311030515
-89.8989898989899,83.8383838383839,4949.05108817436
-87.8787878787879,83.8383838383839,4617.89437938234
-85.8585858585859,83.8383838383839,4297.36371277686
-83.8383838383838,83.8383838383839,3981.28598997369
-81.8181818181818,83.8383838383839,3670.83579540064
-79.7979797979798,83.8383838383839,3374.68892978178
-77.7777777777778,83.8383838383839,3091.85121499903
-75.7575757575758,83.8383838383839,2820.88990139218
-73.7373737373737,83.8383838383839,2549.13639886148
-71.7171717171717,83.8383838383839,2294.60140708427
-69.6969696969697,83.8383838383839,2050.36097561219
-67.6767676767677,83.8383838383839,1818.89226324811
-65.6565656565656,83.8383838383839,1602.0475751981
-63.6363636363636,83.8383838383839,1398.07491254761
-61.6161616161616,83.8383838383839,1208.66760642127
-59.5959595959596,83.8383838383839,1026.25975342958
-57.5757575757576,83.8383838383839,850.352722509096
-55.5555555555556,83.8383838383839,693.51496791653
-53.5353535353535,83.8383838383839,552.100185683132
-51.5151515151515,83.8383838383839,428.222834460208
-49.4949494949495,83.8383838383839,319.415103650549
-47.4747474747475,83.8383838383839,226.33051714679
-45.4545454545455,83.8383838383839,150.799854917124
-43.4343434343434,83.8383838383839,88.881175592133
-41.4141414141414,83.8383838383839,43.0444279536646
-39.3939393939394,83.8383838383839,13.8452136160714
-37.3737373737374,83.8383838383839,0.674228975208409
-35.3535353535353,83.8383838383839,4.47744303349256
-33.3333333333333,83.8383838383839,25.508354764068
-31.3131313131313,83.8383838383839,65.4226077254578
-29.2929292929293,83.8383838383839,125.336999371257
-27.2727272727273,83.8383838383839,205.489781828932
-25.2525252525252,83.8383838383839,304.161023383224
-23.2323232323232,83.8383838383839,423.490809507089
-21.2121212121212,83.8383838383839,563.87119833461
-19.1919191919192,83.8383838383839,724.614963453682
-17.1717171717172,83.8383838383839,907.131760042722
-15.1515151515151,83.8383838383839,1110.67966432367
-13.1313131313131,83.8383838383839,1327.32021038086
-11.1111111111111,83.8383838383839,1561.27227895997
-9.09090909090908,83.8383838383839,1811.28931208875
-7.07070707070706,83.8383838383839,2084.62819647962
-5.05050505050504,83.8383838383839,2385.22997410649
-3.03030303030303,83.8383838383839,2704.28710053261
-1.01010101010101,83.8383838383839,3043.51851868416
1.01010101010101,83.8383838383839,3413.77948323068
3.03030303030303,83.8383838383839,3777.74251043065
5.05050505050505,83.8383838383839,4175.25005221998
7.07070707070707,83.8383838383839,4590.9405027465
9.09090909090909,83.8383838383839,5016.73490074145
11.1111111111111,83.8383838383839,5469.7736820856
13.1313131313131,83.8383838383839,5941.71160619617
15.1515151515152,83.8383838383839,6439.06243827984
17.1717171717172,83.8383838383839,6966.6390235771
19.1919191919192,83.8383838383839,7554.86495020739
21.2121212121212,83.8383838383839,8177.13136251778
23.2323232323232,83.8383838383839,8827.86532788505
25.2525252525253,83.8383838383839,9505.44853093966
27.2727272727273,83.8383838383839,10240.1102951655
29.2929292929293,83.8383838383839,11014.5167043712
31.3131313131313,83.8383838383839,11815.3729879593
33.3333333333333,83.8383838383839,12647.8353051481
35.3535353535354,83.8383838383839,13499.8583009682
37.3737373737374,83.8383838383839,14373.6197649283
39.3939393939394,83.8383838383839,15274.3142076017
41.4141414141414,83.8383838383839,16204.8659088405
43.4343434343434,83.8383838383839,17177.3174505856
45.4545454545455,83.8383838383839,18172.8206268761
47.4747474747475,83.8383838383839,19204.6817995337
49.4949494949495,83.8383838383839,20270.5260706249
51.5151515151515,83.8383838383839,21367.468919026
53.5353535353536,83.8383838383839,22506.1739843733
55.5555555555556,83.8383838383839,23673.2032780006
57.5757575757576,83.8383838383839,24895.1714797462
59.5959595959596,83.8383838383839,26159.2648840401
61.6161616161616,83.8383838383839,27474.1279627239
63.6363636363637,83.8383838383839,28819.2050449288
65.6565656565657,83.8383838383839,30195.3283607886
67.6767676767677,83.8383838383839,31598.4020997653
69.6969696969697,83.8383838383839,33056.3046897102
71.7171717171717,83.8383838383839,34621.25625886
73.7373737373738,83.8383838383839,36250.7377951904
75.7575757575758,83.8383838383839,37980.8607114145
77.7777777777778,83.8383838383839,39783.9755310119
79.7979797979798,83.8383838383839,41660.4042192072
81.8181818181818,83.8383838383839,43644.5667647928
83.8383838383839,83.8383838383839,45696.9664969592
85.8585858585859,83.8383838383839,47824.7808219275
87.8787878787879,83.8383838383839,50016.9694178735
89.8989898989899,83.8383838383839,52251.7096495234
91.919191919192,83.8383838383839,54473.6385337545
93.9393939393939,83.8383838383839,56726.5662329147
95.959595959596,83.8383838383839,58962.123844675
97.979797979798,83.8383838383839,61184.6647754298
100,83.8383838383839,63389.538318514
-100,85.8585858585859,6646.32422502608
-97.979797979798,85.8585858585859,6260.11207191637
-95.959595959596,85.8585858585859,5881.28003114564
-93.9393939393939,85.8585858585859,5514.69712109677
-91.9191919191919,85.8585858585859,5164.26504260696
-89.8989898989899,85.8585858585859,4825.61432358933
-87.8787878787879,85.8585858585859,4497.7868762405
-85.8585858585859,85.8585858585859,4174.30299296879
-83.8383838383838,85.8585858585859,3856.30716518002
-81.8181818181818,85.8585858585859,3552.34913956943
-79.7979797979798,85.8585858585859,3262.23163650337
-77.7777777777778,85.8585858585859,2984.51385280149
-75.7575757575758,85.8585858585859,2705.04998409491
-73.7373737373737,85.8585858585859,2442.34351453235
-71.7171717171717,85.8585858585859,2190.94350940996
-69.6969696969697,85.8585858585859,1951.74884315991
-67.6767676767677,85.8585858585859,1726.54171368886
-65.6565656565656,85.8585858585859,1514.65471526692
-63.6363636363636,85.8585858585859,1317.48344693447
-61.6161616161616,85.8585858585859,1129.87123034372
-59.5959595959596,85.8585858585859,946.226627480217
-57.5757575757576,85.8585858585859,779.447346429925
-55.5555555555556,85.8585858585859,628.757069213985
-53.5353535353535,85.8585858585859,495.588851717267
-51.5151515151515,85.8585858585859,378.467165831421
-49.4949494949495,85.8585858585859,276.323068400644
-47.4747474747475,85.8585858585859,191.151910640385
-45.4545454545455,85.8585858585859,121.844697159007
-43.4343434343434,85.8585858585859,66.5547672586398
-41.4141414141414,85.8585858585859,28.1765445294961
-39.3939393939394,85.8585858585859,6.09140567095467
-37.3737373737374,85.8585858585859,0.222901371083269
-35.3535353535353,85.8585858585859,11.5879555157178
-33.3333333333333,85.8585858585859,40.6452955790299
-31.3131313131313,85.8585858585859,89.2763376911668
-29.2929292929293,85.8585858585859,158.146321191808
-27.2727272727273,85.8585858585859,246.298608469085
-25.2525252525252,85.8585858585859,353.143651587099
-23.2323232323232,85.8585858585859,481.524355457134
-21.2121212121212,85.8585858585859,631.689836041842
-19.1919191919192,85.8585858585859,800.5679892065
-17.1717171717172,85.8585858585859,993.095322329847
-15.1515151515151,85.8585858585859,1204.10452124703
-13.1313131313131,85.8585858585859,1428.64316565895
-11.1111111111111,85.8585858585859,1670.83194113283
-9.09090909090908,85.8585858585859,1928.68801330133
-7.07070707070706,85.8585858585859,2211.40768838998
-5.05050505050504,85.8585858585859,2521.31011628548
-3.03030303030303,85.8585858585859,2848.68769138906
-1.01010101010101,85.8585858585859,3196.76292558626
1.01010101010101,85.8585858585859,3575.98682605304
3.03030303030303,85.8585858585859,3948.48378058833
5.05050505050505,85.8585858585859,4355.01238225337
7.07070707070707,85.8585858585859,4779.43149479454
9.09090909090909,85.8585858585859,5213.49868486449
11.1111111111111,85.8585858585859,5675.12329950104
13.1313131313131,85.8585858585859,6155.31333455038
15.1515151515152,85.8585858585859,6660.66823729979
17.1717171717172,85.8585858585859,7192.92238648638
19.1919191919192,85.8585858585859,7781.58442902442
21.2121212121212,85.8585858585859,8414.01458226642
23.2323232323232,85.8585858585859,9072.17193198698
25.2525252525253,85.8585858585859,9757.55789989808
27.2727272727273,85.8585858585859,10486.0716740551
29.2929292929293,85.8585858585859,11273.5950642625
31.3131313131313,85.8585858585859,12080.7426793231
33.3333333333333,85.8585858585859,12926.1613511781
35.3535353535354,85.8585858585859,13788.8468377699
37.3737373737374,85.8585858585859,14675.3232490851
39.3939393939394,85.8585858585859,15584.2765802635
41.4141414141414,85.8585858585859,16520.2651048477
43.4343434343434,85.8585858585859,17498.9129837782
45.4545454545455,85.8585858585859,18503.2250204377
47.4747474747475,85.8585858585859,19539.9779346884
49.4949494949495,85.8585858585859,20614.1681100021
51.5151515151515,85.8585858585859,21715.0940564037
53.5353535353536,85.8585858585859,22855.7852766373
55.5555555555556,85.8585858585859,24031.0533420145
57.5757575757576,85.8585858585859,25242.4808382562
59.5959595959596,85.8585858585859,26513.7617270504
61.6161616161616,85.8585858585859,27823.4659433979
63.6363636363637,85.8585858585859,29177.7214532718
65.6565656565657,85.8585858585859,30563.2867706801
67.6767676767677,85.8585858585859,31979.8674031787
69.6969696969697,85.8585858585859,33420.6312798301
71.7171717171717,85.8585858585859,34930.9953394158
73.7373737373738,85.8585858585859,36549.7933040707
75.7575757575758,85.8585858585859,38227.151011372
77.7777777777778,85.8585858585859,40010.6124894357
79.7979797979798,85.8585858585859,41863.3955630526
81.8181818181818,85.8585858585859,43788.9766401793
83.8383838383839,85.8585858585859,45825.2209036528
85.8585858585859,85.8585858585859,47927.7737026302
87.8787878787879,85.8585858585859,50106.2541804025
89.8989898989899,85.8585858585859,52349.1176566867
91.919191919192,85.8585858585859,54635.8641419932
93.9393939393939,85.8585858585859,56912.7626643095
95.959595959596,85.8585858585859,59215.0268881793
97.979797979798,85.8585858585859,61513.0493278736
100,85.8585858585859,63785.4550901733
-100,87.8787878787879,6500.41236900881
-97.979797979798,87.8787878787879,6114.92531705619
-95.959595959596,87.8787878787879,5741.23653577409
-93.9393939393939,87.8787878787879,5384.03133291031
-91.9191919191919,87.8787878787879,5037.90275702177
-89.8989898989899,87.8787878787879,4702.78099843915
-87.8787878787879,87.8787878787879,4371.88873794857
-85.8585858585859,87.8787878787879,4046.35221853286
-83.8383838383838,87.8787878787879,3734.56614727315
-81.8181818181818,87.8787878787879,3437.18375141419
-79.7979797979798,87.8787878787879,3152.40344056877
-77.7777777777778,87.8787878787879,2865.59160188766
-75.7575757575758,87.8787878787879,2594.74562995041
-73.7373737373737,87.8787878787879,2336.18671215363
-71.7171717171717,87.8787878787879,2089.22977190281
-69.6969696969697,87.8787878787879,1855.35458691862
-67.6767676767677,87.8787878787879,1636.01133748298
-65.6565656565656,87.8787878787879,1430.57437639037
-63.6363636363636,87.8787878787879,1236.84649025029
-61.6161616161616,87.8787878787879,1047.24181802172
-59.5959595959596,87.8787878787879,870.282038419463
-57.5757575757576,87.8787878787879,710.826651145169
-55.5555555555556,87.8787878787879,568.025144072281
-53.5353535353535,87.8787878787879,442.507705311096
-51.5151515151515,87.8787878787879,331.551740146323
-49.4949494949495,87.8787878787879,236.766504052174
-47.4747474747475,87.8787878787879,159.429309824968
-45.4545454545455,87.8787878787879,95.391170607059
-43.4343434343434,87.8787878787879,47.6080127114887
-41.4141414141414,87.8787878787879,16.4791153602029
-39.3939393939394,87.8787878787879,1.36773216501947
-37.3737373737374,87.8787878787879,3.13639373384971
-35.3535353535353,87.8787878787879,22.0628180541987
-33.3333333333333,87.8787878787879,59.4079537429702
-31.3131313131313,87.8787878787879,116.82101094344
-29.2929292929293,87.8787878787879,194.602617159423
-27.2727272727273,87.8787878787879,290.830962952502
-25.2525252525252,87.8787878787879,406.539674119354
-23.2323232323232,87.8787878787879,543.353523228544
-21.2121212121212,87.8787878787879,703.288097334982
-19.1919191919192,87.8787878787879,880.593501383168
-17.1717171717172,87.8787878787879,1082.84429855752
-15.1515151515151,87.8787878787879,1301.02772002714
-13.1313131313131,87.8787878787879,1533.63246236004
-11.1111111111111,87.8787878787879,1784.46513785046
-9.09090909090908,87.8787878787879,2049.79973607022
-7.07070707070706,87.8787878787879,2341.93969850343
-5.05050505050504,87.8787878787879,2660.99349572159
-3.03030303030303,87.8787878787879,2996.84268414776
-1.01010101010101,87.8787878787879,3353.77249300744
1.01010101010101,87.8787878787879,3741.95705817688
3.03030303030303,87.8787878787879,4122.90759085997
5.05050505050505,87.8787878787879,4538.63633711351
7.07070707070707,87.8787878787879,4971.70695534063
9.09090909090909,87.8787878787879,5414.16742094147
11.1111111111111,87.8787878787879,5884.26274734373
13.1313131313131,87.8787878787879,6372.81368572011
15.1515151515152,87.8787878787879,6886.02443641066
17.1717171717172,87.8787878787879,7424.40116378079
19.1919191919192,87.8787878787879,8012.30855291267
21.2121212121212,87.8787878787879,8653.67542266578
23.2323232323232,87.8787878787879,9319.90146649859
25.2525252525253,87.8787878787879,10013.0081794628
27.2727272727273,87.8787878787879,10738.5837901213
29.2929292929293,87.8787878787879,11535.5785427904
31.3131313131313,87.8787878787879,12352.6392120171
33.3333333333333,87.8787878787879,13203.2591566376
35.3535353535354,87.8787878787879,14079.3061527537
37.3737373737374,87.8787878787879,14977.2601169565
39.3939393939394,87.8787878787879,15896.3963173633
41.4141414141414,87.8787878787879,16842.7832682959
43.4343434343434,87.8787878787879,17819.5923008305
45.4545454545455,87.8787878787879,18838.8887607632
47.4747474747475,87.8787878787879,19880.3185644595
49.4949494949495,87.8787878787879,20957.6854070926
51.5151515151515,87.8787878787879,22071.2545288688
53.5353535353536,87.8787878787879,23212.5591238255
55.5555555555556,87.8787878787879,24396.730805698
57.5757575757576,87.8787878787879,25610.385012743
59.5959595959596,87.8787878787879,26870.2892324894
61.6161616161616,87.8787878787879,28182.4799623413
63.6363636363637,87.8787878787879,29540.1272766723
65.6565656565657,87.8787878787879,30932.6684771989
67.6767676767677,87.8787878787879,32358.5049414161
69.6969696969697,87.8787878787879,33815.333411527
71.7171717171717,87.8787878787879,35296.927529732
73.7373737373738,87.8787878787879,36860.2362383969
75.7575757575758,87.8787878787879,38530.6099041417
77.7777777777778,87.8787878787879,40256.0029998327
79.7979797979798,87.8787878787879,42093.5988381151
81.8181818181818,87.8787878787879,43995.8026896407
83.8383838383839,87.8787878787879,45970.6265367491
85.8585858585859,87.8787878787879,48059.0656430703
87.8787878787879,87.8787878787879,50211.7763405352
89.8989898989899,87.8787878787879,52440.9205751351
91.919191919192,87.8787878787879,54734.3690977533
93.9393939393939,87.8787878787879,57073.1606784504
95.959595959596,87.8787878787879,59405.2750524418
97.979797979798,87.8787878787879,61756.956748213
100,87.8787878787879,64115.1037681173
-100,89.8989898989899,6353.16421815945
-97.979797979798,89.8989898989899,5972.3405115609
-95.959595959596,89.8989898989899,5608.37793803944
-93.9393939393939,89.8989898989899,5254.7596104867
-91.9191919191919,89.8989898989899,4912.33987015801
-89.8989898989899,89.8989898989899,4574.04735282368
-87.8787878787879,89.8989898989899,4240.95923874816
-85.8585858585859,89.8989898989899,3921.33752955693
-83.8383838383838,89.8989898989899,3616.70406211816
-81.8181818181818,89.8989898989899,3324.45270493091
-79.7979797979798,89.8989898989899,3030.75708689598
-77.7777777777778,89.8989898989899,2752.02442758202
-75.7575757575758,89.8989898989899,2486.09054890211
-73.7373737373737,89.8989898989899,2231.10216377229
-71.7171717171717,89.8989898989899,1988.94289573909
-69.6969696969697,89.8989898989899,1762.04376062938
-67.6767676767677,89.8989898989899,1548.03072676919
-65.6565656565656,89.8989898989899,1347.70031207843
-63.6363636363636,89.8989898989899,1153.08135713671
-61.6161616161616,89.8989898989899,966.04034284554
-59.5959595959596,89.8989898989899,798.401532807037
-57.5757575757576,89.8989898989899,645.947255773277
-55.5555555555556,89.8989898989899,511.163371323891
-53.5353535353535,89.8989898989899,391.804854255205
-51.5151515151515,89.8989898989899,287.601567913947
-49.4949494949495,89.8989898989899,200.828266316113
-47.4747474747475,89.8989898989899,129.44709299555
-45.4545454545455,89.8989898989899,72.2044484860352
-43.4343434343434,89.8989898989899,31.88501407567
-41.4141414141414,89.8989898989899,7.88940701149561
-39.3939393939394,89.8989898989899,0.0155384201280591
-37.3737373737374,89.8989898989899,9.35809141925452
-35.3535353535353,89.8989898989899,36.1097878220504
-33.3333333333333,89.8989898989899,82.0790560180148
-31.3131313131313,89.8989898989899,148.067043588534
-29.2929292929293,89.8989898989899,234.362579130673
-27.2727272727273,89.8989898989899,339.062195177979
-25.2525252525252,89.8989898989899,464.213353499312
-23.2323232323232,89.8989898989899,609.8977720644
-21.2121212121212,89.8989898989899,777.991371284146
-19.1919191919192,89.8989898989899,964.776447371358
-17.1717171717172,89.8989898989899,1176.07066910714
-15.1515151515151,89.8989898989899,1401.80310000955
-13.1313131313131,89.8989898989899,1642.35664718709
-11.1111111111111,89.8989898989899,1902.01270715842
-9.09090909090908,89.8989898989899,2174.84642686078
-7.07070707070706,89.8989898989899,2476.51060968599
-5.05050505050504,89.8989898989899,2804.3759088884
-3.03030303030303,89.8989898989899,3148.75669397018
-1.01010101010101,89.8989898989899,3514.54414905855
1.01010101010101,89.8989898989899,3911.69196266998
3.03030303030303,89.8989898989899,4301.01109860163
5.05050505050505,89.8989898989899,4726.04457071576
7.07070707070707,89.8989898989899,5167.78070303513
9.09090909090909,89.8989898989899,5619.21680771062
11.1111111111111,89.8989898989899,6097.18280865033
13.1313131313131,89.8989898989899,6594.77804146316
15.1515151515152,89.8989898989899,7115.1285240922
17.1717171717172,89.8989898989899,7660.71439752187
19.1919191919192,89.8989898989899,8246.9687292983
21.2121212121212,89.8989898989899,8896.72040524465
23.2323232323232,89.8989898989899,9571.26348589623
25.2525252525253,89.8989898989899,10274.318775693
27.2727272727273,89.8989898989899,11005.0191828948
29.2929292929293,89.8989898989899,11797.6806088245
31.3131313131313,89.8989898989899,12627.8650215916
33.3333333333333,89.8989898989899,13483.2318318919
35.3535353535354,89.8989898989899,14373.8960021385
37.3737373737374,89.8989898989899,15282.2319183846
39.3939393939394,89.8989898989899,16213.2077268401
41.4141414141414,89.8989898989899,17168.3712802594
43.4343434343434,89.8989898989899,18149.913031476
45.4545454545455,89.8989898989899,19175.4948099619
47.4747474747475,89.8989898989899,20226.2146689508
49.4949494949495,89.8989898989899,21308.9769794354
51.5151515151515,89.8989898989899,22428.127411379
53.5353535353536,89.8989898989899,23576.9738102693
55.5555555555556,89.8989898989899,24761.697421195
57.5757575757576,89.8989898989899,25986.6670931908
59.5959595959596,89.8989898989899,27240.318003891
61.6161616161616,89.8989898989899,28549.2351384216
63.6363636363637,89.8989898989899,29900.9016739167
65.6565656565657,89.8989898989899,31305.3650363106
67.6767676767677,89.8989898989899,32738.8793739355
69.6969696969697,89.8989898989899,34204.9415221792
71.7171717171717,89.8989898989899,35701.8512914891
73.7373737373738,89.8989898989899,37229.2693233078
75.7575757575758,89.8989898989899,38847.5380380328
77.7777777777778,89.8989898989899,40563.6885560204
79.7979797979798,89.8989898989899,42340.149486107
81.8181818181818,89.8989898989899,44229.7215165421
83.8383838383839,89.8989898989899,46181.1917660802
85.8585858585859,89.8989898989899,48206.308663942
87.8787878787879,89.8989898989899,50346.05541046
89.8989898989899,89.8989898989899,52548.9138093446
91.919191919192,89.8989898989899,54828.7109076009
93.9393939393939,89.8989898989899,57172.7505695533
95.959595959596,89.8989898989899,59563.6560103459
97.979797979798,89.8989898989899,61951.2117846887
100,89.8989898989899,64352.2739672053
-100,91.919191919192,6207.97686412428
-97.979797979798,91.919191919192,5837.30609306664
-95.959595959596,91.919191919192,5476.18481479149
-93.9393939393939,91.919191919192,5126.46874645338
-91.9191919191919,91.919191919192,4780.76750890194
-89.8989898989899,91.919191919192,4440.14590469444
-87.8787878787879,91.919191919192,4112.65622929897
-85.8585858585859,91.919191919192,3800.79152411315
-83.8383838383838,91.919191919192,3500.85274637353
-81.8181818181818,91.919191919192,3201.39215797542
-79.7979797979798,91.919191919192,2913.93356977862
-77.7777777777778,91.919191919192,2640.65420060641
-75.7575757575758,91.919191919192,2377.63577768009
-73.7373737373737,91.919191919192,2127.38413713549
-71.7171717171717,91.919191919192,1892.76389894377
-69.6969696969697,91.919191919192,1670.35473888118
-67.6767676767677,91.919191919192,1462.98935490645
-65.6565656565656,91.919191919192,1263.36373654199
-63.6363636363636,91.919191919192,1067.91631128465
-61.6161616161616,91.919191919192,890.360920185471
-59.5959595959596,91.919191919192,728.517920515315
-57.5757575757576,91.919191919192,584.464036744893
-55.5555555555556,91.919191919192,456.902179038869
-53.5353535353535,91.919191919192,343.988602699295
-51.5151515151515,91.919191919192,247.458400364305
-49.4949494949495,91.919191919192,168.25297912302
-47.4747474747475,91.919191919192,102.131088363007
-45.4545454545455,91.919191919192,52.4012947628062
-43.4343434343434,91.919191919192,19.342229089323
-41.4141414141414,91.919191919192,2.30973967572649
-39.3939393939394,91.919191919192,2.02211730994145
-37.3737373737374,91.919191919192,18.8981977228295
-35.3535353535353,91.919191919192,53.8429817662183
-33.3333333333333,91.919191919192,108.575002489038
-31.3131313131313,91.919191919192,183.561585234013
-29.2929292929293,91.919191919192,277.799901446297
-27.2727272727273,91.919191919192,390.832427809733
-25.2525252525252,91.919191919192,525.222739609725
-23.2323232323232,91.919191919192,680.510098586602
-21.2121212121212,91.919191919192,856.284496252091
-19.1919191919192,91.919191919192,1053.08119302005
-17.1717171717172,91.919191919192,1272.6902335647
-15.1515151515151,91.919191919192,1505.81018183793
-13.1313131313131,91.919191919192,1754.81891809247
-11.1111111111111,91.919191919192,2023.06949327276
-9.09090909090908,91.919191919192,2303.73986970049
-7.07070707070706,91.919191919192,2614.83317228205
-5.05050505050504,91.919191919192,2951.51725046928
-3.03030303030303,91.919191919192,3304.42339323819
-1.01010101010101,91.919191919192,3679.08332131513
1.01010101010101,91.919191919192,4085.19105189576
3.03030303030303,91.919191919192,4482.8775327951
5.05050505050505,91.919191919192,4917.25162177848
7.07070707070707,91.919191919192,5367.64081891019
9.09090909090909,91.919191919192,5828.27062618892
11.1111111111111,91.919191919192,6313.89541915478
13.1313131313131,91.919191919192,6820.53822617493
15.1515151515152,91.919191919192,7347.93204215943
17.1717171717172,91.919191919192,7901.83113063237
19.1919191919192,91.919191919192,8490.11870309598
21.2121212121212,91.919191919192,9143.18677811729
23.2323232323232,91.919191919192,9826.39222961131
25.2525252525253,91.919191919192,10538.3906731719
27.2727272727273,91.919191919192,11276.4272386232
29.2929292929293,91.919191919192,12061.4030468034
31.3131313131313,91.919191919192,12905.1577293664
33.3333333333333,91.919191919192,13767.1999191499
35.3535353535354,91.919191919192,14669.2460880003
37.3737373737374,91.919191919192,15588.3132430397
39.3939393939394,91.919191919192,16531.3832277008
41.4141414141414,91.919191919192,17495.9015331859
43.4343434343434,91.919191919192,18487.8895109523
45.4545454545455,91.919191919192,19510.9890108321
47.4747474747475,91.919191919192,20577.1339279075
49.4949494949495,91.919191919192,21664.7289796451
51.5151515151515,91.919191919192,22787.3279741577
53.5353535353536,91.919191919192,23948.1416587604
55.5555555555556,91.919191919192,25134.38582319
57.5757575757576,91.919191919192,26363.2999703492
59.5959595959596,91.919191919192,27623.4464755308
61.6161616161616,91.919191919192,28921.4440381632
63.6363636363637,91.919191919192,30280.7879237279
65.6565656565657,91.919191919192,31675.649385201
67.6767676767677,91.919191919192,33121.1487296376
69.6969696969697,91.919191919192,34596.3612101076
71.7171717171717,91.919191919192,36102.6187804546
73.7373737373738,91.919191919192,37638.1469782978
75.7575757575758,91.919191919192,39214.3069432603
77.7777777777778,91.919191919192,40887.0888330533
79.7979797979798,91.919191919192,42649.0224892961
81.8181818181818,91.919191919192,44478.1743349228
83.8383838383839,91.919191919192,46418.7185098702
85.8585858585859,91.919191919192,48419.543589023
87.8787878787879,91.919191919192,50495.5103949426
89.8989898989899,91.919191919192,52686.2453005898
91.919191919192,91.919191919192,54939.2128331988
93.9393939393939,91.919191919192,57269.6812432899
95.959595959596,91.919191919192,59664.2839631007
97.979797979798,91.919191919192,62107.3434765213
100,91.919191919192,64550.6043483671
-100,93.9393939393939,6070.81355873557
-97.979797979798,93.9393939393939,5702.1852141465
-95.959595959596,93.9393939393939,5345.16665010674
-93.9393939393939,93.9393939393939,4992.06273720528
-91.9191919191919,93.9393939393939,4643.90140108608
-89.8989898989899,93.9393939393939,4308.60118125981
-87.8787878787879,93.9393939393939,3989.45174708089
-85.8585858585859,93.9393939393939,3681.58855143962
-83.8383838383838,93.9393939393939,3376.66725400413
-81.8181818181818,93.9393939393939,3080.46864233783
-79.7979797979798,93.9393939393939,2799.87917724767
-77.7777777777778,93.9393939393939,2528.82649814849
-75.7575757575758,93.9393939393939,2270.93577334225
-73.7373737373737,93.9393939393939,2027.86856669193
-71.7171717171717,93.9393939393939,1797.55159971057
-69.6969696969697,93.9393939393939,1582.21199328077
-67.6767676767677,93.9393939393939,1376.75391350053
-65.6565656565656,93.9393939393939,1175.07342393338
-63.6363636363636,93.9393939393939,987.269945799819
-61.6161616161616,93.9393939393939,816.975000442622
-59.5959595959596,93.9393939393939,663.241454689283
-57.5757575757576,93.9393939393939,526.87087552926
-55.5555555555556,93.9393939393939,405.372357416283
-53.5353535353535,93.9393939393939,299.167150983049
-51.5151515151515,93.9393939393939,210.810152245653
-49.4949494949495,93.9393939393939,137.279739869495
-47.4747474747475,93.9393939393939,78.084382367602
-45.4545454545455,93.9393939393939,35.8228110728231
-43.4343434343434,93.9393939393939,9.90833182015799
-41.4141414141414,93.9393939393939,0.0495524600818362
-39.3939393939394,93.9393939393939,7.36624294569781
-37.3737373737374,93.9393939393939,31.8854040276645
-35.3535353535353,93.9393939393939,75.2310856573735
-33.3333333333333,93.9393939393939,138.754252426321
-31.3131313131313,93.9393939393939,222.713262251854
-29.2929292929293,93.9393939393939,324.979641937301
-27.2727272727273,93.9393939393939,446.295144080118
-25.2525252525252,93.9393939393939,589.588762604326
-23.2323232323232,93.9393939393939,754.861947682654
-21.2121212121212,93.9393939393939,938.634399422745
-19.1919191919192,93.9393939393939,1145.25266684157
-17.1717171717172,93.9393939393939,1373.0851053352
-15.1515151515151,93.9393939393939,1613.62220995482
-13.1313131313131,93.9393939393939,1871.00820256869
-11.1111111111111,93.9393939393939,2147.64545507773
-9.09090909090908,93.9393939393939,2436.73227442228
-7.07070707070706,93.9393939393939,2756.90679012614
-5.05050505050504,93.9393939393939,3102.42321866831
-3.03030303030303,93.9393939393939,3463.84346044833
-1.01010101010101,93.9393939393939,3847.38316250979
1.01010101010101,93.9393939393939,4262.45977359678
3.03030303030303,93.9393939393939,4668.69854154378
5.05050505050505,93.9393939393939,5112.01354946847
7.07070707070707,93.9393939393939,5571.29040461355
9.09090909090909,93.9393939393939,6041.22314758477
11.1111111111111,93.9393939393939,6534.38621819577
13.1313131313131,93.9393939393939,7050.04792738546
15.1515151515152,93.9393939393939,7584.90170689405
17.1717171717172,93.9393939393939,8146.45105343177
19.1919191919192,93.9393939393939,8738.50570704822
21.2121212121212,93.9393939393939,9392.42759468133
23.2323232323232,93.9393939393939,10085.8819540413
25.2525252525253,93.9393939393939,10804.8853652537
27.2727272727273,93.9393939393939,11550.8642600874
29.2929292929293,93.9393939393939,12331.3512936949
31.3131313131313,93.9393939393939,13185.3007730707
33.3333333333333,93.9393939393939,14058.0058436228
35.3535353535354,93.9393939393939,14963.2093970379
37.3737373737374,93.9393939393939,15897.7584267034
39.3939393939394,93.9393939393939,16851.6917535602
41.4141414141414,93.9393939393939,17827.7163696132
43.4343434343434,93.9393939393939,18829.0005732511
45.4545454545455,93.9393939393939,19856.1951969484
47.4747474747475,93.9393939393939,20928.753346929
49.4949494949495,93.9393939393939,22026.1208515556
51.5151515151515,93.9393939393939,23154.5921346242
53.5353535353536,93.9393939393939,24318.8816446105
55.5555555555556,93.9393939393939,25516.3459661411
57.5757575757576,93.9393939393939,26745.0081690683
59.5959595959596,93.9393939393939,28016.3400043345
61.6161616161616,93.9393939393939,29315.5710598708
63.6363636363637,93.9393939393939,30662.0568304516
65.6565656565657,93.9393939393939,32062.9889293139
67.6767676767677,93.9393939393939,33505.541934711
69.6969696969697,93.9393939393939,34988.9916484902
71.7171717171717,93.9393939393939,36504.8359624266
73.7373737373738,93.9393939393939,38051.5078779458
75.7575757575758,93.9393939393939,39624.5766695899
77.7777777777778,93.9393939393939,41250.9242285973
79.7979797979798,93.9393939393939,42979.4383335012
81.8181818181818,93.9393939393939,44786.6301430817
83.8383838383839,93.9393939393939,46669.4656061758
85.8585858585859,93.9393939393939,48660.6172164805
87.8787878787879,93.9393939393939,50710.8233259395
89.8989898989899,93.9393939393939,52838.0163985893
91.919191919192,93.9393939393939,55079.5378749431
93.9393939393939,93.9393939393939,57382.6880328756
95.959595959596,93.9393939393939,59763.8255376885
97.979797979798,93.9393939393939,62208.9473873816
100,93.9393939393939,64704.1536842376
-100,95.959595959596,5932.7494015339
-97.979797979798,95.959595959596,5568.43251165882
-95.959595959596,95.959595959596,5207.92354237308
-93.9393939393939,95.959595959596,4852.22771530881
-91.9191919191919,95.959595959596,4509.23508125402
-89.8989898989899,95.959595959596,4182.6805324093
-87.8787878787879,95.959595959596,3866.80661367923
-85.8585858585859,95.959595959596,3556.33363866173
-83.8383838383838,95.959595959596,3251.63081115258
-81.8181818181818,95.959595959596,2963.44528920461
-79.7979797979798,95.959595959596,2684.68590493942
-77.7777777777778,95.959595959596,2419.10932942555
-75.7575757575758,95.959595959596,2167.44987110104
-73.7373737373737,95.959595959596,1929.54676358348
-71.7171717171717,95.959595959596,1705.80348273385
-69.6969696969697,95.959595959596,1494.29986857653
-67.6767676767677,95.959595959596,1287.12903674781
-65.6565656565656,95.959595959596,1089.10470087483
-63.6363636363636,95.959595959596,910.658088904753
-61.6161616161616,95.959595959596,747.154907783985
-59.5959595959596,95.959595959596,601.367713476686
-57.5757575757576,95.959595959596,471.507575764606
-55.5555555555556,95.959595959596,356.63917765605
-53.5353535353535,95.959595959596,258.410015521262
-51.5151515151515,95.959595959596,177.245646448483
-49.4949494949495,95.959595959596,109.101134423294
-47.4747474747475,95.959595959596,57.4246959835307
-45.4545454545455,95.959595959596,22.4344609131736
-43.4343434343434,95.959595959596,3.49112012827276
-41.4141414141414,95.959595959596,1.14749394170018
-39.3939393939394,95.959595959596,16.017537939626
-37.3737373737374,95.959595959596,48.5698249938656
-35.3535353535353,95.959595959596,100.622486779055
-33.3333333333333,95.959595959596,172.689700526409
-31.3131313131313,95.959595959596,265.131852645648
-29.2929292929293,95.959595959596,375.858567898511
-27.2727272727273,95.959595959596,506.489693535834
-25.2525252525252,95.959595959596,657.903234228487
-23.2323232323232,95.959595959596,832.951192367023
-21.2121212121212,95.959595959596,1024.86020274644
-19.1919191919192,95.959595959596,1241.58152068154
-17.1717171717172,95.959595959596,1477.17210816689
-15.1515151515151,95.959595959596,1725.34972499385
-13.1313131313131,95.959595959596,1990.9543985294
-11.1111111111111,95.959595959596,2275.45334967016
-9.09090909090908,95.959595959596,2573.85087443658
-7.07070707070706,95.959595959596,2902.73538862364
-5.05050505050504,95.959595959596,3257.09269558643
-3.03030303030303,95.959595959596,3627.02500939208
-1.01010101010101,95.959595959596,4019.44732242538
1.01010101010101,95.959595959596,4443.48827036523
3.03030303030303,95.959595959596,4858.31639779352
5.05050505050505,95.959595959596,5310.51239574809
7.07070707070707,95.959595959596,5778.57390291414
9.09090909090909,95.959595959596,6257.99900652712
11.1111111111111,95.959595959596,6758.65614538125
13.1313131313131,95.959595959596,7282.93095265669
15.1515151515152,95.959595959596,7825.98439852993
17.1717171717172,95.959595959596,8395.2905982922
19.1919191919192,95.959595959596,8991.90487186633
21.2121212121212,95.959595959596,9645.32421028237
23.2323232323232,95.959595959596,10348.1123275984
25.2525252525253,95.959595959596,11075.3034241823
27.2727272727273,95.959595959596,11830.4080747524
29.2929292929293,95.959595959596,12614.4614370192
31.3131313131313,95.959595959596,13465.4717484604
33.3333333333333,95.959595959596,14351.4361619848
35.3535353535354,95.959595959596,15261.1577689445
37.3737373737374,95.959595959596,16209.6756937213
39.3939393939394,95.959595959596,17173.9658630358
41.4141414141414,95.959595959596,18162.1957929819
43.4343434343434,95.959595959596,19172.0550488519
45.4545454545455,95.959595959596,20209.6429314382
47.4747474747475,95.959595959596,21279.0599236825
49.4949494949495,95.959595959596,22392.109483711
51.5151515151515,95.959595959596,23525.8501426253
53.5353535353536,95.959595959596,24694.6129610997
55.5555555555556,95.959595959596,25901.7759114928
57.5757575757576,95.959595959596,27134.0694239206
59.5959595959596,95.959595959596,28405.9486273302
61.6161616161616,95.959595959596,29717.2788367205
63.6363636363637,95.959595959596,31057.6440513996
65.6565656565657,95.959595959596,32453.5015083597
67.6767676767677,95.959595959596,33893.8720607948
69.6969696969697,95.959595959596,35386.6159685381
71.7171717171717,95.959595959596,36908.3842595751
73.7373737373738,95.959595959596,38464.4568129685
75.7575757575758,95.959595959596,40051.6440693078
77.7777777777778,95.959595959596,41662.1171860745
79.7979797979798,95.959595959596,43339.0531538633
81.8181818181818,95.959595959596,45125.2093440343
83.8383838383839,95.959595959596,46976.518599806
85.8585858585859,95.959595959596,48916.8068376552
87.8787878787879,95.959595959596,50955.3648793569
89.8989898989899,95.959595959596,53055.14061911
91.919191919192,95.959595959596,55233.5606410178
93.9393939393939,95.959595959596,57525.9879136292
95.959595959596,95.959595959596,59879.3179492233
97.979797979798,95.959595959596,62311.1294990914
100,95.959595959596,64806.7403704892
-100,97.979797979798,5796.26749281033
-97.979797979798,97.979797979798,5428.35308952554
-95.959595959596,97.979797979798,5065.12376139939
-93.9393939393939,97.979797979798,4714.43777648738
-91.9191919191919,97.979797979798,4380.47983071715
-89.8989898989899,97.979797979798,4056.51668001059
-87.8787878787879,97.979797979798,3740.66566497393
-85.8585858585859,97.979797979798,3427.42361466119
-83.8383838383838,97.979797979798,3131.26420653288
-81.8181818181818,97.979797979798,2845.21558062713
-79.7979797979798,97.979797979798,2571.96533174697
-77.7777777777778,97.979797979798,2311.55318313415
-75.7575757575758,97.979797979798,2066.21973597672
-73.7373737373737,97.979797979798,1833.90565757312
-71.7171717171717,97.979797979798,1615.57248222328
-69.6969696969697,97.979797979798,1403.83271689985
-67.6767676767677,97.979797979798,1196.96702713992
-65.6565656565656,97.979797979798,1008.6505704871
-63.6363636363636,97.979797979798,835.762693040114
-61.6161616161616,97.979797979798,680.702509209657
-59.5959595959596,97.979797979798,542.703567156587
-57.5757575757576,97.979797979798,419.004059831775
-55.5555555555556,97.979797979798,311.147487029903
-53.5353535353535,97.979797979798,221.034352974808
-51.5151515151515,97.979797979798,145.342218349297
-49.4949494949495,97.979797979798,84.1944084472877
-47.4747474747475,97.979797979798,39.989776873651
-45.4545454545455,97.979797979798,12.1570766077245
-43.4343434343434,97.979797979798,0.324724560133167
-41.4141414141414,97.979797979798,5.61249564234772
-39.3939393939394,97.979797979798,28.0458342289258
-37.3737373737374,97.979797979798,68.8931789515726
-35.3535353535353,97.979797979798,129.760929481111
-33.3333333333333,97.979797979798,210.870062984176
-31.3131313131313,97.979797979798,311.196179378532
-29.2929292929293,97.979797979798,430.431532363337
-27.2727272727273,97.979797979798,570.605156951786
-25.2525252525252,97.979797979798,730.995206937359
-23.2323232323232,97.979797979798,914.337769530559
-21.2121212121212,97.979797979798,1115.32941115637
-19.1919191919192,97.979797979798,1341.74234853812
-17.1717171717172,97.979797979798,1584.47043803765
-15.1515151515151,97.979797979798,1840.78577738746
-13.1313131313131,97.979797979798,2114.67383713452
-11.1111111111111,97.979797979798,2405.9146438164
-9.09090909090908,97.979797979798,2714.46376130798
-7.07070707070706,97.979797979798,3052.20743988562
-5.05050505050504,97.979797979798,3415.52176247327
-3.03030303030303,97.979797979798,3793.95810927303
-1.01010101010101,97.979797979798,4195.27533829758
1.01010101010101,97.979797979798,4628.28557088073
3.03030303030303,97.979797979798,5051.70537188866
5.05050505050505,97.979797979798,5512.79316340077
7.07070707070707,97.979797979798,5989.58194468911
9.09090909090909,97.979797979798,6478.87835670861
11.1111111111111,97.979797979798,6986.71770314573
13.1313131313131,97.979797979798,7519.59547748703
15.1515151515152,97.979797979798,8070.84147868208
17.1717171717172,97.979797979798,8648.06808085892
19.1919191919192,97.979797979798,9250.58258169566
21.2121212121212,97.979797979798,9902.27282146024
23.2323232323232,97.979797979798,10613.7253460232
25.2525252525253,97.979797979798,11349.1710039844
27.2727272727273,97.979797979798,12113.8786369834
29.2929292929293,97.979797979798,12905.1733300766
31.3131313131313,97.979797979798,13746.9278622028
33.3333333333333,97.979797979798,14646.9425379836
35.3535353535354,97.979797979798,15564.6188983664
37.3737373737374,97.979797979798,16520.378856396
39.3939393939394,97.979797979798,17497.8391660376
41.4141414141414,97.979797979798,18497.8579065809
43.4343434343434,97.979797979798,19518.8460471064
45.4545454545455,97.979797979798,20566.1955975295
47.4747474747475,97.979797979798,21639.1284246064
49.4949494949495,97.979797979798,22758.7334996568
51.5151515151515,97.979797979798,23902.7218542584
53.5353535353536,97.979797979798,25076.8779917362
55.5555555555556,97.979797979798,26286.9679166112
57.5757575757576,97.979797979798,27532.2441176096
59.5959595959596,97.979797979798,28804.7060022605
61.6161616161616,97.979797979798,30121.089911756
63.6363636363637,97.979797979798,31466.7930681716
65.6565656565657,97.979797979798,32850.5593211922
67.6767676767677,97.979797979798,34297.9007929662
69.6969696969697,97.979797979798,35778.624356331
71.7171717171717,97.979797979798,37315.0645925075
73.7373737373738,97.979797979798,38878.9845280428
75.7575757575758,97.979797979798,40475.2475095794
77.7777777777778,97.979797979798,42102.5841502694
79.7979797979798,97.979797979798,43752.6922252444
81.8181818181818,97.979797979798,45481.9966388379
83.8383838383839,97.979797979798,47323.2612062385
85.8585858585859,97.979797979798,49221.1938797733
87.8787878787879,97.979797979798,51216.7511770021
89.8989898989899,97.979797979798,53303.002360725
91.919191919192,97.979797979798,55452.356452527
93.9393939393939,97.979797979798,57682.2263578187
95.959595959596,97.979797979798,60025.6328008727
97.979797979798,97.979797979798,62429.1249854265
100,97.979797979798,64911.5775771129
-100,100,5653.35252595233
-97.979797979798,100,5282.58725209462
-95.959595959596,100,4924.19769620427
-93.9393939393939,100,4582.87088711528
-91.9191919191919,100,4250.84528029918
-89.8989898989899,100,3929.69221418376
-87.8787878787879,100,3607.84225569119
-85.8585858585859,100,3303.24580815729
-83.8383838383838,100,3010.40506150523
-81.8181818181818,100,2729.12911379798
-79.7979797979798,100,2460.39460550556
-77.7777777777778,100,2207.56961648358
-75.7575757575758,100,1966.84398322468
-73.7373737373737,100,1741.36209076466
-71.7171717171717,100,1524.1569221798
-69.6969696969697,100,1310.26284748403
-67.6767676767677,100,1111.63404449576
-65.6565656565656,100,930.506879610652
-63.6363636363636,100,765.785414997743
-61.6161616161616,100,618.534369611291
-59.5959595959596,100,486.363785152283
-57.5757575757576,100,369.452417209335
-55.5555555555556,100,269.599002034509
-53.5353535353535,100,186.436369713417
-51.5151515151515,100,116.301172564575
-49.4949494949495,100,62.6778803638521
-47.4747474747475,100,25.7559560186162
-45.4545454545455,100,4.91559709855573
-43.4343434343434,100,0.523378931133365
-41.4141414141414,100,13.3749755104075
-39.3939393939394,100,43.620779627616
-37.3737373737374,100,92.9804642840413
-35.3535353535353,100,162.573069155581
-33.3333333333333,100,252.719276389495
-31.3131313131313,100,361.023722965214
-29.2929292929293,100,488.272466523503
-27.2727272727273,100,637.867999867325
-25.2525252525252,100,808.107485652495
-23.2323232323232,100,999.056041855409
-21.2121212121212,100,1209.91279116664
-19.1919191919192,100,1445.60735570102
-17.1717171717172,100,1695.38516458552
-15.1515151515151,100,1959.71157103539
-13.1313131313131,100,2241.88314956461
-11.1111111111111,100,2540.05427722991
-9.09090909090908,100,2859.01192416155
-7.07070707070706,100,3205.45134349626
-5.05050505050504,100,3577.71479442379
-3.03030303030303,100,3964.64872285811
-1.01010101010101,100,4374.86821938517
1.01010101010101,100,4816.84239524406
3.03030303030303,100,5248.86969711686
5.05050505050505,100,5718.85360753137
7.07070707070707,100,6204.3773602898
9.09090909090909,100,6704.2243416089
11.1111111111111,100,7218.56089793742
13.1313131313131,100,7760.04675259948
15.1515151515152,100,8319.47028953392
17.1717171717172,100,8904.58186372029
19.1919191919192,100,9514.08343553868
21.2121212121212,100,10164.7096751171
23.2323232323232,100,10882.7662330194
25.2525252525253,100,11627.161657484
27.2727272727273,100,12399.988205572
29.2929292929293,100,13198.525622896
31.3131313131313,100,14034.393295695
33.3333333333333,100,14945.2346195884
35.3535353535354,100,15873.6838614746
37.3737373737374,100,16833.2396622483
39.3939393939394,100,17826.2861710773
41.4141414141414,100,18836.2667351674
43.4343434343434,100,19869.7348277204
45.4545454545455,100,20924.8860654157
47.4747474747475,100,22008.0305145604
49.4949494949495,100,23123.7957580632
51.5151515151515,100,24283.7771630765
53.5353535353536,100,25463.6129747574
55.5555555555556,100,26678.5319517618
57.5757575757576,100,27932.125546555
59.5959595959596,100,29210.8272631927
61.6161616161616,100,30527.5567648257
63.6363636363637,100,31886.193777003
65.6565656565657,100,33270.9914950406
67.6767676767677,100,34703.9708934711
69.6969696969697,100,36193.1154070603
71.7171717171717,100,37720.6302612779
73.7373737373738,100,39295.4133247871
75.7575757575758,100,40900.8509284171
77.7777777777778,100,42537.2978304897
79.7979797979798,100,44204.6751793643
81.8181818181818,100,45897.986462036
83.8383838383839,100,47678.1487354207
85.8585858585859,100,49573.5608822927
87.8787878787879,100,51519.6804182247
89.8989898989899,100,53569.522307362
91.919191919192,100,55703.4734516663
93.9393939393939,100,57902.5615792304
95.959595959596,100,60184.0144925399
97.979797979798,100,62578.3985548849
100,100,65032.1023031145
