"SP500_lag2","IndexDiv_lag1","Loss"
-20,-20,2222.56100544949
-19.5959595959596,-20,2178.18971214135
-19.1919191919192,-20,2134.37014158433
-18.7878787878788,-20,2089.01644720144
-18.3838383838384,-20,2042.75061538651
-17.979797979798,-20,1996.35547084767
-17.5757575757576,-20,1949.8019060746
-17.1717171717172,-20,1903.82119686557
-16.7676767676768,-20,1857.03499402656
-16.3636363636364,-20,1808.0875357386
-15.959595959596,-20,1758.44279506851
-15.5555555555556,-20,1709.84370194812
-15.1515151515152,-20,1662.06621970486
-14.7474747474747,-20,1614.56350944558
-14.3434343434343,-20,1567.4776383514
-13.9393939393939,-20,1521.07278253833
-13.5353535353535,-20,1476.2479845921
-13.1313131313131,-20,1431.59038349915
-12.7272727272727,-20,1387.68203670852
-12.3232323232323,-20,1344.18959237719
-11.9191919191919,-20,1300.25783879491
-11.5151515151515,-20,1256.80711854849
-11.1111111111111,-20,1213.04628169857
-10.7070707070707,-20,1169.63290444008
-10.3030303030303,-20,1127.16761296694
-9.8989898989899,-20,1085.28066225769
-9.4949494949495,-20,1043.15259697528
-9.09090909090909,-20,1001.2347907749
-8.68686868686869,-20,960.081398591919
-8.28282828282828,-20,919.636698513364
-7.87878787878788,-20,879.243868068813
-7.47474747474748,-20,839.406544515101
-7.07070707070707,-20,799.480372192481
-6.66666666666667,-20,760.534380168733
-6.26262626262626,-20,721.480659556354
-5.85858585858586,-20,683.874573974742
-5.45454545454546,-20,647.720034685901
-5.05050505050505,-20,612.27279847797
-4.64646464646465,-20,577.685821446471
-4.24242424242424,-20,543.342400290023
-3.83838383838384,-20,510.018276972015
-3.43434343434344,-20,477.526728968104
-3.03030303030303,-20,445.849917883687
-2.62626262626263,-20,415.289186221976
-2.22222222222222,-20,385.178597586138
-1.81818181818182,-20,353.849964051431
-1.41414141414142,-20,323.381230694775
-1.01010101010101,-20,293.508573796505
-0.606060606060606,-20,265.797362586062
-0.202020202020201,-20,250.064315159535
0.202020202020201,-20,224.122659655782
0.606060606060606,-20,220.973866005233
1.01010101010101,-20,203.830833829686
1.41414141414142,-20,180.8252069896
1.81818181818182,-20,158.326132572013
2.22222222222222,-20,137.102659105863
2.62626262626263,-20,117.450611586464
3.03030303030303,-20,98.9810892152359
3.43434343434343,-20,82.1962457193332
3.83838383838384,-20,67.0109601137897
4.24242424242424,-20,53.1038040774133
4.64646464646465,-20,40.6806750626076
5.05050505050505,-20,29.9898481898893
5.45454545454545,-20,21.1475856286101
5.85858585858586,-20,13.6875654223994
6.26262626262626,-20,7.83825856863565
6.66666666666667,-20,3.64553501178262
7.07070707070707,-20,1.04434317308407
7.47474747474747,-20,0.01564633532955
7.87878787878788,-20,0.648025558382879
8.28282828282828,-20,3.03403291096294
8.68686868686869,-20,7.05759724576202
9.09090909090909,-20,12.7489567449966
9.4949494949495,-20,19.9896640295802
9.8989898989899,-20,28.6309390157821
10.3030303030303,-20,38.8628482657089
10.7070707070707,-20,50.625386899003
11.1111111111111,-20,63.7395849605352
11.5151515151515,-20,78.0817134510663
11.9191919191919,-20,93.9558181820006
12.3232323232323,-20,111.214385676427
12.7272727272727,-20,129.785187643835
13.1313131313131,-20,149.087711723069
13.5353535353535,-20,169.113062817949
13.9393939393939,-20,190.194612031992
14.3434343434343,-20,212.758142759224
14.7474747474747,-20,236.981170032016
15.1515151515151,-20,262.324877944863
15.5555555555556,-20,288.522417588705
15.959595959596,-20,315.932814031257
16.3636363636364,-20,344.612542262525
16.7676767676768,-20,374.43643051705
17.1717171717172,-20,405.382021292196
17.5757575757576,-20,439.020140795202
17.979797979798,-20,473.927897476942
18.3838383838384,-20,510.39002046059
18.7878787878788,-20,548.323054544951
19.1919191919192,-20,587.412500440688
19.5959595959596,-20,626.461741761475
20,-20,666.815163236617
-20,-19.5959595959596,2174.0153445807
-19.5959595959596,-19.5959595959596,2130.71269525166
-19.1919191919192,-19.5959595959596,2087.27362320499
-18.7878787878788,-19.5959595959596,2044.36126180407
-18.3838383838384,-19.5959595959596,1999.86813921116
-17.979797979798,-19.5959595959596,1954.53333048146
-17.5757575757576,-19.5959595959596,1909.13185694634
-17.1717171717172,-19.5959595959596,1863.54552363111
-16.7676767676768,-19.5959595959596,1818.61350513277
-16.3636363636364,-19.5959595959596,1772.34390013503
-15.959595959596,-19.5959595959596,1724.14758397379
-15.5555555555556,-19.5959595959596,1675.74479705642
-15.1515151515152,-19.5959595959596,1628.32944258777
-14.7474747474747,-19.5959595959596,1581.79360738233
-14.3434343434343,-19.5959595959596,1535.23671639527
-13.9393939393939,-19.5959595959596,1489.17504143361
-13.5353535353535,-19.5959595959596,1444.45741103905
-13.1313131313131,-19.5959595959596,1400.5042539805
-12.7272727272727,-19.5959595959596,1357.12169910363
-12.3232323232323,-19.5959595959596,1314.30660978486
-11.9191919191919,-19.5959595959596,1271.59548883482
-11.5151515151515,-19.5959595959596,1228.66038573781
-11.1111111111111,-19.5959595959596,1186.06479249146
-10.7070707070707,-19.5959595959596,1143.3222024637
-10.3030303030303,-19.5959595959596,1101.22902558762
-9.8989898989899,-19.5959595959596,1060.10415795654
-9.4949494949495,-19.5959595959596,1019.03693798341
-9.09090909090909,-19.5959595959596,977.759991862746
-8.68686868686869,-19.5959595959596,937.024591663682
-8.28282828282828,-19.5959595959596,897.279876583008
-7.87878787878788,-19.5959595959596,857.58800354138
-7.47474747474748,-19.5959595959596,818.446486613317
-7.07070707070707,-19.5959595959596,779.357516946173
-6.66666666666667,-19.5959595959596,740.914886031401
-6.26262626262626,-19.5959595959596,702.641898931212
-5.85858585858586,-19.5959595959596,665.41206219512
-5.45454545454546,-19.5959595959596,629.606522473085
-5.05050505050505,-19.5959595959596,594.810312709126
-4.64646464646465,-19.5959595959596,560.799615260685
-4.24242424242424,-19.5959595959596,527.128644934556
-3.83838383838384,-19.5959595959596,494.239468453233
-3.43434343434344,-19.5959595959596,462.359761318519
-3.03030303030303,-19.5959595959596,431.202484894215
-2.62626262626263,-19.5959595959596,401.156551677407
-2.22222222222222,-19.5959595959596,371.84686688098
-1.81818181818182,-19.5959595959596,341.118414030723
-1.41414141414142,-19.5959595959596,311.239041202718
-1.01010101010101,-19.5959595959596,281.983250119642
-0.606060606060606,-19.5959595959596,254.832929816722
-0.202020202020201,-19.5959595959596,239.432509078487
0.202020202020201,-19.5959595959596,214.061453903993
0.606060606060606,-19.5959595959596,210.996785938935
1.01010101010101,-19.5959595959596,194.279851618861
1.41414141414142,-19.5959595959596,171.803507102021
1.81818181818182,-19.5959595959596,149.819274290364
2.22222222222222,-19.5959595959596,129.201720101265
2.62626262626263,-19.5959595959596,110.078993481867
3.03030303030303,-19.5959595959596,92.2366154587823
3.43434343434343,-19.5959595959596,76.0663899807376
3.83838383838384,-19.5959595959596,61.4830388894135
4.24242424242424,-19.5959595959596,48.1211783594136
4.64646464646465,-19.5959595959596,36.3080439674645
5.05050505050505,-19.5959595959596,26.359461810592
5.45454545454545,-19.5959595959596,18.1253572666976
5.85858585858586,-19.5959595959596,11.2028819516481
6.26262626262626,-19.5959595959596,6.00973485049924
6.66666666666667,-19.5959595959596,2.45770455339818
7.07070707070707,-19.5959595959596,0.456933434556184
7.47474747474747,-19.5959595959596,0.0557736674191862
7.87878787878788,-19.5959595959596,1.37004169730724
8.28282828282828,-19.5959595959596,4.39656178889797
8.68686868686869,-19.5959595959596,9.06815246638377
9.09090909090909,-19.5959595959596,15.3966145846387
9.4949494949495,-19.5959595959596,23.129508551448
9.8989898989899,-19.5959595959596,32.3553538697834
10.3030303030303,-19.5959595959596,43.1883457459386
10.7070707070707,-19.5959595959596,55.5130561227021
11.1111111111111,-19.5959595959596,68.9761513806215
11.5151515151515,-19.5959595959596,83.9435499505702
11.9191919191919,-19.5959595959596,100.272039996721
12.3232323232323,-19.5959595959596,118.053650509538
12.7272727272727,-19.5959595959596,136.824350773931
13.1313131313131,-19.5959595959596,156.080984157609
13.5353535353535,-19.5959595959596,176.385852357459
13.9393939393939,-19.5959595959596,198.056334738313
14.3434343434343,-19.5959595959596,221.322855881822
14.7474747474747,-19.5959595959596,245.965033279285
15.1515151515151,-19.5959595959596,271.393242208226
15.5555555555556,-19.5959595959596,298.016488496071
15.959595959596,-19.5959595959596,325.892095274366
16.3636363636364,-19.5959595959596,354.912153135382
16.7676767676768,-19.5959595959596,385.002553407651
17.1717171717172,-19.5959595959596,417.711717528221
17.5757575757576,-19.5959595959596,451.812816353451
17.979797979798,-19.5959595959596,487.398168987958
18.3838383838384,-19.5959595959596,524.482449210818
18.7878787878788,-19.5959595959596,562.735327844796
19.1919191919192,-19.5959595959596,600.970374715496
19.5959595959596,-19.5959595959596,640.494556786265
20,-19.5959595959596,680.834370643379
-20,-19.1919191919192,2125.8590363794
-19.5959595959596,-19.1919191919192,2083.18455821003
-19.1919191919192,-19.1919191919192,2040.80213381937
-18.7878787878788,-19.1919191919192,1998.29421842615
-18.3838383838384,-19.1919191919192,1956.27382954446
-17.979797979798,-19.1919191919192,1912.66539532326
-17.5757575757576,-19.1919191919192,1868.26218769633
-17.1717171717172,-19.1919191919192,1823.85422303637
-16.7676767676768,-19.1919191919192,1779.25463536002
-16.3636363636364,-19.1919191919192,1735.29547825191
-15.959595959596,-19.1919191919192,1689.59263940015
-15.5555555555556,-19.1919191919192,1642.23852535662
-15.1515151515152,-19.1919191919192,1595.13206706551
-14.7474747474747,-19.1919191919192,1548.8555045936
-14.3434343434343,-19.1919191919192,1503.50683924261
-13.9393939393939,-19.1919191919192,1457.93894121155
-13.5353535353535,-19.1919191919192,1412.80897400282
-13.1313131313131,-19.1919191919192,1369.76612450839
-12.7272727272727,-19.1919191919192,1326.80936178875
-12.3232323232323,-19.1919191919192,1284.59273127642
-11.9191919191919,-19.1919191919192,1242.86281390295
-11.5151515151515,-19.1919191919192,1200.85435523325
-11.1111111111111,-19.1919191919192,1159.1072534366
-10.7070707070707,-19.1919191919192,1117.22741340575
-10.3030303030303,-19.1919191919192,1075.60888845678
-9.8989898989899,-19.1919191919192,1034.89322300655
-9.4949494949495,-19.1919191919192,994.752793834889
-9.09090909090909,-19.1919191919192,954.39736865014
-8.68686868686869,-19.1919191919192,914.255401970588
-8.28282828282828,-19.1919191919192,874.984431005046
-7.87878787878788,-19.1919191919192,836.198417311928
-7.47474747474748,-19.1919191919192,797.713401816758
-7.07070707070707,-19.1919191919192,759.491145124786
-6.66666666666667,-19.1919191919192,721.45862990776
-6.26262626262626,-19.1919191919192,684.111420282441
-5.85858585858586,-19.1919191919192,647.224411686708
-5.45454545454546,-19.1919191919192,611.822445422994
-5.05050505050505,-19.1919191919192,577.586895825946
-4.64646464646465,-19.1919191919192,544.097054948142
-4.24242424242424,-19.1919191919192,511.110203123558
-3.83838383838384,-19.1919191919192,478.708673938316
-3.43434343434344,-19.1919191919192,447.427795689037
-3.03030303030303,-19.1919191919192,416.799769961736
-2.62626262626263,-19.1919191919192,387.268870931942
-2.22222222222222,-19.1919191919192,358.630221918767
-1.81818181818182,-19.1919191919192,328.620604687113
-1.41414141414142,-19.1919191919192,299.328991488256
-1.01010101010101,-19.1919191919192,270.688201369881
-0.606060606060606,-19.1919191919192,244.099611541961
-0.202020202020201,-19.1919191919192,229.031420732596
0.202020202020201,-19.1919191919192,204.231240823678
0.606060606060606,-19.1919191919192,201.24974092687
1.01010101010101,-19.1919191919192,184.955495720829
1.41414141414142,-19.1919191919192,163.002697409195
1.81818181818182,-19.1919191919192,141.543448831123
2.22222222222222,-19.1919191919192,121.534256033903
2.62626262626263,-19.1919191919192,102.942629234551
3.03030303030303,-19.1919191919192,85.733191841467
3.43434343434343,-19.1919191919192,70.173966095131
3.83838383838384,-19.1919191919192,56.1794043402666
4.24242424242424,-19.1919191919192,43.3839500054094
4.64646464646465,-19.1919191919192,32.1828024917223
5.05050505050505,-19.1919191919192,22.9624438219964
5.45454545454545,-19.1919191919192,15.277417145214
5.85858585858586,-19.1919191919192,8.99263126391105
6.26262626262626,-19.1919191919192,4.43485802133139
6.66666666666667,-19.1919191919192,1.49344771983113
7.07070707070707,-19.1919191919192,0.109073200877857
7.47474747474747,-19.1919191919192,0.356904126876117
7.87878787878788,-19.1919191919192,2.35666823894364
8.28282828282828,-19.1919191919192,6.00681790154061
8.68686868686869,-19.1919191919192,11.3233585230863
9.09090909090909,-19.1919191919192,18.1961387270029
9.4949494949495,-19.1919191919192,26.4742490023421
9.8989898989899,-19.1919191919192,36.3430321888996
10.3030303030303,-19.1919191919192,47.7501743045091
10.7070707070707,-19.1919191919192,60.4342785624931
11.1111111111111,-19.1919191919192,74.4436892722743
11.5151515151515,-19.1919191919192,89.9126358411007
11.9191919191919,-19.1919191919192,106.809920305319
12.3232323232323,-19.1919191919192,124.930639301148
12.7272727272727,-19.1919191919192,143.52719942126
13.1313131313131,-19.1919191919192,163.098244855341
13.5353535353535,-19.1919191919192,183.881992426977
13.9393939393939,-19.1919191919192,206.199539502372
14.3434343434343,-19.1919191919192,230.19056708317
14.7474747474747,-19.1919191919192,254.793083696736
15.1515151515151,-19.1919191919192,280.623493612786
15.5555555555556,-19.1919191919192,307.649659741887
15.959595959596,-19.1919191919192,335.910204550669
16.3636363636364,-19.1919191919192,365.214833269484
16.7676767676768,-19.1919191919192,396.933126088268
17.1717171717172,-19.1919191919192,430.224932401673
17.5757575757576,-19.1919191919192,464.936596175444
17.979797979798,-19.1919191919192,501.172223661773
18.3838383838384,-19.1919191919192,538.587769576575
18.7878787878788,-19.1919191919192,576.008379104667
19.1919191919192,-19.1919191919192,614.703265637026
19.5959595959596,-19.1919191919192,654.185987369993
20,-19.1919191919192,694.10868826298
-20,-18.7878787878788,2078.2671123225
-19.5959595959596,-18.7878787878788,2036.05066657907
-19.1919191919192,-18.7878787878788,1994.29057753087
-18.7878787878788,-18.7878787878788,1952.82799508705
-18.3838383838384,-18.7878787878788,1911.2542562574
-17.979797979798,-18.7878787878788,1870.1212244132
-17.5757575757576,-18.7878787878788,1827.40386286116
-17.1717171717172,-18.7878787878788,1783.93886598474
-16.7676767676768,-18.7878787878788,1740.40082237306
-16.3636363636364,-18.7878787878788,1696.91316109579
-15.959595959596,-18.7878787878788,1653.89659148984
-15.5555555555556,-18.7878787878788,1608.81937279828
-15.1515151515152,-18.7878787878788,1562.32453740818
-14.7474747474747,-18.7878787878788,1516.4698442485
-14.3434343434343,-18.7878787878788,1471.39880724486
-13.9393939393939,-18.7878787878788,1426.94659196181
-13.5353535353535,-18.7878787878788,1382.63797222703
-13.1313131313131,-18.7878787878788,1339.00778598761
-12.7272727272727,-18.7878787878788,1296.9904984792
-12.3232323232323,-18.7878787878788,1255.17696400619
-11.9191919191919,-18.7878787878788,1214.03949088288
-11.5151515151515,-18.7878787878788,1173.23172996213
-11.1111111111111,-18.7878787878788,1132.06321999859
-10.7070707070707,-18.7878787878788,1091.33984805777
-10.3030303030303,-18.7878787878788,1050.39266211424
-9.8989898989899,-18.7878787878788,1010.04557381417
-9.4949494949495,-18.7878787878788,970.670698198871
-9.09090909090909,-18.7878787878788,931.345300450239
-8.68686868686869,-18.7878787878788,891.881779582387
-8.28282828282828,-18.7878787878788,852.979838991626
-7.87878787878788,-18.7878787878788,815.043451613978
-7.47474747474748,-18.7878787878788,777.088488537011
-7.07070707070707,-18.7878787878788,739.729874753468
-6.66666666666667,-18.7878787878788,702.335040280544
-6.26262626262626,-18.7878787878788,665.831125304542
-5.85858585858586,-18.7878787878788,629.315955440294
-5.45454545454546,-18.7878787878788,594.301888624564
-5.05050505050505,-18.7878787878788,560.615433977433
-4.64646464646465,-18.7878787878788,527.633066803035
-4.24242424242424,-18.7878787878788,495.335859725163
-3.83838383838384,-18.7878787878788,463.426382119558
-3.43434343434344,-18.7878787878788,432.735046474259
-3.03030303030303,-18.7878787878788,402.641769083781
-2.62626262626263,-18.7878787878788,373.62620171139
-2.22222222222222,-18.7878787878788,345.563726317843
-1.81818181818182,-18.7878787878788,316.33615405628
-1.41414141414142,-18.7878787878788,287.651740236942
-1.01010101010101,-18.7878787878788,259.62438452527
-0.606060606060606,-18.7878787878788,233.598649621021
-0.202020202020201,-18.7878787878788,218.861234981111
0.202020202020201,-18.7878787878788,194.632237180877
0.606060606060606,-18.7878787878788,191.733422314581
1.01010101010101,-18.7878787878788,175.851607364215
1.41414141414142,-18.7878787878788,154.381268573316
1.81818181818182,-18.7878787878788,133.500708672691
2.22222222222222,-18.7878787878788,114.093778331166
2.62626262626263,-18.7878787878788,96.0462648498703
3.03030303030303,-18.7878787878788,79.47462198461
3.43434343434343,-18.7878787878788,64.526284361943
3.83838383838384,-18.7878787878788,51.0405242937418
4.24242424242424,-18.7878787878788,38.8897420756216
4.64646464646465,-18.7878787878788,28.3886411825198
5.05050505050505,-18.7878787878788,19.7978236063743
5.45454545454545,-18.7878787878788,12.6310217640098
5.85858585858586,-18.7878787878788,7.04089670244604
6.26262626262626,-18.7878787878788,3.11147736555826
6.66666666666667,-18.7878787878788,0.765172140365888
7.07070707070707,-18.7878787878788,0.000849405795745933
7.47474747474747,-18.7878787878788,0.925313603488437
7.87878787878788,-18.7878787878788,3.57767678837849
8.28282828282828,-18.7878787878788,7.87242267775601
8.68686868686869,-18.7878787878788,13.8280805058957
9.09090909090909,-18.7878787878788,21.1953727053157
9.4949494949495,-18.7878787878788,30.064850771595
9.8989898989899,-18.7878787878788,40.5300082831857
10.3030303030303,-18.7878787878788,52.4539010645746
10.7070707070707,-18.7878787878788,65.5252472550306
11.1111111111111,-18.7878787878788,80.1410306921598
11.5151515151515,-18.7878787878788,96.1260631791365
11.9191919191919,-18.7878787878788,113.447337241891
12.3232323232323,-18.7878787878788,131.499110996757
12.7272727272727,-18.7878787878788,150.318807823401
13.1313131313131,-18.7878787878788,170.255141975895
13.5353535353535,-18.7878787878788,191.671358280391
13.9393939393939,-18.7878787878788,214.829790761834
14.3434343434343,-18.7878787878788,238.724715186424
14.7474747474747,-18.7878787878788,263.753112792919
15.1515151515151,-18.7878787878788,289.947422360984
15.5555555555556,-18.7878787878788,317.431163587475
15.959595959596,-18.7878787878788,345.961612192582
16.3636363636364,-18.7878787878788,376.688234084647
16.7676767676768,-18.7878787878788,409.158932469383
17.1717171717172,-18.7878787878788,443.004630246939
17.5757575757576,-18.7878787878788,478.39150819862
17.979797979798,-18.7878787878788,514.969473480653
18.3838383838384,-18.7878787878788,551.57611917987
18.7878787878788,-18.7878787878788,589.442164560989
19.1919191919192,-18.7878787878788,628.069108301444
19.5959595959596,-18.7878787878788,667.161851002699
20,-18.7878787878788,707.019234987111
-20,-18.3838383838384,2031.66649050958
-19.5959595959596,-18.3838383838384,1989.47823624582
-19.1919191919192,-18.3838383838384,1948.1777713278
-18.7878787878788,-18.3838383838384,1907.33682466018
-18.3838383838384,-18.3838383838384,1866.79335846029
-17.979797979798,-18.3838383838384,1826.15038626781
-17.5757575757576,-18.3838383838384,1785.90765356064
-17.1717171717172,-18.3838383838384,1744.0888202779
-16.7676767676768,-18.3838383838384,1701.56363489183
-16.3636363636364,-18.3838383838384,1658.98339217294
-15.959595959596,-18.3838383838384,1616.52272499341
-15.5555555555556,-18.3838383838384,1574.41935685448
-15.1515151515152,-18.3838383838384,1530.02054196222
-14.7474747474747,-18.3838383838384,1484.41547718715
-14.3434343434343,-18.3838383838384,1439.76238350051
-13.9393939393939,-18.3838383838384,1395.92858693608
-13.5353535353535,-18.3838383838384,1352.37228919661
-13.1313131313131,-18.3838383838384,1309.26532273189
-12.7272727272727,-18.3838383838384,1267.18922128342
-12.3232323232323,-18.3838383838384,1226.05702276904
-11.9191919191919,-18.3838383838384,1185.47262580055
-11.5151515151515,-18.3838383838384,1145.47884159207
-11.1111111111111,-18.3838383838384,1105.37494046248
-10.7070707070707,-18.3838383838384,1065.3587540911
-10.3030303030303,-18.3838383838384,1025.35093504499
-9.8989898989899,-18.3838383838384,985.523326499358
-9.4949494949495,-18.3838383838384,946.559032705107
-9.09090909090909,-18.3838383838384,908.166430356005
-8.68686868686869,-18.3838383838384,869.585527510617
-8.28282828282828,-18.3838383838384,831.254703780538
-7.87878787878788,-18.3838383838384,793.836193742807
-7.47474747474748,-18.3838383838384,756.736541153915
-7.07070707070707,-18.3838383838384,720.053628838506
-6.66666666666667,-18.3838383838384,683.482879894279
-6.26262626262626,-18.3838383838384,647.501805182202
-5.85858585858586,-18.3838383838384,611.720355723916
-5.45454545454546,-18.3838383838384,577.059496672984
-5.05050505050505,-18.3838383838384,543.859412113165
-4.64646464646465,-18.3838383838384,511.421238031227
-4.24242424242424,-18.3838383838384,479.785956336775
-3.83838383838384,-18.3838383838384,448.448706766804
-3.43434343434344,-18.3838383838384,418.287583597979
-3.03030303030303,-18.3838383838384,388.724792911566
-2.62626262626263,-18.3838383838384,360.227872388187
-2.22222222222222,-18.3838383838384,332.715349574947
-1.81818181818182,-18.3838383838384,304.282445218672
-1.41414141414142,-18.3838383838384,276.206182375438
-1.01010101010101,-18.3838383838384,248.791535578788
-0.606060606060606,-18.3838383838384,223.328894152523
-0.202020202020201,-18.3838383838384,208.922121127473
0.202020202020201,-18.3838383838384,185.264041887605
0.606060606060606,-18.3838383838384,182.447735330485
1.01010101010101,-18.3838383838384,166.976281940592
1.41414141414142,-18.3838383838384,145.994836263778
1.81818181818182,-18.3838383838384,125.66976605064
2.22222222222222,-18.3838383838384,106.88468045779
2.62626262626263,-18.3838383838384,89.3981408800835
3.03030303030303,-18.3838383838384,73.4496344653319
3.43434343434343,-18.3838383838384,59.1300867129076
3.83838383838384,-18.3838383838384,46.1511420933313
4.24242424242424,-18.3838383838384,34.6245790760974
4.64646464646465,-18.3838383838384,24.852736126459
5.05050505050505,-18.3838383838384,16.8778834335958
5.45454545454545,-18.3838383838384,10.2474064677426
5.85858585858586,-18.3838383838384,5.31321306517782
6.26262626262626,-18.3838383838384,2.02247053936961
6.66666666666667,-18.3838383838384,0.281068201499795
7.07070707070707,-18.3838383838384,0.152407858509311
7.47474747474747,-18.3838383838384,1.76310496303078
7.87878787878788,-18.3838383838384,5.040698039753
8.28282828282828,-18.3838383838384,9.9822288596941
8.68686868686869,-18.3838383838384,16.4869105293915
9.09090909090909,-18.3838383838384,24.4020321886566
9.4949494949495,-18.3838383838384,33.9077176801975
9.8989898989899,-18.3838383838384,44.950118863418
10.3030303030303,-18.3838383838384,57.2169840655718
10.7070707070707,-18.3838383838384,70.8924834305791
11.1111111111111,-18.3838383838384,85.9748009431455
11.5151515151515,-18.3838383838384,102.496874841094
11.9191919191919,-18.3838383838384,119.997899633633
12.3232323232323,-18.3838383838384,138.060685665576
12.7272727272727,-18.3838383838384,157.164071835163
13.1313131313131,-18.3838383838384,177.723656692349
13.5353535353535,-18.3838383838384,199.942200006692
13.9393939393939,-18.3838383838384,223.179396437907
14.3434343434343,-18.3838383838384,247.39943514822
14.7474747474747,-18.3838383838384,272.794820753763
15.1515151515151,-18.3838383838384,299.475084558757
15.5555555555556,-18.3838383838384,327.233926062844
15.959595959596,-18.3838383838384,356.977257400959
16.3636363636364,-18.3838383838384,388.621332784398
16.7676767676768,-18.3838383838384,421.602288873724
17.1717171717172,-18.3838383838384,456.140896688469
17.5757575757576,-18.3838383838384,491.881218657353
17.979797979798,-18.3838383838384,527.6826029961
18.3838383838384,-18.3838383838384,564.711423078078
18.7878787878788,-18.3838383838384,602.484605654039
19.1919191919192,-18.3838383838384,640.748005484231
19.5959595959596,-18.3838383838384,679.797599017157
20,-18.3838383838384,719.88170115344
-20,-17.979797979798,1986.13349089981
-19.5959595959596,-17.979797979798,1943.96229187324
-19.1919191919192,-17.979797979798,1902.62863221049
-18.7878787878788,-17.979797979798,1862.24382325032
-18.3838383838384,-17.979797979798,1822.31665064001
-17.979797979798,-17.979797979798,1782.69748955704
-17.5757575757576,-17.979797979798,1742.98656588727
-17.1717171717172,-17.979797979798,1703.63633365537
-16.7676767676768,-17.979797979798,1662.71666496266
-16.3636363636364,-17.979797979798,1621.13427637367
-15.959595959596,-17.979797979798,1579.50320306192
-15.5555555555556,-17.979797979798,1538.08180838539
-15.1515151515152,-17.979797979798,1496.67059189741
-14.7474747474747,-17.979797979798,1452.98704649512
-14.3434343434343,-17.979797979798,1408.498691277
-13.9393939393939,-17.979797979798,1365.04507718488
-13.5353535353535,-17.979797979798,1322.44514392592
-13.1313131313131,-17.979797979798,1279.88092336658
-12.7272727272727,-17.979797979798,1237.72035320562
-12.3232323232323,-17.979797979798,1197.29996633911
-11.9191919191919,-17.979797979798,1157.16878746838
-11.5151515151515,-17.979797979798,1117.74922917181
-11.1111111111111,-17.979797979798,1078.77195490311
-10.7070707070707,-17.979797979798,1039.44466840561
-10.3030303030303,-17.979797979798,1000.55629790046
-9.8989898989899,-17.979797979798,961.403200774531
-9.4949494949495,-17.979797979798,922.801602029402
-9.09090909090909,-17.979797979798,885.177036421064
-8.68686868686869,-17.979797979798,847.571063395417
-8.28282828282828,-17.979797979798,809.902632808354
-7.87878787878788,-17.979797979798,772.883566670652
-7.47474747474748,-17.979797979798,736.660552219072
-7.07070707070707,-17.979797979798,700.556884653178
-6.66666666666667,-17.979797979798,664.884238370043
-6.26262626262626,-17.979797979798,629.330405641349
-5.85858585858586,-17.979797979798,594.422138358743
-5.45454545454546,-17.979797979798,560.131142777491
-5.05050505050505,-17.979797979798,527.27684529747
-4.64646464646465,-17.979797979798,495.470266244842
-4.24242424242424,-17.979797979798,464.456907011213
-3.83838383838384,-17.979797979798,433.731596861121
-3.43434343434344,-17.979797979798,404.034644792976
-3.03030303030303,-17.979797979798,375.062774697776
-2.62626262626263,-17.979797979798,347.07432537744
-2.22222222222222,-17.979797979798,320.110103467892
-1.81818181818182,-17.979797979798,292.4625404663
-1.41414141414142,-17.979797979798,264.986271353594
-1.01010101010101,-17.979797979798,238.189293512251
-0.606060606060606,-17.979797979798,213.289959682989
-0.202020202020201,-17.979797979798,199.213990631011
0.202020202020201,-17.979797979798,176.127128081055
0.606060606060606,-17.979797979798,173.392140890576
1.01010101010101,-17.979797979798,158.331172555749
1.41414141414142,-17.979797979798,137.839932066245
1.81818181818182,-17.979797979798,118.055078647407
2.22222222222222,-17.979797979798,99.9108314314648
2.62626262626263,-17.979797979798,82.9724419551168
3.03030303030303,-17.979797979798,67.6616988866811
3.43434343434343,-17.979797979798,53.9476063584182
3.83838383838384,-17.979797979798,41.514390865163
4.24242424242424,-17.979797979798,30.5990359375684
4.64646464646465,-17.979797979798,21.5605981411486
5.05050505050505,-17.979797979798,14.1558106605636
5.45454545454545,-17.979797979798,8.13705095607529
5.85858585858586,-17.979797979798,3.84311512359152
6.26262626262626,-17.979797979798,1.15560149757852
6.66666666666667,-17.979797979798,0.0316399398258373
7.07070707070707,-17.979797979798,0.567580679752345
7.47474747474747,-17.979797979798,2.84309417232505
7.87878787878788,-17.979797979798,6.76097050056425
8.28282828282828,-17.979797979798,12.3428814141809
8.68686868686869,-17.979797979798,19.3456949197514
9.09090909090909,-17.979797979798,27.8597093474726
9.4949494949495,-17.979797979798,37.9556625478912
9.8989898989899,-17.979797979798,49.459528023899
10.3030303030303,-17.979797979798,62.1854719766599
10.7070707070707,-17.979797979798,76.4102865903205
11.1111111111111,-17.979797979798,92.0382832018624
11.5151515151515,-17.979797979798,108.910910272365
11.9191919191919,-17.979797979798,126.279932542767
12.3232323232323,-17.979797979798,144.648992615348
12.7272727272727,-17.979797979798,164.308797845863
13.1313131313131,-17.979797979798,185.581327110354
13.5353535353535,-17.979797979798,208.144165234961
13.9393939393939,-17.979797979798,231.557003427277
14.3434343434343,-17.979797979798,256.165097522516
14.7474747474747,-17.979797979798,282.041373332625
15.1515151515151,-17.979797979798,309.025182033221
15.5555555555556,-17.979797979798,337.795659553394
15.959595959596,-17.979797979798,368.612895163855
16.3636363636364,-17.979797979798,400.730429726131
16.7676767676768,-17.979797979798,434.419655881383
17.1717171717172,-17.979797979798,469.321895442351
17.5757575757576,-17.979797979798,504.317783266802
17.979797979798,-17.979797979798,540.509598625007
18.3838383838384,-17.979797979798,577.431997486403
18.7878787878788,-17.979797979798,614.868221764189
19.1919191919192,-17.979797979798,653.110441744182
19.5959595959596,-17.979797979798,692.486733909638
20,-17.979797979798,734.037856533971
-20,-17.5757575757576,1941.18778672394
-19.5959595959596,-17.5757575757576,1899.42789753498
-19.1919191919192,-17.5757575757576,1858.1924658777
-18.7878787878788,-17.5757575757576,1817.71660623603
-18.3838383838384,-17.5757575757576,1778.24749037811
-17.979797979798,-17.5757575757576,1739.23800718114
-17.5757575757576,-17.5757575757576,1700.53877022542
-17.1717171717172,-17.5757575757576,1661.75986084011
-16.7676767676768,-17.5757575757576,1623.29112263822
-16.3636363636364,-17.5757575757576,1583.28837534295
-15.959595959596,-17.5757575757576,1542.65207939228
-15.5555555555556,-17.5757575757576,1501.95560920047
-15.1515151515152,-17.5757575757576,1461.5931267895
-14.7474747474747,-17.5757575757576,1420.77628674438
-14.3434343434343,-17.5757575757576,1377.82227650561
-13.9393939393939,-17.5757575757576,1334.61155068876
-13.5353535353535,-17.5757575757576,1292.34238091822
-13.1313131313131,-17.5757575757576,1250.91366881944
-12.7272727272727,-17.5757575757576,1209.38977316452
-12.3232323232323,-17.5757575757576,1168.54353749222
-11.9191919191919,-17.5757575757576,1129.33281310415
-11.5151515151515,-17.5757575757576,1090.3309117787
-11.1111111111111,-17.5757575757576,1051.99902678497
-10.7070707070707,-17.5757575757576,1013.85596203407
-10.3030303030303,-17.5757575757576,975.552964450008
-9.8989898989899,-17.5757575757576,937.415582266019
-9.4949494949495,-17.5757575757576,899.377001341453
-9.09090909090909,-17.5757575757576,862.164001851572
-8.68686868686869,-17.5757575757576,825.522277641143
-8.28282828282828,-17.5757575757576,788.709451190147
-7.87878787878788,-17.5757575757576,752.209907945431
-7.47474747474748,-17.5757575757576,716.641932722525
-7.07070707070707,-17.5757575757576,681.241403939917
-6.66666666666667,-17.5757575757576,646.353697056909
-6.26262626262626,-17.5757575757576,611.480167170536
-5.85858585858586,-17.5757575757576,577.406944433082
-5.45454545454546,-17.5757575757576,543.45800175216
-5.05050505050505,-17.5757575757576,511.020688149473
-4.64646464646465,-17.5757575757576,479.76431526773
-4.24242424242424,-17.5757575757576,449.287619499114
-3.83838383838384,-17.5757575757576,419.258071785942
-3.43434343434344,-17.5757575757576,390.006766180943
-3.03030303030303,-17.5757575757576,361.651897858868
-2.62626262626263,-17.5757575757576,334.164994807192
-2.22222222222222,-17.5757575757576,307.748740089913
-1.81818181818182,-17.5757575757576,280.874349628161
-1.41414141414142,-17.5757575757576,253.990969613297
-1.01010101010101,-17.5757575757576,227.817961766173
-0.606060606060606,-17.5757575757576,203.481739325386
-0.202020202020201,-17.5757575757576,189.736920365588
0.202020202020201,-17.5757575757576,167.221083622535
0.606060606060606,-17.5757575757576,164.567181963777
1.01010101010101,-17.5757575757576,149.913420461396
1.41414141414142,-17.5757575757576,129.90985404739
1.81818181818182,-17.5757575757576,110.701793122186
2.22222222222222,-17.5757575757576,93.1578713593664
2.62626262626263,-17.5757575757576,76.8016765569186
3.03030303030303,-17.5757575757576,62.1113034281396
3.43434343434343,-17.5757575757576,48.9967884481599
3.83838383838384,-17.5757575757576,37.1231311152431
4.24242424242424,-17.5757575757576,26.837254062045
4.64646464646465,-17.5757575757576,18.4954967620397
5.05050505050505,-17.5757575757576,11.6169078844825
5.45454545454545,-17.5757575757576,6.28619032635416
5.85858585858586,-17.5757575757576,2.61999513991558
6.26262626262626,-17.5757575757576,0.530363015606272
6.66666666666667,-17.5757575757576,0.0336261876486317
7.07070707070707,-17.5757575757576,1.25188568674559
7.47474747474747,-17.5757575757576,4.15923073793803
7.87878787878788,-17.5757575757576,8.72560632608721
8.28282828282828,-17.5757575757576,14.8619519390509
8.68686868686869,-17.5757575757576,22.4142302791425
9.09090909090909,-17.5757575757576,31.5569155204798
9.4949494949495,-17.5757575757576,42.2261630002537
9.8989898989899,-17.5757575757576,54.0857785232436
10.3030303030303,-17.5757575757576,67.4241310841611
10.7070707070707,-17.5757575757576,82.1336086865198
11.1111111111111,-17.5757575757576,98.2081545066104
11.5151515151515,-17.5757575757576,115.014342467134
11.9191919191919,-17.5757575757576,132.631343693627
12.3232323232323,-17.5757575757576,151.421811414666
12.7272727272727,-17.5757575757576,171.755561958988
13.1313131313131,-17.5757575757576,193.60477226854
13.5353535353535,-17.5757575757576,216.238594647299
13.9393939393939,-17.5757575757576,240.058613144479
14.3434343434343,-17.5757575757576,265.130810383228
14.7474747474747,-17.5757575757576,291.340841097804
15.1515151515151,-17.5757575757576,319.145235949769
15.5555555555556,-17.5757575757576,349.133019961468
15.959595959596,-17.5757575757576,380.388336080194
16.3636363636364,-17.5757575757576,413.228441482049
16.7676767676768,-17.5757575757576,447.292674549593
17.1717171717172,-17.5757575757576,481.482436878582
17.5757575757576,-17.5757575757576,516.839103435195
17.979797979798,-17.5757575757576,552.911289700792
18.3838383838384,-17.5757575757576,589.521538168465
18.7878787878788,-17.5757575757576,626.957279669395
19.1919191919192,-17.5757575757576,665.635287878088
19.5959595959596,-17.5757575757576,706.452951217191
20,-17.5757575757576,748.477323152582
-20,-17.1717171717172,1896.6288835802
-19.5959595959596,-17.1717171717172,1855.52063181548
-19.1919191919192,-17.1717171717172,1814.65703958283
-18.7878787878788,-17.1717171717172,1774.35802167179
-18.3838383838384,-17.1717171717172,1734.74315668508
-17.979797979798,-17.1717171717172,1696.19164571363
-17.5757575757576,-17.1717171717172,1658.09818362846
-17.1717171717172,-17.1717171717172,1620.31788227431
-16.7676767676768,-17.1717171717172,1582.47246321647
-16.3636363636364,-17.1717171717172,1544.87723328798
-15.959595959596,-17.1717171717172,1505.76694461012
-15.5555555555556,-17.1717171717172,1466.09455011531
-15.1515151515152,-17.1717171717172,1426.36045342405
-14.7474747474747,-17.1717171717172,1387.05400989707
-14.3434343434343,-17.1717171717172,1346.82022692189
-13.9393939393939,-17.1717171717172,1304.70547151049
-13.5353535353535,-17.1717171717172,1262.77650316186
-13.1313131313131,-17.1717171717172,1221.67630855019
-12.7272727272727,-17.1717171717172,1181.15171882864
-12.3232323232323,-17.1717171717172,1140.89570660661
-11.9191919191919,-17.1717171717172,1101.51842900783
-11.5151515151515,-17.1717171717172,1063.20953269161
-11.1111111111111,-17.1717171717172,1025.42398252911
-10.7070707070707,-17.1717171717172,988.204065596829
-10.3030303030303,-17.1717171717172,950.78249028811
-9.8989898989899,-17.1717171717172,913.67519994075
-9.4949494949495,-17.1717171717172,876.332702152794
-9.09090909090909,-17.1717171717172,839.497506065421
-8.68686868686869,-17.1717171717172,803.624025985164
-8.28282828282828,-17.1717171717172,767.74502906279
-7.87878787878788,-17.1717171717172,731.873369201213
-7.47474747474748,-17.1717171717172,696.734332857512
-7.07070707070707,-17.1717171717172,662.191815159102
-6.66666666666667,-17.1717171717172,627.9597155815
-6.26262626262626,-17.1717171717172,593.897611384675
-5.85858585858586,-17.1717171717172,560.380892788561
-5.45454545454546,-17.1717171717172,527.104735125449
-5.05050505050505,-17.1717171717172,495.021098897274
-4.64646464646465,-17.1717171717172,464.313869943536
-4.24242424242424,-17.1717171717172,434.336866623928
-3.83838383838384,-17.1717171717172,404.981939621014
-3.43434343434344,-17.1717171717172,376.224213747836
-3.03030303030303,-17.1717171717172,348.471851318484
-2.62626262626263,-17.1717171717172,321.500793882054
-2.22222222222222,-17.1717171717172,295.624279034179
-1.81818181818182,-17.1717171717172,269.515892255216
-1.41414141414142,-17.1717171717172,243.228764763854
-1.01010101010101,-17.1717171717172,217.671823901672
-0.606060606060606,-17.1717171717172,193.904402158409
-0.202020202020201,-17.1717171717172,180.490595057905
0.202020202020201,-17.1717171717172,158.54616229006
0.606060606060606,-17.1717171717172,155.971298553404
1.01010101010101,-17.1717171717172,141.722568940106
1.41414141414142,-17.1717171717172,122.194328491151
1.81818181818182,-17.1717171717172,103.611280953251
2.22222222222222,-17.1717171717172,86.610310543694
2.62626262626263,-17.1717171717172,70.8748338110143
3.03030303030303,-17.1717171717172,56.7981700414926
3.43434343434343,-17.1717171717172,44.2313418126902
3.83838383838384,-17.1717171717172,32.9753344712936
4.24242424242424,-17.1717171717172,23.3957695350317
4.64646464646465,-17.1717171717172,15.6744480016837
5.05050505050505,-17.1717171717172,9.33451254170495
5.45454545454545,-17.1717171717172,4.65957373383915
5.85858585858586,-17.1717171717172,1.62581908437593
6.26262626262626,-17.1717171717172,0.146520371467021
6.66666666666667,-17.1717171717172,0.296756736985727
7.07070707070707,-17.1717171717172,2.19198198153212
7.47474747474747,-17.1717171717172,5.733463832018
7.87878787878788,-17.1717171717172,10.9407544268313
8.28282828282828,-17.1717171717172,17.5804242715115
8.68686868686869,-17.1717171717172,25.7402155597365
9.09090909090909,-17.1717171717172,35.468805793335
9.4949494949495,-17.1717171717172,46.5532053122392
9.8989898989899,-17.1717171717172,58.9435201349118
10.3030303030303,-17.1717171717172,72.7759301189398
10.7070707070707,-17.1717171717172,88.0386386939445
11.1111111111111,-17.1717171717172,104.275087112797
11.5151515151515,-17.1717171717172,121.132741082742
11.9191919191919,-17.1717171717172,139.085764695674
12.3232323232323,-17.1717171717172,158.498355551741
12.7272727272727,-17.1717171717172,179.620825205516
13.1313131313131,-17.1717171717172,201.447201298012
13.5353535353535,-17.1717171717172,224.474795401039
13.9393939393939,-17.1717171717172,248.742518312257
14.3434343434343,-17.1717171717172,274.174111057279
14.7474747474747,-17.1717171717172,301.031350444336
15.1515151515151,-17.1717171717172,330.182348679387
15.5555555555556,-17.1717171717172,360.577172813948
15.959595959596,-17.1717171717172,392.56709054603
16.3636363636364,-17.1717171717172,425.792334029804
16.7676767676768,-17.1717171717172,459.175471745437
17.1717171717172,-17.1717171717172,493.698069182116
17.5757575757576,-17.1717171717172,528.922575931099
17.979797979798,-17.1717171717172,564.710425915762
18.3838383838384,-17.1717171717172,601.338229999843
18.7878787878788,-17.1717171717172,639.35866102349
19.1919191919192,-17.1717171717172,679.396534682581
19.5959595959596,-17.1717171717172,720.599972456934
20,-17.1717171717172,763.425129854198
-20,-16.7676767676768,1852.06000418353
-19.5959595959596,-16.7676767676768,1811.88842095196
-19.1919191919192,-16.7676767676768,1771.74653425094
-18.7878787878788,-16.7676767676768,1731.82220955087
-18.3838383838384,-16.7676767676768,1692.45830900309
-17.979797979798,-16.7676767676768,1653.70826102559
-17.5757575757576,-16.7676767676768,1616.07337119042
-17.1717171717172,-16.7676767676768,1578.89592229269
-16.7676767676768,-16.7676767676768,1542.03514783205
-16.3636363636364,-16.7676767676768,1505.12191497829
-15.959595959596,-16.7676767676768,1468.40384293721
-15.5555555555556,-16.7676767676768,1430.16702421586
-15.1515151515152,-16.7676767676768,1391.47623478053
-14.7474747474747,-16.7676767676768,1352.71881292661
-14.3434343434343,-16.7676767676768,1314.46620777451
-13.9393939393939,-16.7676767676768,1274.81109091921
-13.5353535353535,-16.7676767676768,1233.58436994668
-13.1313131313131,-16.7676767676768,1192.88270200055
-12.7272727272727,-16.7676767676768,1152.99644973177
-12.3232323232323,-16.7676767676768,1113.41543387159
-11.9191919191919,-16.7676767676768,1074.22113100787
-11.5151515151515,-16.7676767676768,1036.43341417401
-11.1111111111111,-16.7676767676768,999.127412380505
-10.7070707070707,-16.7676767676768,962.502221505621
-10.3030303030303,-16.7676767676768,926.239062478097
-9.8989898989899,-16.7676767676768,889.694763392929
-9.4949494949495,-16.7676767676768,853.421865093192
-9.09090909090909,-16.7676767676768,817.170458221345
-8.68686868686869,-16.7676767676768,781.709842714301
-8.28282828282828,-16.7676767676768,746.820287491346
-7.87878787878788,-16.7676767676768,711.780404966067
-7.47474747474748,-16.7676767676768,677.113401797496
-7.07070707070707,-16.7676767676768,643.374041777575
-6.66666666666667,-16.7676767676768,609.707101197781
-6.26262626262626,-16.7676767676768,576.558168504245
-5.85858585858586,-16.7676767676768,543.493484974805
-5.45454545454546,-16.7676767676768,511.033278413858
-5.05050505050505,-16.7676767676768,479.328172167049
-4.64646464646465,-16.7676767676768,449.068036356766
-4.24242424242424,-16.7676767676768,419.64026782751
-3.83838383838384,-16.7676767676768,390.960032969144
-3.43434343434344,-16.7676767676768,362.689667190149
-3.03030303030303,-16.7676767676768,335.53337574179
-2.62626262626263,-16.7676767676768,309.080621544033
-2.22222222222222,-16.7676767676768,283.726192224744
-1.81818181818182,-16.7676767676768,258.391804123905
-1.41414141414142,-16.7676767676768,232.699241654692
-1.01010101010101,-16.7676767676768,207.754349972013
-0.606060606060606,-16.7676767676768,184.558153531932
-0.202020202020201,-16.7676767676768,171.475255051885
0.202020202020201,-16.7676767676768,150.102311512828
0.606060606060606,-16.7676767676768,147.602264832325
1.01010101010101,-16.7676767676768,133.753846653179
1.41414141414142,-16.7676767676768,114.714906434906
1.81818181818182,-16.7676767676768,96.7581043369564
2.22222222222222,-16.7676767676768,80.2927770841144
2.62626262626263,-16.7676767676768,65.1925842413992
3.03030303030303,-16.7676767676768,51.7332165257894
3.43434343434343,-16.7676767676768,39.6854478327245
3.83838383838384,-16.7676767676768,29.0552286414801
4.24242424242424,-16.7676767676768,20.1993890358817
4.64646464646465,-16.7676767676768,13.0699227328193
5.05050505050505,-16.7676767676768,7.32423314250819
5.45454545454545,-16.7676767676768,3.29372700344931
5.85858585858586,-16.7676767676768,0.860808780510295
6.26262626262626,-16.7676767676768,0.000559086106684015
6.66666666666667,-16.7676767676768,0.828613641136809
7.07070707070707,-16.7676767676768,3.36310182380549
7.47474747474747,-16.7676767676768,7.55350737095477
7.87878787878788,-16.7676767676768,13.3212896705704
8.28282828282828,-16.7676767676768,20.5108505322207
8.68686868686869,-16.7676767676768,29.2920483700284
9.09090909090909,-16.7676767676768,39.5749402773435
9.4949494949495,-16.7676767676768,51.035824413559
9.8989898989899,-16.7676767676768,64.0058449159872
10.3030303030303,-16.7676767676768,78.365473072113
10.7070707070707,-16.7676767676768,93.9899502856302
11.1111111111111,-16.7676767676768,110.136275944132
11.5151515151515,-16.7676767676768,127.294619538363
11.9191919191919,-16.7676767676768,145.838857364615
12.3232323232323,-16.7676767676768,166.048153160913
12.7272727272727,-16.7676767676768,187.188361254749
13.1313131313131,-16.7676767676768,209.414001843565
13.5353535353535,-16.7676767676768,232.870169603924
13.9393939393939,-16.7676767676768,257.504432916959
14.3434343434343,-16.7676767676768,283.446384511131
14.7474747474747,-16.7676767676768,311.756131168313
15.1515151515151,-16.7676767676768,341.295653527731
15.5555555555556,-16.7676767676768,372.435750309902
15.959595959596,-16.7676767676768,404.821995525543
16.3636363636364,-16.7676767676768,437.398131667106
16.7676767676768,-16.7676767676768,471.0866968052
17.1717171717172,-16.7676767676768,505.466027705717
17.5757575757576,-16.7676767676768,540.445036146643
17.979797979798,-16.7676767676768,576.253768346847
18.3838383838384,-16.7676767676768,613.62507001704
18.7878787878788,-16.7676767676768,652.868497696391
19.1919191919192,-16.7676767676768,693.320776911528
19.5959595959596,-16.7676767676768,735.358773337343
20,-16.7676767676768,779.352012195631
-20,-16.3636363636364,1809.61195463314
-19.5959595959596,-16.3636363636364,1768.47661781157
-19.1919191919192,-16.3636363636364,1729.00872864437
-18.7878787878788,-16.3636363636364,1689.88085342417
-18.3838383838384,-16.3636363636364,1650.92116994058
-17.979797979798,-16.3636363636364,1612.49273765535
-17.5757575757576,-16.3636363636364,1574.61068574624
-17.1717171717172,-16.3636363636364,1537.89271187221
-16.7676767676768,-16.3636363636364,1501.63126823739
-16.3636363636364,-16.3636363636364,1465.69085898498
-15.959595959596,-16.3636363636364,1429.711479518
-15.5555555555556,-16.3636363636364,1393.87128152359
-15.1515151515152,-16.3636363636364,1356.51299081334
-14.7474747474747,-16.3636363636364,1318.80893893467
-14.3434343434343,-16.3636363636364,1281.03628646731
-13.9393939393939,-16.3636363636364,1243.75003080462
-13.5353535353535,-16.3636363636364,1204.77784137228
-13.1313131313131,-16.3636363636364,1164.46527485075
-12.7272727272727,-16.3636363636364,1124.9622676202
-12.3232323232323,-16.3636363636364,1086.30310154565
-11.9191919191919,-16.3636363636364,1047.73499025864
-11.5151515151515,-16.3636363636364,1009.68189942366
-11.1111111111111,-16.3636363636364,973.27345401595
-10.7070707070707,-16.3636363636364,937.077372968579
-10.3030303030303,-16.3636363636364,901.561102575247
-9.8989898989899,-16.3636363636364,866.056909601261
-9.4949494949495,-16.3636363636364,830.658590686517
-9.09090909090909,-16.3636363636364,795.186494679238
-8.68686868686869,-16.3636363636364,760.133827850708
-8.28282828282828,-16.3636363636364,726.008258909841
-7.87878787878788,-16.3636363636364,691.865965100724
-7.47474747474748,-16.3636363636364,657.795404103243
-7.07070707070707,-16.3636363636364,624.534427807689
-6.66666666666667,-16.3636363636364,591.698072849787
-6.26262626262626,-16.3636363636364,559.248615338218
-5.85858585858586,-16.3636363636364,526.915752862459
-5.45454545454546,-16.3636363636364,495.27329007376
-5.05050505050505,-16.3636363636364,463.911922242756
-4.64646464646465,-16.3636363636364,434.023370667355
-4.24242424242424,-16.3636363636364,405.200910378293
-3.83838383838384,-16.3636363636364,377.143752783047
-3.43434343434344,-16.3636363636364,349.430005196327
-3.03030303030303,-16.3636363636364,322.827668452114
-2.62626262626263,-16.3636363636364,296.905696971096
-2.22222222222222,-16.3636363636364,272.066315180483
-1.81818181818182,-16.3636363636364,247.502269193095
-1.41414141414142,-16.3636363636364,222.40281804034
-1.01010101010101,-16.3636363636364,198.067914286872
-0.606060606060606,-16.3636363636364,175.442495938785
-0.202020202020201,-16.3636363636364,162.691068701173
0.202020202020201,-16.3636363636364,141.893641666713
0.606060606060606,-16.3636363636364,139.464063307349
1.01010101010101,-16.3636363636364,126.016583575683
1.41414141414142,-16.3636363636364,107.47207030147
1.81818181818182,-16.3636363636364,90.1385605474628
2.22222222222222,-16.3636363636364,74.2160267086559
2.62626262626263,-16.3636363636364,59.7505996396028
3.03030303030303,-16.3636363636364,46.9047113513181
3.43434343434343,-16.3636363636364,35.3952400976691
3.83838383838384,-16.3636363636364,25.3780671272583
4.24242424242424,-16.3636363636364,17.239645719464
4.64646464646465,-16.3636363636364,10.6452317710695
5.05050505050505,-16.3636363636364,5.57333886338797
5.45454545454545,-16.3636363636364,2.17073969193473
5.85858585858586,-16.3636363636364,0.339643321835288
6.26262626262626,-16.3636363636364,0.113976600397078
6.66666666666667,-16.3636363636364,1.62297994421229
7.07070707070707,-16.3636363636364,4.79059869079843
7.47474747474747,-16.3636363636364,9.62312756393399
7.87878787878788,-16.3636363636364,15.8996067054155
8.28282828282828,-16.3636363636364,23.7045375257683
8.68686868686869,-16.3636363636364,33.0689659916418
9.09090909090909,-16.3636363636364,43.7348461393135
9.4949494949495,-16.3636363636364,55.7883671684208
9.8989898989899,-16.3636363636364,69.2412653082386
10.3030303030303,-16.3636363636364,84.0676876615586
10.7070707070707,-16.3636363636364,99.6329638211317
11.1111111111111,-16.3636363636364,116.050476990239
11.5151515151515,-16.3636363636364,133.71112396443
11.9191919191919,-16.3636363636364,152.985425551679
12.3232323232323,-16.3636363636364,173.453022775197
12.7272727272727,-16.3636363636364,194.876090563263
13.1313131313131,-16.3636363636364,217.486575827734
13.5353535353535,-16.3636363636364,241.357704260162
13.9393939393939,-16.3636363636364,266.390673004429
14.3434343434343,-16.3636363636364,293.854482546132
14.7474747474747,-16.3636363636364,322.543721491586
15.1515151515151,-16.3636363636364,352.834408992857
15.5555555555556,-16.3636363636364,384.381249757585
15.959595959596,-16.3636363636364,416.149830710249
16.3636363636364,-16.3636363636364,449.005818194201
16.7676767676768,-16.3636363636364,482.541381829787
17.1717171717172,-16.3636363636364,516.654225059199
17.5757575757576,-16.3636363636364,551.703882879218
17.979797979798,-16.3636363636364,588.42013990224
18.3838383838384,-16.3636363636364,626.868738867091
18.7878787878788,-16.3636363636364,666.590292934122
19.1919191919192,-16.3636363636364,707.817832935401
19.5959595959596,-16.3636363636364,751.272073136526
20,-16.3636363636364,796.550895908432
-20,-15.959595959596,1768.76281947863
-19.5959595959596,-15.959595959596,1727.15241833685
-19.1919191919192,-15.959595959596,1686.89359092791
-18.7878787878788,-15.959595959596,1648.03545824099
-18.3838383838384,-15.959595959596,1609.95825872505
-17.979797979798,-15.959595959596,1571.95643072195
-17.5757575757576,-15.959595959596,1534.46227175061
-17.1717171717172,-15.959595959596,1497.4531555505
-16.7676767676768,-15.959595959596,1461.65000450651
-16.3636363636364,-15.959595959596,1426.30541906709
-15.959595959596,-15.959595959596,1391.28556235352
-15.5555555555556,-15.959595959596,1356.2415610599
-15.1515151515152,-15.959595959596,1321.28095821624
-14.7474747474747,-15.959595959596,1284.80657555239
-14.3434343434343,-15.959595959596,1248.09733345225
-13.9393939393939,-15.959595959596,1211.31624662501
-13.5353535353535,-15.959595959596,1174.98640303742
-13.1313131313131,-15.959595959596,1136.64505960945
-12.7272727272727,-15.959595959596,1097.33957474581
-12.3232323232323,-15.959595959596,1059.03925504816
-11.9191919191919,-15.959595959596,1021.51752350893
-11.5151515151515,-15.959595959596,984.052326792471
-11.1111111111111,-15.959595959596,947.447919507145
-10.7070707070707,-15.959595959596,911.960466401297
-10.3030303030303,-15.959595959596,876.976047632131
-9.8989898989899,-15.959595959596,842.516064084911
-9.4949494949495,-15.959595959596,807.796279448481
-9.09090909090909,-15.959595959596,773.370526121166
-8.68686868686869,-15.959595959596,738.903202058345
-8.28282828282828,-15.959595959596,705.195312479858
-7.87878787878788,-15.959595959596,672.059422781219
-7.47474747474748,-15.959595959596,638.79805136661
-7.07070707070707,-15.959595959596,605.965373144669
-6.66666666666667,-15.959595959596,573.961116456118
-6.26262626262626,-15.959595959596,542.145137433763
-5.85858585858586,-15.959595959596,510.603744850046
-5.45454545454546,-15.959595959596,479.551607033072
-5.05050505050505,-15.959595959596,448.785309162992
-4.64646464646465,-15.959595959596,419.286425813815
-4.24242424242424,-15.959595959596,391.011551238984
-3.83838383838384,-15.959595959596,363.537608956651
-3.43434343434344,-15.959595959596,336.456022761427
-3.03030303030303,-15.959595959596,310.366922577624
-2.62626262626263,-15.959595959596,284.975275777191
-2.22222222222222,-15.959595959596,260.651137232396
-1.81818181818182,-15.959595959596,236.847162211496
-1.41414141414142,-15.959595959596,212.339374934353
-1.01010101010101,-15.959595959596,188.611246921954
-0.606060606060606,-15.959595959596,166.557941133747
-0.202020202020201,-15.959595959596,154.137570527201
0.202020202020201,-15.959595959596,133.916598469911
0.606060606060606,-15.959595959596,131.543737318619
1.01010101010101,-15.959595959596,118.52307372514
1.41414141414142,-15.959595959596,100.485128966171
1.81818181818182,-15.959595959596,83.7477300965218
2.22222222222222,-15.959595959596,68.3845312650445
2.62626262626263,-15.959595959596,54.5402490922012
3.03030303030303,-15.959595959596,42.2992887466757
3.43434343434343,-15.959595959596,31.3499109286522
3.83838383838384,-15.959595959596,21.986607795554
4.24242424242424,-15.959595959596,14.5155142591856
4.64646464646465,-15.959595959596,8.46420294808853
5.05050505050505,-15.959595959596,4.04882153230362
5.45454545454545,-15.959595959596,1.2722527831523
5.85858585858586,-15.959595959596,0.0532067484356559
6.26262626262626,-15.959595959596,0.492423396390584
6.66666666666667,-15.959595959596,2.6521855048087
7.07070707070707,-15.959595959596,6.46590090848502
7.47474747474747,-15.959595959596,11.8649219619658
7.87878787878788,-15.959595959596,18.6924642952952
8.28282828282828,-15.959595959596,27.1114765910666
8.68686868686869,-15.959595959596,36.988187150738
9.09090909090909,-15.959595959596,48.0965528455941
9.4949494949495,-15.959595959596,60.6765671576474
9.8989898989899,-15.959595959596,74.6782177929096
10.3030303030303,-15.959595959596,89.6558728407249
10.7070707070707,-15.959595959596,105.311523858985
11.1111111111111,-15.959595959596,122.111546994014
11.5151515151515,-15.959595959596,140.45700292305
11.9191919191919,-15.959595959596,160.224119849607
12.3232323232323,-15.959595959596,180.849781191534
12.7272727272727,-15.959595959596,202.658784257553
13.1313131313131,-15.959595959596,225.733706936476
13.5353535353535,-15.959595959596,249.89224998795
13.9393939393939,-15.959595959596,276.474568256598
14.3434343434343,-15.959595959596,304.321860202733
14.7474747474747,-15.959595959596,333.762636665886
15.1515151515151,-15.959595959596,364.469799530421
15.5555555555556,-15.959595959596,395.430113733483
15.959595959596,-15.959595959596,427.455003658239
16.3636363636364,-15.959595959596,460.137515479972
16.7676767676768,-15.959595959596,493.402046995367
17.1717171717172,-15.959595959596,527.662360955989
17.5757575757576,-15.959595959596,563.756998025077
17.979797979798,-15.959595959596,601.39753884278
18.3838383838384,-15.959595959596,640.385661661014
18.7878787878788,-15.959595959596,680.891505588904
19.1919191919192,-15.959595959596,723.70690516578
19.5959595959596,-15.959595959596,768.299021522621
20,-15.959595959596,813.59698922499
-20,-15.5555555555556,1729.66198858795
-19.5959595959596,-15.5555555555556,1687.52004181219
-19.1919191919192,-15.5555555555556,1646.69989396771
-18.7878787878788,-15.5555555555556,1607.2370488228
-18.3838383838384,-15.5555555555556,1569.00279938477
-17.979797979798,-15.5555555555556,1531.97078928534
-17.5757575757576,-15.5555555555556,1494.92583694601
-17.1717171717172,-15.5555555555556,1458.36865942341
-16.7676767676768,-15.5555555555556,1422.26488323052
-16.3636363636364,-15.5555555555556,1387.34470328011
-15.959595959596,-15.5555555555556,1352.91664597068
-15.5555555555556,-15.5555555555556,1318.81752795075
-15.1515151515152,-15.5555555555556,1284.7086753246
-14.7474747474747,-15.5555555555556,1250.61983206622
-14.3434343434343,-15.5555555555556,1215.04640355772
-13.9393939393939,-15.5555555555556,1179.33323284821
-13.5353535353535,-15.5555555555556,1143.54639206107
-13.1313131313131,-15.5555555555556,1108.0041229517
-12.7272727272727,-15.5555555555556,1070.2970947766
-12.3232323232323,-15.5555555555556,1032.25990193238
-11.9191919191919,-15.5555555555556,995.15949811752
-11.5151515151515,-15.5555555555556,958.572707669197
-11.1111111111111,-15.5555555555556,922.298976380999
-10.7070707070707,-15.5555555555556,887.166919124227
-10.3030303030303,-15.5555555555556,852.684624445186
-9.8989898989899,-15.5555555555556,818.857204782672
-9.4949494949495,-15.5555555555556,785.275977820069
-9.09090909090909,-15.5555555555556,751.600494412815
-8.68686868686869,-15.5555555555556,717.982885594272
-8.28282828282828,-15.5555555555556,684.710103859172
-7.87878787878788,-15.5555555555556,652.334341330828
-7.47474747474748,-15.5555555555556,619.933919741505
-7.07070707070707,-15.5555555555556,587.676368783373
-6.66666666666667,-15.5555555555556,556.285220255354
-6.26262626262626,-15.5555555555556,525.168442749521
-5.85858585858586,-15.5555555555556,494.507832422368
-5.45454545454546,-15.5555555555556,463.946760133653
-5.05050505050505,-15.5555555555556,433.953993985687
-4.64646464646465,-15.5555555555556,404.816752615473
-4.24242424242424,-15.5555555555556,377.080785589891
-3.83838383838384,-15.5555555555556,350.110688999151
-3.43434343434344,-15.5555555555556,323.723492782242
-3.03030303030303,-15.5555555555556,298.103467200256
-2.62626262626263,-15.5555555555556,273.284384049464
-2.22222222222222,-15.5555555555556,249.480594125062
-1.81818181818182,-15.5555555555556,226.426310974461
-1.41414141414142,-15.5555555555556,202.507636634464
-1.01010101010101,-15.5555555555556,179.383409466966
-0.606060606060606,-15.5555555555556,157.904110160791
-0.202020202020201,-15.5555555555556,145.815150431008
0.202020202020201,-15.5555555555556,126.170638669444
0.606060606060606,-15.5555555555556,123.833625001454
1.01010101010101,-15.5555555555556,111.257352771931
1.41414141414142,-15.5555555555556,93.7270734740122
1.81818181818182,-15.5555555555556,77.5881141497355
2.22222222222222,-15.5555555555556,62.779064262429
2.62626262626263,-15.5555555555556,49.5691522647878
3.03030303030303,-15.5555555555556,37.909436107371
3.43434343434343,-15.5555555555556,27.5484873385057
3.83838383838384,-15.5555555555556,18.8862397835364
4.24242424242424,-15.5555555555556,12.027344075701
4.64646464646465,-15.5555555555556,6.55417628869966
5.05050505050505,-15.5555555555556,2.78669077080838
5.45454545454545,-15.5555555555556,0.60943383799882
5.85858585858586,-15.5555555555556,0.0170525659410408
6.26262626262626,-15.5555555555556,1.13901657304602
6.66666666666667,-15.5555555555556,3.93234511273989
7.07070707070707,-15.5555555555556,8.39002942048122
7.47474747474747,-15.5555555555556,14.3032326565193
7.87878787878788,-15.5555555555556,21.749400770646
8.28282828282828,-15.5555555555556,30.7462965511428
8.68686868686869,-15.5555555555556,41.0038061846553
9.09090909090909,-15.5555555555556,52.6994619997788
9.4949494949495,-15.5555555555556,65.7914941574282
9.8989898989899,-15.5555555555556,80.1676355557675
10.3030303030303,-15.5555555555556,95.0938759477707
10.7070707070707,-15.5555555555556,111.065044997339
11.1111111111111,-15.5555555555556,128.475113994165
11.5151515151515,-15.5555555555556,147.503654759031
11.9191919191919,-15.5555555555556,167.34268444538
12.3232323232323,-15.5555555555556,188.361474387525
12.7272727272727,-15.5555555555556,210.632333144548
13.1313131313131,-15.5555555555556,233.982919826034
13.5353535353535,-15.5555555555556,259.619486321765
13.9393939393939,-15.5555555555556,286.627333604471
14.3434343434343,-15.5555555555556,315.220998713795
14.7474747474747,-15.5555555555556,345.087945965252
15.1515151515151,-15.5555555555556,375.232513335642
15.5555555555556,-15.5555555555556,406.433632065522
15.959595959596,-15.5555555555556,438.242939481994
16.3636363636364,-15.5555555555556,470.705249081332
16.7676767676768,-15.5555555555556,504.146464347028
17.1717171717172,-15.5555555555556,539.623265937367
17.5757575757576,-15.5555555555556,576.436562348714
17.979797979798,-15.5555555555556,614.705346367782
18.3838383838384,-15.5555555555556,654.632635704888
18.7878787878788,-15.5555555555556,696.730940517015
19.1919191919192,-15.5555555555556,740.369676502719
19.5959595959596,-15.5555555555556,784.839284751375
20,-15.5555555555556,830.60178467032
-20,-15.1515151515152,1691.57017496964
-19.5959595959596,-15.1515151515152,1649.59466232908
-19.1919191919192,-15.1515151515152,1608.2487041208
-18.7878787878788,-15.1515151515152,1568.16429201356
-18.3838383838384,-15.1515151515152,1529.5084833832
-17.979797979798,-15.1515151515152,1491.91997761056
-17.5757575757576,-15.1515151515152,1455.91938599629
-17.1717171717172,-15.1515151515152,1419.84239279883
-16.7676767676768,-15.1515151515152,1384.20921093096
-16.3636363636364,-15.1515151515152,1349.04091438057
-15.959595959596,-15.1515151515152,1314.97881242318
-15.5555555555556,-15.1515151515152,1281.46749710096
-15.1515151515152,-15.1515151515152,1248.28682337094
-14.7474747474747,-15.1515151515152,1215.11421964765
-14.3434343434343,-15.1515151515152,1181.86371586194
-13.9393939393939,-15.1515151515152,1147.23331782117
-13.5353535353535,-15.1515151515152,1112.44316313607
-13.1313131313131,-15.1515151515152,1077.72751937508
-12.7272727272727,-15.1515151515152,1042.8414002972
-12.3232323232323,-15.1515151515152,1005.96043226518
-11.9191919191919,-15.1515151515152,969.203584971684
-11.5151515151515,-15.1515151515152,933.269497873352
-11.1111111111111,-15.1515151515152,897.672886731825
-10.7070707070707,-15.1515151515152,862.421306963963
-10.3030303030303,-15.1515151515152,828.813547409635
-9.8989898989899,-15.1515151515152,795.424459186412
-9.4949494949495,-15.1515151515152,762.708435663106
-9.09090909090909,-15.1515151515152,729.870192582187
-8.68686868686869,-15.1515151515152,697.259438295595
-8.28282828282828,-15.1515151515152,664.574921770301
-7.87878787878788,-15.1515151515152,632.62065122982
-7.47474747474748,-15.1515151515152,601.241011958619
-7.07070707070707,-15.1515151515152,569.760478224432
-6.66666666666667,-15.1515151515152,538.765081474852
-6.26262626262626,-15.1515151515152,508.460764314985
-5.85858585858586,-15.1515151515152,478.460569602871
-5.45454545454546,-15.1515151515152,448.641554957135
-5.05050505050505,-15.1515151515152,419.430475956509
-4.64646464646465,-15.1515151515152,390.658308178646
-4.24242424242424,-15.1515151515152,363.34685389969
-3.83838383838384,-15.1515151515152,336.928289392653
-3.43434343434344,-15.1515151515152,311.190049627852
-3.03030303030303,-15.1515151515152,286.069522708704
-2.62626262626263,-15.1515151515152,261.852111362279
-2.22222222222222,-15.1515151515152,238.554450183253
-1.81818181818182,-15.1515151515152,216.193759438791
-1.41414141414142,-15.1515151515152,192.904621952643
-1.01010101010101,-15.1515151515152,170.386980840938
-0.606060606060606,-15.1515151515152,149.48117597803
-0.202020202020201,-15.1515151515152,137.723328630016
0.202020202020201,-15.1515151515152,118.663399800419
0.606060606060606,-15.1515151515152,116.364901254323
1.01010101010101,-15.1515151515152,104.20570067914
1.41414141414142,-15.1515151515152,87.1896107444548
1.81818181818182,-15.1515151515152,71.6638397810034
2.22222222222222,-15.1515151515152,57.4319528379379
2.62626262626263,-15.1515151515152,44.8352928761927
3.03030303030303,-15.1515151515152,33.7101144050234
3.43434343434343,-15.1515151515152,23.9739198071721
3.83838383838384,-15.1515151515152,16.027950705862
4.24242424242424,-15.1515151515152,9.71597475443639
4.64646464646465,-15.1515151515152,4.90337154137634
5.05050505050505,-15.1515151515152,1.76286605097324
5.45454545454545,-15.1515151515152,0.189544923084434
5.85858585858586,-15.1515151515152,0.243221298304664
6.26262626262626,-15.1515151515152,2.02558152417212
6.66666666666667,-15.1515151515152,5.46279011147146
7.07070707070707,-15.1515151515152,10.4928285160423
7.47474747474747,-15.1515151515152,16.9591538398861
7.87878787878788,-15.1515151515152,25.0141024794647
8.28282828282828,-15.1515151515152,34.4807510420671
8.68686868686869,-15.1515151515152,45.2506338134985
9.09090909090909,-15.1515151515152,57.4507321950831
9.4949494949495,-15.1515151515152,71.0258072212163
9.8989898989899,-15.1515151515152,85.3552508957049
10.3030303030303,-15.1515151515152,100.570250421364
10.7070707070707,-15.1515151515152,117.103703495477
11.1111111111111,-15.1515151515152,135.289580374728
11.5151515151515,-15.1515151515152,154.360179381404
11.9191919191919,-15.1515151515152,174.587309466135
12.3232323232323,-15.1515151515152,196.053784457382
12.7272727272727,-15.1515151515152,218.623576720031
13.1313131313131,-15.1515151515152,243.294468144401
13.5353535353535,-15.1515151515152,269.462431987192
13.9393939393939,-15.1515151515152,297.208879695102
14.3434343434343,-15.1515151515152,326.235476470429
14.7474747474747,-15.1515151515152,355.564776112168
15.1515151515151,-15.1515151515152,385.942194302495
15.5555555555556,-15.1515151515152,416.882272670482
15.959595959596,-15.1515151515152,448.54292894141
16.3636363636364,-15.1515151515152,481.264494277986
16.7676767676768,-15.1515151515152,516.009577537116
17.1717171717172,-15.1515151515152,552.0044457252
17.5757575757576,-15.1515151515152,589.547935476357
17.979797979798,-15.1515151515152,628.920822025686
18.3838383838384,-15.1515151515152,670.300712299898
18.7878787878788,-15.1515151515152,712.949373233928
19.1919191919192,-15.1515151515152,756.598586571507
19.5959595959596,-15.1515151515152,801.542523710069
20,-15.1515151515152,847.6480624176
-20,-14.7474747474747,1653.51776962033
-19.5959595959596,-14.7474747474747,1612.27154980851
-19.1919191919192,-14.7474747474747,1571.42530400436
-18.7878787878788,-14.7474747474747,1530.92043287273
-18.3838383838384,-14.7474747474747,1491.63679562912
-17.979797979798,-14.7474747474747,1453.70400072721
-17.5757575757576,-14.7474747474747,1416.93370716907
-17.1717171717172,-14.7474747474747,1381.80404885791
-16.7676767676768,-14.7474747474747,1346.71159240019
-16.3636363636364,-14.7474747474747,1311.98482285419
-15.959595959596,-14.7474747474747,1277.75256639085
-15.5555555555556,-14.7474747474747,1244.55089605095
-15.1515151515152,-14.7474747474747,1211.95600057552
-14.7474747474747,-14.7474747474747,1179.69613665334
-14.3434343434343,-14.7474747474747,1147.45814896931
-13.9393939393939,-14.7474747474747,1115.05143526706
-13.5353535353535,-14.7474747474747,1081.36656568441
-13.1313131313131,-14.7474747474747,1047.53570798022
-12.7272727272727,-14.7474747474747,1013.85887717639
-12.3232323232323,-14.7474747474747,979.620010417603
-11.9191919191919,-14.7474747474747,943.6315487456
-11.5151515151515,-14.7474747474747,908.081937490772
-11.1111111111111,-14.7474747474747,873.366613132461
-10.7070707070707,-14.7474747474747,838.800996666106
-10.3030303030303,-14.7474747474747,804.979267184809
-9.8989898989899,-14.7474747474747,772.310464198392
-9.4949494949495,-14.7474747474747,740.130930744657
-9.09090909090909,-14.7474747474747,708.404531966546
-8.68686868686869,-14.7474747474747,676.486001620039
-8.28282828282828,-14.7474747474747,644.720471121434
-7.87878787878788,-14.7474747474747,613.226239625914
-7.47474747474748,-14.7474747474747,582.600639393068
-7.07070707070707,-14.7474747474747,551.949658185428
-6.66666666666667,-14.7474747474747,521.528321262631
-6.26262626262626,-14.7474747474747,491.97696869799
-5.85858585858586,-14.7474747474747,462.603984152427
-5.45454545454546,-14.7474747474747,433.600441862603
-5.05050505050505,-14.7474747474747,405.014105879857
-4.64646464646465,-14.7474747474747,376.761511743663
-4.24242424242424,-14.7474747474747,349.837651038427
-3.83838383838384,-14.7474747474747,324.001456530792
-3.43434343434344,-14.7474747474747,298.913608753637
-3.03030303030303,-14.7474747474747,274.283503385294
-2.62626262626263,-14.7474747474747,250.659869748167
-2.22222222222222,-14.7474747474747,227.873095717065
-1.81818181818182,-14.7474747474747,206.094143688553
-1.41414141414142,-14.7474747474747,183.534990474645
-1.01010101010101,-14.7474747474747,161.622035735089
-0.606060606060606,-14.7474747474747,141.288998667153
-0.202020202020201,-14.7474747474747,129.861505905921
0.202020202020201,-14.7474747474747,111.387312096517
0.606060606060606,-14.7474747474747,109.150424369911
1.01010101010101,-14.7474747474747,97.3417410757585
1.41414141414142,-14.7474747474747,80.866827638043
1.81818181818182,-14.7474747474747,65.9501803458776
2.22222222222222,-14.7474747474747,52.3240114904659
2.62626262626263,-14.7474747474747,40.3514745629834
3.03030303030303,-14.7474747474747,29.7637142384696
3.43434343434343,-14.7474747474747,20.6451137973113
3.83838383838384,-14.7474747474747,13.4013898569271
4.24242424242424,-14.7474747474747,7.63646145703791
4.64646464646465,-14.7474747474747,3.48166376857922
5.05050505050505,-14.7474747474747,0.962075899808492
5.45454545454545,-14.7474747474747,0.00584237115179044
5.85858585858586,-14.7474747474747,0.737414756365035
6.26262626262626,-14.7474747474747,3.15873314904072
6.66666666666667,-14.7474747474747,7.24143494801162
7.07070707070707,-14.7474747474747,12.7912702518508
7.47474747474747,-14.7474747474747,19.8750074555218
7.87878787878788,-14.7474747474747,28.4999036849271
8.28282828282828,-14.7474747474747,38.3545114482412
8.68686868686869,-14.7474747474747,49.6825703821491
9.09090909090909,-14.7474747474747,62.4167603701817
9.4949494949495,-14.7474747474747,76.140227781545
9.8989898989899,-14.7474747474747,90.5970564055053
10.3030303030303,-14.7474747474747,106.26313425765
10.7070707070707,-14.7474747474747,123.535037703891
11.1111111111111,-14.7474747474747,141.911324482217
11.5151515151515,-14.7474747474747,161.335951138041
11.9191919191919,-14.7474747474747,181.998132218321
12.3232323232323,-14.7474747474747,203.790917384696
12.7272727272727,-14.7474747474747,227.499484955801
13.1313131313131,-14.7474747474747,252.822453679546
13.5353535353535,-14.7474747474747,279.726691867626
13.9393939393939,-14.7474747474747,307.912469761283
14.3434343434343,-14.7474747474747,336.426097077452
14.7474747474747,-14.7474747474747,365.95770869907
15.1515151515151,-14.7474747474747,396.055117726745
15.5555555555556,-14.7474747474747,426.914923022077
15.959595959596,-14.7474747474747,458.916955719853
16.3636363636364,-14.7474747474747,492.924429216522
16.7676767676768,-14.7474747474747,528.148101741578
17.1717171717172,-14.7474747474747,564.915859942442
17.5757575757576,-14.7474747474747,603.722050421509
17.979797979798,-14.7474747474747,644.40564671695
18.3838383838384,-14.7474747474747,686.046664760827
18.7878787878788,-14.7474747474747,728.87543290939
19.1919191919192,-14.7474747474747,773.003336368897
19.5959595959596,-14.7474747474747,818.100060486082
20,-14.7474747474747,864.218730221601
-20,-14.3434343434343,1616.17734579903
-19.5959595959596,-14.3434343434343,1575.17868617663
-19.1919191919192,-14.3434343434343,1534.87831343994
-18.7878787878788,-14.3434343434343,1495.10932323113
-18.3838383838384,-14.3434343434343,1455.56920042457
-17.979797979798,-14.3434343434343,1417.07328350831
-17.5757575757576,-14.3434343434343,1379.86487406466
-17.1717171717172,-14.3434343434343,1343.94596908173
-16.7676767676768,-14.3434343434343,1309.59440724847
-16.3636363636364,-14.3434343434343,1275.51753153594
-15.959595959596,-14.3434343434343,1241.6954951931
-15.5555555555556,-14.3434343434343,1208.39899859453
-15.1515151515152,-14.3434343434343,1176.0617616172
-14.7474747474747,-14.3434343434343,1144.38245955076
-14.3434343434343,-14.3434343434343,1113.04276473779
-13.9393939393939,-14.3434343434343,1081.73941451275
-13.5353535353535,-14.3434343434343,1050.18224855515
-13.1313131313131,-14.3434343434343,1017.44743168922
-12.7272727272727,-14.3434343434343,984.57174384257
-12.3232323232323,-14.3434343434343,951.941452249524
-11.9191919191919,-14.3434343434343,918.352260131905
-11.5151515151515,-14.3434343434343,883.304005687394
-11.1111111111111,-14.3434343434343,848.951737543127
-10.7070707070707,-14.3434343434343,815.338503750298
-10.3030303030303,-14.3434343434343,781.925194806225
-9.8989898989899,-14.3434343434343,749.501030926053
-9.4949494949495,-14.3434343434343,717.841221780177
-9.09090909090909,-14.3434343434343,686.814506483454
-8.68686868686869,-14.3434343434343,655.888662454833
-8.28282828282828,-14.3434343434343,625.089764217084
-7.87878787878788,-14.3434343434343,594.187323242045
-7.47474747474748,-14.3434343434343,563.985875026685
-7.07070707070707,-14.3434343434343,534.364253171559
-6.66666666666667,-14.3434343434343,504.632459737338
-6.26262626262626,-14.3434343434343,475.513455108053
-5.85858585858586,-14.3434343434343,446.933300594202
-5.45454545454546,-14.3434343434343,418.743725985339
-5.05050505050505,-14.3434343434343,390.691182306209
-4.64646464646465,-14.3434343434343,363.175486129318
-4.24242424242424,-14.3434343434343,336.619987107513
-3.83838383838384,-14.3434343434343,311.328218456939
-3.43434343434344,-14.3434343434343,286.840283625283
-3.03030303030303,-14.3434343434343,262.747882597585
-2.62626262626263,-14.3434343434343,239.705399650726
-2.22222222222222,-14.3434343434343,217.436351968856
-1.81818181818182,-14.3434343434343,196.199185297474
-1.41414141414142,-14.3434343434343,174.398480545431
-1.01010101010101,-14.3434343434343,153.088641054763
-0.606060606060606,-14.3434343434343,133.327784217582
-0.202020202020201,-14.3434343434343,122.230718699983
0.202020202020201,-14.3434343434343,104.341353010984
0.606060606060606,-14.3434343434343,102.184350075201
1.01010101010101,-14.3434343434343,90.7064149136503
1.41414141414142,-14.3434343434343,74.8043371109548
1.81818181818182,-14.3434343434343,60.4534286690109
2.22222222222222,-14.3434343434343,47.4608095957214
2.62626262626263,-14.3434343434343,36.0911234509391
3.03030303030303,-14.3434343434343,26.0642916403506
3.43434343434343,-14.3434343434343,17.619043849298
3.83838383838384,-14.3434343434343,11.0181664790857
4.24242424242424,-14.3434343434343,5.82687453489697
4.64646464646465,-14.3434343434343,2.32265159870773
5.05050505050505,-14.3434343434343,0.403331411112463
5.45454545454545,-14.3434343434343,0.0811199211593712
5.85858585858586,-14.3434343434343,1.48328902417222
6.26262626262626,-14.3434343434343,4.5441879254415
6.66666666666667,-14.3434343434343,9.2050053079347
7.07070707070707,-14.3434343434343,15.3119881181863
7.47474747474747,-14.3434343434343,23.0014746477917
7.87878787878788,-14.3434343434343,32.0613622069029
8.28282828282828,-14.3434343434343,42.490958967455
8.68686868686869,-14.3434343434343,54.3163366420839
9.09090909090909,-14.3434343434343,67.4405455016057
9.4949494949495,-14.3434343434343,81.13891714807
9.8989898989899,-14.3434343434343,95.9575904474376
10.3030303030303,-14.3434343434343,112.304052801438
10.7070707070707,-14.3434343434343,129.981410751589
11.1111111111111,-14.3434343434343,148.607507038676
11.5151515151515,-14.3434343434343,168.464965700063
11.9191919191919,-14.3434343434343,189.476627097437
12.3232323232323,-14.3434343434343,212.234428554675
12.7272727272727,-14.3434343434343,236.718158699168
13.1313131313131,-14.3434343434343,262.774429340919
13.5353535353535,-14.3434343434343,290.11938655352
13.9393939393939,-14.3434343434343,317.816777696351
14.3434343434343,-14.3434343434343,346.50440660729
14.7474747474747,-14.3434343434343,375.765405635912
15.1515151515151,-14.3434343434343,405.821467780249
15.5555555555556,-14.3434343434343,437.14446542243
15.959595959596,-14.3434343434343,470.367555131738
16.3636363636364,-14.3434343434343,504.851371095458
16.7676767676768,-14.3434343434343,540.835396420152
17.1717171717172,-14.3434343434343,579.038468139043
17.5757575757576,-14.3434343434343,618.945410360607
17.979797979798,-14.3434343434343,659.66075563255
18.3838383838384,-14.3434343434343,701.670020039491
18.7878787878788,-14.3434343434343,744.950550920832
19.1919191919192,-14.3434343434343,789.0708814813
19.5959595959596,-14.3434343434343,834.311341642898
20,-14.3434343434343,880.812469421987
-20,-13.9393939393939,1579.04932318662
-19.5959595959596,-13.9393939393939,1538.77486268344
-19.1919191919192,-13.9393939393939,1498.77373400941
-18.7878787878788,-13.9393939393939,1459.38829168417
-18.3838383838384,-13.9393939393939,1420.6549321842
-17.979797979798,-13.9393939393939,1382.19828739801
-17.5757575757576,-13.9393939393939,1344.45701603767
-17.1717171717172,-13.9393939393939,1308.04183352757
-16.7676767676768,-13.9393939393939,1272.94989150581
-16.3636363636364,-13.9393939393939,1239.25990397836
-15.959595959596,-13.9393939393939,1206.21038970937
-15.5555555555556,-13.9393939393939,1173.34175062335
-15.1515151515152,-13.9393939393939,1140.98023350515
-14.7474747474747,-13.9393939393939,1109.51085579809
-14.3434343434343,-13.9393939393939,1078.74714714062
-13.9393939393939,-13.9393939393939,1048.32751628918
-13.5353535353535,-13.9393939393939,1017.95879159571
-13.1313131313131,-13.9393939393939,987.256702861447
-12.7272727272727,-13.9393939393939,955.474809431804
-12.3232323232323,-13.9393939393939,923.549653007881
-11.9191919191919,-13.9393939393939,891.952641472921
-11.5151515151515,-13.9393939393939,859.061445536931
-11.1111111111111,-13.9393939393939,824.969639642358
-10.7070707070707,-13.9393939393939,791.849605325291
-10.3030303030303,-13.9393939393939,759.209216028017
-9.8989898989899,-13.9393939393939,726.884973378362
-9.4949494949495,-13.9393939393939,695.952983046148
-9.09090909090909,-13.9393939393939,665.37250504357
-8.68686868686869,-13.9393939393939,635.423003854931
-8.28282828282828,-13.9393939393939,605.319673697984
-7.87878787878788,-13.9393939393939,575.399773049172
-7.47474747474748,-13.9393939393939,545.68207299197
-7.07070707070707,-13.9393939393939,516.807856529346
-6.66666666666667,-13.9393939393939,487.925318099517
-6.26262626262626,-13.9393939393939,459.328236403485
-5.85858585858586,-13.9393939393939,431.536356340739
-5.45454545454546,-13.9393939393939,403.972231512039
-5.05050505050505,-13.9393939393939,376.658152583211
-4.64646464646465,-13.9393939393939,349.88716961932
-4.24242424242424,-13.9393939393939,323.696451060549
-3.83838383838384,-13.9393939393939,298.9164447287
-3.43434343434344,-13.9393939393939,274.952704212537
-3.03030303030303,-13.9393939393939,251.515795331662
-2.62626262626263,-13.9393939393939,228.993338566194
-2.22222222222222,-13.9393939393939,207.244248398025
-1.81818181818182,-13.9393939393939,186.547852263153
-1.41414141414142,-13.9393939393939,165.495273695108
-1.01010101010101,-13.9393939393939,144.786442808535
-0.606060606060606,-13.9393939393939,125.597266400853
-0.202020202020201,-13.9393939393939,114.830926134209
0.202020202020201,-13.9393939393939,97.5256978918474
0.606060606060606,-13.9393939393939,95.4553537856487
1.01010101010101,-13.9393939393939,84.3020509626402
1.41414141414142,-13.9393939393939,68.9967050820441
1.81818181818182,-13.9393939393939,55.1963304304424
2.22222222222222,-13.9393939393939,42.8317512962179
2.62626262626263,-13.9393939393939,32.0628786722029
3.03030303030303,-13.9393939393939,22.6092502615632
3.43434343434343,-13.9393939393939,14.8614568078066
3.83838383838384,-13.9393939393939,8.82880554076223
4.24242424242424,-13.9393939393939,4.27628050250493
4.64646464646465,-13.9393939393939,1.39471513298866
5.05050505050505,-13.9393939393939,0.0803460963596333
5.45454545454545,-13.9393939393939,0.422604325791928
5.85858585858586,-13.9393939393939,2.46977593964489
6.26262626262626,-13.9393939393939,6.17736605835034
6.66666666666667,-13.9393939393939,11.3637428955446
7.07070707070707,-13.9393939393939,18.0850670411196
7.47474747474747,-13.9393939393939,26.3254394434974
7.87878787878788,-13.9393939393939,35.814930508876
8.28282828282828,-13.9393939393939,46.7623114504042
8.68686868686869,-13.9393939393939,59.0826138737033
9.09090909090909,-13.9393939393939,72.1807414576567
9.4949494949495,-13.9393939393939,86.1930005887483
9.8989898989899,-13.9393939393939,101.608225786746
10.3030303030303,-13.9393939393939,118.548763211912
10.7070707070707,-13.9393939393939,136.400999944472
11.1111111111111,-13.9393939393939,155.44033412534
11.5151515151515,-13.9393939393939,175.687798587014
11.9191919191919,-13.9393939393939,197.499956986266
12.3232323232323,-13.9393939393939,221.164066812057
12.7272727272727,-13.9393939393939,246.352265846558
13.1313131313131,-13.9393939393939,272.855624403674
13.5353535353535,-13.9393939393939,299.73418212244
13.9393939393939,-13.9393939393939,327.582501054686
14.3434343434343,-13.9393939393939,356.009092177353
14.7474747474747,-13.9393939393939,385.262476509547
15.1515151515151,-13.9393939393939,415.913995126912
15.5555555555556,-13.9393939393939,448.339116827701
15.959595959596,-13.9393939393939,482.079939503749
16.3636363636364,-13.9393939393939,517.435413997934
16.7676767676768,-13.9393939393939,554.955982549734
17.1717171717172,-13.9393939393939,593.896338667065
17.5757575757576,-13.9393939393939,633.7921609533
17.979797979798,-13.9393939393939,674.982330499096
18.3838383838384,-13.9393939393939,717.284647979427
18.7878787878788,-13.9393939393939,760.535149144579
19.1919191919192,-13.9393939393939,804.918043003988
19.5959595959596,-13.9393939393939,850.72817813895
20,-13.9393939393939,898.082594494084
-20,-13.5353535353535,1543.28951513897
-19.5959595959596,-13.5353535353535,1502.47072397307
-19.1919191919192,-13.5353535353535,1463.17152939135
-18.7878787878788,-13.5353535353535,1424.26759082533
-18.3838383838384,-13.5353535353535,1385.80093884146
-17.979797979798,-13.5353535353535,1348.06423641307
-17.5757575757576,-13.5353535353535,1310.72470770476
-17.1717171717172,-13.5353535353535,1273.82926472466
-16.7676767676768,-13.5353535353535,1238.1517282851
-16.3636363636364,-13.5353535353535,1203.88081316667
-15.959595959596,-13.5353535353535,1170.85643831567
-15.5555555555556,-13.5353535353535,1138.83272724575
-15.1515151515152,-13.5353535353535,1106.92252878459
-14.7474747474747,-13.5353535353535,1075.49629363631
-14.3434343434343,-13.5353535353535,1044.89719211664
-13.9393939393939,-13.5353535353535,1015.05054948791
-13.5353535353535,-13.5353535353535,985.549672767975
-13.1313131313131,-13.5353535353535,956.115432005366
-12.7272727272727,-13.5353535353535,926.275517347405
-12.3232323232323,-13.5353535353535,895.449668581133
-11.9191919191919,-13.5353535353535,864.482924444376
-11.5151515151515,-13.5353535353535,833.869192014967
-11.1111111111111,-13.5353535353535,801.559986353511
-10.7070707070707,-13.5353535353535,768.690158128555
-10.3030303030303,-13.5353535353535,736.749596362332
-9.8989898989899,-13.5353535353535,705.142029031093
-9.4949494949495,-13.5353535353535,674.112416914969
-9.09090909090909,-13.5353535353535,644.259692174476
-8.68686868686869,-13.5353535353535,614.883610954488
-8.28282828282828,-13.5353535353535,585.855079467646
-7.87878787878788,-13.5353535353535,556.802771294366
-7.47474747474748,-13.5353535353535,527.744180653274
-7.07070707070707,-13.5353535353535,499.291170410437
-6.66666666666667,-13.5353535353535,471.429095726373
-6.26262626262626,-13.5353535353535,443.455792277866
-5.85858585858586,-13.5353535353535,416.210507551065
-5.45454545454546,-13.5353535353535,389.37006976838
-5.05050505050505,-13.5353535353535,362.888025173462
-4.64646464646465,-13.5353535353535,336.769010260229
-4.24242424242424,-13.5353535353535,311.050767731521
-3.83838383838384,-13.5353535353535,286.69629250688
-3.43434343434344,-13.5353535353535,263.286549949338
-3.03030303030303,-13.5353535353535,240.523852292885
-2.62626262626263,-13.5353535353535,218.518717119215
-2.22222222222222,-13.5353535353535,197.296651049237
-1.81818181818182,-13.5353535353535,177.139544746219
-1.41414141414142,-13.5353535353535,156.817818220494
-1.01010101010101,-13.5353535353535,136.715772686057
-0.606060606060606,-13.5353535353535,118.097645374329
-0.202020202020201,-13.5353535353535,107.662231051846
0.202020202020201,-13.5353535353535,90.9423540798718
0.606060606060606,-13.5353535353535,88.9476454293488
1.01010101010101,-13.5353535353535,78.1143280063069
1.41414141414142,-13.5353535353535,63.4256103194769
1.81818181818182,-13.5353535353535,50.1820503638529
2.22222222222222,-13.5353535353535,38.4400621590932
2.62626262626263,-13.5353535353535,28.2219971800363
3.03030303030303,-13.5353535353535,19.3806028368815
3.43434343434343,-13.5353535353535,12.3356666027029
3.83838383838384,-13.5353535353535,6.85130887770092
4.24242424242424,-13.5353535353535,2.95976547389637
4.64646464646465,-13.5353535353535,0.694994850162561
5.05050505050505,-13.5353535353535,0.00605241610699346
5.45454545454545,-13.5353535353535,1.02510501358567
5.85858585858586,-13.5353535353535,3.71009379864355
6.26262626262626,-13.5353535353535,8.00149169254778
6.66666666666667,-13.5353535353535,13.7493965073762
7.07070707070707,-13.5353535353535,21.0770632025727
7.47474747474747,-13.5353535353535,29.7299788446856
7.87878787878788,-13.5353535353535,39.7865584520298
8.28282828282828,-13.5353535353535,51.2541070129794
8.68686868686869,-13.5353535353535,63.7282864978333
9.09090909090909,-13.5353535353535,76.9893387223024
9.4949494949495,-13.5353535353535,91.51826418651
9.8989898989899,-13.5353535353535,107.655052340517
10.3030303030303,-13.5353535353535,124.705187263587
10.7070707070707,-13.5353535353535,142.925604163377
11.1111111111111,-13.5353535353535,162.397589197803
11.5151515151515,-13.5353535353535,183.29836418207
11.9191919191919,-13.5353535353535,206.138576410583
12.3232323232323,-13.5353535353535,230.459627672866
12.7272727272727,-13.5353535353535,256.121445175863
13.1313131313131,-13.5353535353535,282.179577082263
13.5353535353535,-13.5353535353535,309.191644859612
13.9393939393939,-13.5353535353535,336.786253267869
14.3434343434343,-13.5353535353535,365.238089101337
14.7474747474747,-13.5353535353535,395.222748230074
15.1515151515151,-13.5353535353535,426.83090613587
15.5555555555556,-13.5353535353535,459.832918883915
15.959595959596,-13.5353535353535,494.605078018086
16.3636363636364,-13.5353535353535,531.398445334155
16.7676767676768,-13.5353535353535,569.365302984185
17.1717171717172,-13.5353535353535,608.44041606605
17.5757575757576,-13.5353535353535,648.814095836236
17.979797979798,-13.5353535353535,690.119490147071
18.3838383838384,-13.5353535353535,732.495414110971
18.7878787878788,-13.5353535353535,776.098920690647
19.1919191919192,-13.5353535353535,821.31693314801
19.5959595959596,-13.5353535353535,867.71528789686
20,-13.5353535353535,915.401620942623
-20,-13.1313131313131,1509.03299024717
-19.5959595959596,-13.1313131313131,1468.11120861059
-19.1919191919192,-13.1313131313131,1428.21783684165
-18.7878787878788,-13.1313131313131,1389.45434984316
-18.3838383838384,-13.1313131313131,1351.66002074065
-17.979797979798,-13.1313131313131,1314.18878455788
-17.5757575757576,-13.1313131313131,1277.37651624326
-17.1717171717172,-13.1313131313131,1241.1178202618
-16.7676767676768,-13.1313131313131,1205.11312124042
-16.3636363636364,-13.1313131313131,1170.25764109719
-15.959595959596,-13.1313131313131,1136.73766022079
-15.5555555555556,-13.1313131313131,1104.39198901077
-15.1515151515152,-13.1313131313131,1073.39610536313
-14.7474747474747,-13.1313131313131,1042.43812103269
-14.3434343434343,-13.1313131313131,1011.94792960056
-13.9393939393939,-13.1313131313131,982.222893123654
-13.5353535353535,-13.1313131313131,953.292268187761
-13.1313131313131,-13.1313131313131,924.710577783248
-12.7272727272727,-13.1313131313131,896.209848865396
-12.3232323232323,-13.1313131313131,867.238197528894
-11.9191919191919,-13.1313131313131,837.3717544872
-11.5151515151515,-13.1313131313131,807.374145577211
-11.1111111111111,-13.1313131313131,777.661020407185
-10.7070707070707,-13.1313131313131,746.002372501266
-10.3030303030303,-13.1313131313131,714.404188757114
-9.8989898989899,-13.1313131313131,683.637170228418
-9.4949494949495,-13.1313131313131,653.07716840764
-9.09090909090909,-13.1313131313131,623.434686855159
-8.68686868686869,-13.1313131313131,594.596163957385
-8.28282828282828,-13.1313131313131,566.375160895633
-7.87878787878788,-13.1313131313131,538.121203928259
-7.47474747474748,-13.1313131313131,510.020430712715
-7.07070707070707,-13.1313131313131,482.077735901482
-6.66666666666667,-13.1313131313131,454.951257440129
-6.26262626262626,-13.1313131313131,427.848151740544
-5.85858585858586,-13.1313131313131,401.07671329977
-5.45454545454546,-13.1313131313131,375.004635376124
-5.05050505050505,-13.1313131313131,349.265587566968
-4.64646464646465,-13.1313131313131,323.726306833393
-4.24242424242424,-13.1313131313131,298.699366664926
-3.83838383838384,-13.1313131313131,274.719535588333
-3.43434343434344,-13.1313131313131,251.871953444154
-3.03030303030303,-13.1313131313131,229.737019382927
-2.62626262626263,-13.1313131313131,208.244462308919
-2.22222222222222,-13.1313131313131,187.593909540521
-1.81818181818182,-13.1313131313131,167.960894624584
-1.41414141414142,-13.1313131313131,148.365496922662
-1.01010101010101,-13.1313131313131,128.876536289611
-0.606060606060606,-13.1313131313131,110.828957409292
-0.202020202020201,-13.1313131313131,100.724493621271
0.202020202020201,-13.1313131313131,84.5840952003404
0.606060606060606,-13.1313131313131,82.6723581738707
1.01010101010101,-13.1313131313131,72.1578284280866
1.41414141414142,-13.1313131313131,58.083954759761
1.81818181818182,-13.1313131313131,45.4013620067139
2.22222222222222,-13.1313131313131,34.2854918916781
2.62626262626263,-13.1313131313131,24.6198194322467
3.03030303030303,-13.1313131313131,16.4019257178819
3.43434343434343,-13.1313131313131,10.0512327133906
3.83838383838384,-13.1313131313131,5.14233206629497
4.24242424242424,-13.1313131313131,1.9008885706954
4.64646464646465,-13.1313131313131,0.238142132224175
5.05050505050505,-13.1313131313131,0.194945399584027
5.45454545454545,-13.1313131313131,1.86546680285666
5.85858585858586,-13.1313131313131,5.19781299410524
6.26262626262626,-13.1313131313131,10.020645137675
6.66666666666667,-13.1313131313131,16.3806365093063
7.07070707070707,-13.1313131313131,24.2169782589495
7.47474747474747,-13.1313131313131,33.3650742388578
7.87878787878788,-13.1313131313131,43.9400975119133
8.28282828282828,-13.1313131313131,55.7984540005867
8.68686868686869,-13.1313131313131,68.2907954417768
9.09090909090909,-13.1313131313131,81.9650200427279
9.4949494949495,-13.1313131313131,97.229806225215
9.8989898989899,-13.1313131313131,113.53340996416
10.3030303030303,-13.1313131313131,130.96090800184
10.7070707070707,-13.1313131313131,149.62859958088
11.1111111111111,-13.1313131313131,169.629400705035
11.5151515151515,-13.1313131313131,191.645401698209
11.9191919191919,-13.1313131313131,215.097022767124
12.3232323232323,-13.1313131313131,239.916547547665
12.7272727272727,-13.1313131313131,265.147519338636
13.1313131313131,-13.1313131313131,291.325930649941
13.5353535353535,-13.1313131313131,318.096888907462
13.9393939393939,-13.1313131313131,345.747649424626
14.3434343434343,-13.1313131313131,375.05969472185
14.7474747474747,-13.1313131313131,405.843292655282
15.1515151515151,-13.1313131313131,438.109906423232
15.5555555555556,-13.1313131313131,472.287758142793
15.959595959596,-13.1313131313131,508.369874094466
16.3636363636364,-13.1313131313131,545.351371730337
16.7676767676768,-13.1313131313131,583.606385293602
17.1717171717172,-13.1313131313131,623.093204029982
17.5757575757576,-13.1313131313131,663.475273217179
17.979797979798,-13.1313131313131,704.976043691753
18.3838383838384,-13.1313131313131,747.85627938502
18.7878787878788,-13.1313131313131,792.288847454427
19.1919191919192,-13.1313131313131,837.857673777887
19.5959595959596,-13.1313131313131,884.628750644807
20,-13.1313131313131,932.341664475953
-20,-12.7272727272727,1474.73549529605
-19.5959595959596,-12.7272727272727,1434.60335737358
-19.1919191919192,-12.7272727272727,1394.95132017255
-18.7878787878788,-12.7272727272727,1355.85188487879
-18.3838383838384,-12.7272727272727,1317.67958850793
-17.979797979798,-12.7272727272727,1280.9035788625
-17.5757575757576,-12.7272727272727,1244.48199428406
-17.1717171717172,-12.7272727272727,1208.59234680264
-16.7676767676768,-12.7272727272727,1173.36814589598
-16.3636363636364,-12.7272727272727,1138.43240265748
-15.959595959596,-12.7272727272727,1104.3275900168
-15.5555555555556,-12.7272727272727,1071.5352123806
-15.1515151515152,-12.7272727272727,1039.98465338408
-14.7474747474747,-12.7272727272727,1009.89476221987
-14.3434343434343,-12.7272727272727,979.888311057021
-13.9393939393939,-12.7272727272727,950.334978773242
-13.5353535353535,-12.7272727272727,921.486120441054
-13.1313131313131,-12.7272727272727,893.47058159799
-12.7272727272727,-12.7272727272727,865.809950514266
-12.3232323232323,-12.7272727272727,838.241501217509
-11.9191919191919,-12.7272727272727,810.14506913961
-11.5151515151515,-12.7272727272727,781.217385638382
-11.1111111111111,-12.7272727272727,752.225706189915
-10.7070707070707,-12.7272727272727,723.228219885559
-10.3030303030303,-12.7272727272727,692.465622288869
-9.8989898989899,-12.7272727272727,662.067250977424
-9.4949494949495,-12.7272727272727,632.375338333232
-9.09090909090909,-12.7272727272727,602.941315654474
-8.68686868686869,-12.7272727272727,574.69073620018
-8.28282828282828,-12.7272727272727,546.922485346794
-7.87878787878788,-12.7272727272727,519.729531165248
-7.47474747474748,-12.7272727272727,492.43271034112
-7.07070707070707,-12.7272727272727,465.234953761326
-6.66666666666667,-12.7272727272727,438.536441434003
-6.26262626262626,-12.7272727272727,412.423192584392
-5.85858585858586,-12.7272727272727,386.230674043279
-5.45454545454546,-12.7272727272727,360.857825099731
-5.05050505050505,-12.7272727272727,335.776728028606
-4.64646464646465,-12.7272727272727,310.965397288146
-4.24242424242424,-12.7272727272727,286.642749178016
-3.83838383838384,-12.7272727272727,263.025839569249
-3.43434343434344,-12.7272727272727,240.714626772506
-3.03030303030303,-12.7272727272727,219.196432877723
-2.62626262626263,-12.7272727272727,198.206799412737
-2.22222222222222,-12.7272727272727,178.130891056905
-1.81818181818182,-12.7272727272727,159.017970211752
-1.41414141414142,-12.7272727272727,140.147247292733
-1.01010101010101,-12.7272727272727,121.268775627442
-0.606060606060606,-12.7272727272727,103.791058707981
-0.202020202020201,-12.7272727272727,94.0178695752169
0.202020202020201,-12.7272727272727,78.4552363201915
0.606060606060606,-12.7272727272727,76.6276721765548
1.01010101010101,-12.7272727272727,66.4402465543558
1.41414141414142,-12.7272727272727,52.9739390239802
1.81818181818182,-12.7272727272727,40.8719621073831
2.22222222222222,-12.7272727272727,30.3752533849438
2.62626262626263,-12.7272727272727,21.2663498942059
3.03030303030303,-12.7272727272727,13.7377729537006
3.43434343434343,-12.7272727272727,7.98377343541455
3.83838383838384,-12.7272727272727,3.69209507994191
4.24242424242424,-12.7272727272727,1.06877212843766
4.64646464646465,-12.7272727272727,0.01669890904657
5.05050505050505,-12.7272727272727,0.649674683725286
5.45454545454545,-12.7272727272727,2.96049283961632
5.85858585858586,-12.7272727272727,6.88225015324241
6.26262626262626,-12.7272727272727,12.2711046495009
6.66666666666667,-12.7272727272727,19.2315855544349
7.07070707070707,-12.7272727272727,27.4813751166764
7.47474747474747,-12.7272727272727,37.1725969634661
7.87878787878788,-12.7272727272727,48.2380154128129
8.28282828282828,-12.7272727272727,60.1101375365244
8.68686868686869,-12.7272727272727,72.9503822060531
9.09090909090909,-12.7272727272727,87.2966116067193
9.4949494949495,-12.7272727272727,102.892979468624
9.8989898989899,-12.7272727272727,119.51892909649
10.3030303030303,-12.7272727272727,137.382260123828
10.7070707070707,-12.7272727272727,156.493282616468
11.1111111111111,-12.7272727272727,177.67583088856
11.5151515151515,-12.7272727272727,200.264055573
11.9191919191919,-12.7272727272727,224.241354940736
12.3232323232323,-12.7272727272727,248.645844517816
12.7272727272727,-12.7272727272727,273.985913051098
13.1313131313131,-12.7272727272727,299.950380541097
13.5353535353535,-12.7272727272727,326.765540474719
13.9393939393939,-12.7272727272727,355.417115964916
14.3434343434343,-12.7272727272727,385.413664520734
14.7474747474747,-12.7272727272727,416.911870379541
15.1515151515151,-12.7272727272727,450.4924248532
15.5555555555556,-12.7272727272727,485.711828479983
15.959595959596,-12.7272727272727,521.853516646467
16.3636363636364,-12.7272727272727,559.290231603205
16.7676767676768,-12.7272727272727,597.794564841286
17.1717171717172,-12.7272727272727,637.302702391141
17.5757575757576,-12.7272727272727,678.008988448225
17.979797979798,-12.7272727272727,720.290547720448
18.3838383838384,-12.7272727272727,763.779317121516
18.7878787878788,-12.7272727272727,808.541224403951
19.1919191919192,-12.7272727272727,854.303507875807
19.5959595959596,-12.7272727272727,901.110478957761
20,-12.7272727272727,949.161283416844
-20,-12.3232323232323,1441.30781294699
-19.5959595959596,-12.3232323232323,1401.39777980052
-19.1919191919192,-12.3232323232323,1362.1179195651
-18.7878787878788,-12.3232323232323,1323.76250933202
-18.3838383838384,-12.3232323232323,1285.44329149059
-17.979797979798,-12.3232323232323,1248.13075594933
-17.5757575757576,-12.3232323232323,1211.98176423454
-17.1717171717172,-12.3232323232323,1176.67460372211
-16.7676767676768,-12.3232323232323,1141.73003134889
-16.3636363636364,-12.3232323232323,1107.48331767059
-15.959595959596,-12.3232323232323,1073.65407932307
-15.5555555555556,-12.3232323232323,1040.35251386219
-15.1515151515152,-12.3232323232323,1008.32887878877
-14.7474747474747,-12.3232323232323,977.593122966592
-14.3434343434343,-12.3232323232323,948.328530427076
-13.9393939393939,-12.3232323232323,919.27649802187
-13.5353535353535,-12.3232323232323,890.65729353887
-13.1313131313131,-12.3232323232323,862.688286187948
-12.7272727272727,-12.3232323232323,835.586860410401
-12.3232323232323,-12.3232323232323,808.846780745984
-11.9191919191919,-12.3232323232323,782.211416858839
-11.5151515151515,-12.3232323232323,754.995679064084
-11.1111111111111,-12.3232323232323,727.014669617047
-10.7070707070707,-12.3232323232323,699.027456256595
-10.3030303030303,-12.3232323232323,670.743510013701
-9.8989898989899,-12.3232323232323,640.929620515732
-9.4949494949495,-12.3232323232323,611.745924525512
-9.09090909090909,-12.3232323232323,583.076031671989
-8.68686868686869,-12.3232323232323,554.846954148131
-8.28282828282828,-12.3232323232323,527.807629454864
-7.87878787878788,-12.3232323232323,501.235736206518
-7.47474747474748,-12.3232323232323,474.881298129637
-7.07070707070707,-12.3232323232323,448.583219459631
-6.66666666666667,-12.3232323232323,422.413338881933
-6.26262626262626,-12.3232323232323,397.033658117936
-5.85858585858586,-12.3232323232323,371.70785134151
-5.45454545454546,-12.3232323232323,346.773561639601
-5.05050505050505,-12.3232323232323,322.444916336875
-4.64646464646465,-12.3232323232323,298.465891390012
-4.24242424242424,-12.3232323232323,274.816028967211
-3.83838383838384,-12.3232323232323,251.637290457668
-3.43434343434344,-12.3232323232323,229.82022941373
-3.03030303030303,-12.3232323232323,208.863531115843
-2.62626262626263,-12.3232323232323,188.416932121617
-2.22222222222222,-12.3232323232323,168.926103123599
-1.81818181818182,-12.3232323232323,150.319728743897
-1.41414141414142,-12.3232323232323,132.159698421662
-1.01010101010101,-12.3232323232323,113.888700751296
-0.606060606060606,-12.3232323232323,96.9840678044238
-0.202020202020201,-12.3232323232323,87.542244058943
0.202020202020201,-12.3232323232323,72.5567368764157
0.606060606060606,-12.3232323232323,70.8035284997318
1.01010101010101,-12.3232323232323,60.969488952996
1.41414141414142,-12.3232323232323,48.098959176893
1.81818181818182,-12.3232323232323,36.5844390090909
2.22222222222222,-12.3232323232323,26.6921955623423
2.62626262626263,-12.3232323232323,18.1575727144105
3.03030303030303,-12.3232323232323,11.314098298729
3.43434343434343,-12.3232323232323,6.10874770205165
3.83838383838384,-12.3232323232323,2.48022868482379
4.24242424242424,-12.3232323232323,0.472480924776871
4.64646464646465,-12.3232323232323,0.0542587111633185
5.05050505050505,-12.3232323232323,1.34631724920954
5.45454545454545,-12.3232323232323,4.30274658997881
5.85858585858586,-12.3232323232323,8.7619914450681
6.26262626262626,-12.3232323232323,14.760634618963
6.66666666666667,-12.3232323232323,22.1965088546666
7.07070707070707,-12.3232323232323,30.9884623709038
7.47474747474747,-12.3232323232323,41.1902989279352
7.87878787878788,-12.3232323232323,52.4199241654759
8.28282828282828,-12.3232323232323,64.4798702118227
8.68686868686869,-12.3232323232323,77.8981795004815
9.09090909090909,-12.3232323232323,92.7696372562723
9.4949494949495,-12.3232323232323,108.600034610908
9.8989898989899,-12.3232323232323,125.658713739373
10.3030303030303,-12.3232323232323,143.886726775211
10.7070707070707,-12.3232323232323,164.232525926227
11.1111111111111,-12.3232323232323,185.961061772818
11.5151515151515,-12.3232323232323,209.095656625684
11.9191919191919,-12.3232323232323,232.674499958092
12.3232323232323,-12.3232323232323,257.178080864173
12.7272727272727,-12.3232323232323,282.304611114678
13.1313131313131,-12.3232323232323,308.365673812844
13.5353535353535,-12.3232323232323,336.302963119204
13.9393939393939,-12.3232323232323,365.550620137215
14.3434343434343,-12.3232323232323,396.354134501748
14.7474747474747,-12.3232323232323,429.281817806641
15.1515151515151,-12.3232323232323,463.551813706719
15.5555555555556,-12.3232323232323,498.873103092328
15.959595959596,-12.3232323232323,535.493250013088
16.3636363636364,-12.3232323232323,573.018381654266
16.7676767676768,-12.3232323232323,611.656889813418
17.1717171717172,-12.3232323232323,651.611539639475
17.5757575757576,-12.3232323232323,693.123015328866
17.979797979798,-12.3232323232323,735.793617151451
18.3838383838384,-12.3232323232323,779.619123118534
18.7878787878788,-12.3232323232323,824.418534956276
19.1919191919192,-12.3232323232323,870.409638645562
19.5959595959596,-12.3232323232323,917.718444855604
20,-12.3232323232323,966.530888936459
-20,-11.9191919191919,1408.17429698823
-19.5959595959596,-11.9191919191919,1368.83447328459
-19.1919191919192,-11.9191919191919,1329.96460875621
-18.7878787878788,-11.9191919191919,1291.65268302201
-18.3838383838384,-11.9191919191919,1254.06736646402
-17.979797979798,-11.9191919191919,1217.06041642526
-17.5757575757576,-11.9191919191919,1180.54662449049
-17.1717171717172,-11.9191919191919,1145.00945250239
-16.7676767676768,-11.9191919191919,1110.75567912883
-16.3636363636364,-11.9191919191919,1076.82178303423
-15.959595959596,-11.9191919191919,1043.50228662888
-15.5555555555556,-11.9191919191919,1010.75492722293
-15.1515151515152,-11.9191919191919,978.344682074311
-14.7474747474747,-11.9191919191919,947.082429941921
-14.3434343434343,-11.9191919191919,917.183319784931
-13.9393939393939,-11.9191919191919,888.651671472373
-13.5353535353535,-11.9191919191919,860.616165264508
-13.1313131313131,-11.9191919191919,832.913420173527
-12.7272727272727,-11.9191919191919,805.828023309307
-12.3232323232323,-11.9191919191919,779.639114655494
-11.9191919191919,-11.9191919191919,753.822288164747
-11.5151515151515,-11.9191919191919,728.118944386606
-11.1111111111111,-11.9191919191919,701.789432246552
-10.7070707070707,-11.9191919191919,674.763091953384
-10.3030303030303,-11.9191919191919,647.779937737674
-9.8989898989899,-11.9191919191919,620.218037867836
-9.4949494949495,-11.9191919191919,591.389116101325
-9.09090909090909,-11.9191919191919,563.435929029896
-8.68686868686869,-11.9191919191919,535.821567227676
-8.28282828282828,-11.9191919191919,508.968740765863
-7.87878787878788,-11.9191919191919,482.937879895777
-7.47474747474748,-11.9191919191919,457.491375522812
-7.07070707070707,-11.9191919191919,432.009495990544
-6.66666666666667,-11.9191919191919,406.645509293998
-6.26262626262626,-11.9191919191919,381.721911688636
-5.85858585858586,-11.9191919191919,357.35262452194
-5.45454545454546,-11.9191919191919,332.972713317592
-5.05050505050505,-11.9191919191919,309.38705040288
-4.64646464646465,-11.9191919191919,286.072555167318
-4.24242424242424,-11.9191919191919,263.051886234765
-3.83838383838384,-11.9191919191919,240.520184294065
-3.43434343434344,-11.9191919191919,219.115366670168
-3.03030303030303,-11.9191919191919,198.71407732561
-2.62626262626263,-11.9191919191919,178.911147091042
-2.22222222222222,-11.9191919191919,159.953284959051
-1.81818181818182,-11.9191919191919,141.865848167198
-1.41414141414142,-11.9191919191919,124.405200121394
-1.01010101010101,-11.9191919191919,106.730009649371
-0.606060606060606,-11.9191919191919,90.4078881882878
-0.202020202020201,-11.9191919191919,81.2976037644225
0.202020202020201,-11.9191919191919,66.8887820591546
0.606060606060606,-11.9191919191919,65.2035303169001
1.01010101010101,-11.9191919191919,55.7235071632133
1.41414141414142,-11.9191919191919,43.4253613702005
1.81818181818182,-11.9191919191919,32.5363226538026
2.22222222222222,-11.9191919191919,23.2211820382386
2.62626262626263,-11.9191919191919,15.2753148717036
3.03030303030303,-11.9191919191919,9.12761570145695
3.43434343434343,-11.9191919191919,4.50054869085669
3.83838383838384,-11.9191919191919,1.52108936151255
4.24242424242424,-11.9191919191919,0.113059489801494
4.64646464646465,-11.9191919191919,0.358299924856713
5.05050505050505,-11.9191919191919,2.29539954776385
5.45454545454545,-11.9191919191919,5.84729716957785
5.85858585858586,-11.9191919191919,10.8785553005687
6.26262626262626,-11.9191919191919,17.4624184969759
6.66666666666667,-11.9191919191919,25.3406323286421
7.07070707070707,-11.9191919191919,34.6630924469366
7.47474747474747,-11.9191919191919,45.2553298857305
7.87878787878788,-11.9191919191919,56.5493461146615
8.28282828282828,-11.9191919191919,69.0825481100559
8.68686868686869,-11.9191919191919,83.1388296610893
9.09090909090909,-11.9191919191919,98.2039961479867
9.4949494949495,-11.9191919191919,114.458018719403
9.8989898989899,-11.9191919191919,131.846516794929
10.3030303030303,-11.9191919191919,151.318018717193
10.7070707070707,-11.9191919191919,172.188129698965
11.1111111111111,-11.9191919191919,194.479428947688
11.5151515151515,-11.9191919191919,217.233268253317
11.9191919191919,-11.9191919191919,240.902297966337
12.3232323232323,-11.9191919191919,265.192555390348
12.7272727272727,-11.9191919191919,290.528160253283
13.1313131313131,-11.9191919191919,317.717292417006
13.5353535353535,-11.9191919191919,346.213259170158
13.9393939393939,-11.9191919191919,376.404058157262
14.3434343434343,-11.9191919191919,408.605479063998
14.7474747474747,-11.9191919191919,441.909422828471
15.1515151515151,-11.9191919191919,476.410214330637
15.5555555555556,-11.9191919191919,512.096965814077
15.959595959596,-11.9191919191919,548.733316668839
16.3636363636364,-11.9191919191919,586.54364996967
16.7676767676768,-11.9191919191919,625.891576151313
17.1717171717172,-11.9191919191919,666.471519987364
17.5757575757576,-11.9191919191919,708.311360559176
17.979797979798,-11.9191919191919,751.137303474321
18.3838383838384,-11.9191919191919,795.065407821934
18.7878787878788,-11.9191919191919,840.238568624814
19.1919191919192,-11.9191919191919,886.989031036349
19.5959595959596,-11.9191919191919,934.801107620881
20,-11.9191919191919,983.763751670663
-20,-11.5151515151515,1374.54312435673
-19.5959595959596,-11.5151515151515,1336.19793635896
-19.1919191919192,-11.5151515151515,1298.20221204255
-18.7878787878788,-11.5151515151515,1260.39913250399
-18.3838383838384,-11.5151515151515,1223.09698609515
-17.979797979798,-11.5151515151515,1186.40061196212
-17.5757575757576,-11.5151515151515,1150.59050014791
-17.1717171717172,-11.5151515151515,1114.90724368242
-16.7676767676768,-11.5151515151515,1080.17618818751
-16.3636363636364,-11.5151515151515,1046.63954251818
-15.959595959596,-11.5151515151515,1013.81296417172
-15.5555555555556,-11.5151515151515,981.424313407359
-15.1515151515152,-11.5151515151515,949.707934273264
-14.7474747474747,-11.5151515151515,918.294806918559
-14.3434343434343,-11.5151515151515,887.822980655633
-13.9393939393939,-11.5151515151515,858.701014928687
-13.5353535353535,-11.5151515151515,830.875194397882
-13.1313131313131,-11.5151515151515,803.88974803049
-12.7272727272727,-11.5151515151515,777.104758591967
-12.3232323232323,-11.5151515151515,750.906340197372
-11.9191919191919,-11.5151515151515,725.629647368823
-11.5151515151515,-11.5151515151515,700.735507618304
-11.1111111111111,-11.5151515151515,675.963919237273
-10.7070707070707,-11.5151515151515,650.493619509774
-10.3030303030303,-11.5151515151515,624.425182222737
-9.8989898989899,-11.5151515151515,598.483617245397
-9.4949494949495,-11.5151515151515,571.609765860817
-9.09090909090909,-11.5151515151515,543.903093218012
-8.68686868686869,-11.5151515151515,517.112812787841
-8.28282828282828,-11.5151515151515,490.563271445498
-7.87878787878788,-11.5151515151515,465.027465802572
-7.47474747474748,-11.5151515151515,440.073406914342
-7.07070707070707,-11.5151515151515,415.593198837863
-6.66666666666667,-11.5151515151515,391.08676042913
-6.26262626262626,-11.5151515151515,366.690139814781
-5.85858585858586,-11.5151515151515,343.057904295899
-5.45454545454546,-11.5151515151515,319.51154822257
-5.05050505050505,-11.5151515151515,296.418174251356
-4.64646464646465,-11.5151515151515,273.850468827985
-4.24242424242424,-11.5151515151515,251.563591208389
-3.83838383838384,-11.5151515151515,229.697934952031
-3.43434343434344,-11.5151515151515,208.669269103861
-3.03030303030303,-11.5151515151515,188.813917550051
-2.62626262626263,-11.5151515151515,169.658103498738
-2.22222222222222,-11.5151515151515,151.226983151119
-1.81818181818182,-11.5151515151515,133.656859666557
-1.41414141414142,-11.5151515151515,116.885026665361
-1.01010101010101,-11.5151515151515,99.8038953795219
-0.606060606060606,-11.5151515151515,84.062488772335
-0.202020202020201,-11.5151515151515,75.2840869210972
0.202020202020201,-11.5151515151515,61.4513042910908
0.606060606060606,-11.5151515151515,59.8448809342706
1.01010101010101,-11.5151515151515,50.6926187707551
1.41414141414142,-11.5151515151515,38.9872908118556
1.81818181818182,-11.5151515151515,28.7239375065485
2.22222222222222,-11.5151515151515,19.9634555438968
2.62626262626263,-11.5151515151515,12.6621604571412
3.03030303030303,-11.5151515151515,7.17391339661787
3.43434343434343,-11.5151515151515,3.15078515969276
3.83838383838384,-11.5151515151515,0.786275828684224
4.24242424242424,-11.5151515151515,0.000625376456130212
4.64646464646465,-11.5151515151515,0.911998522004046
5.05050505050505,-11.5151515151515,3.49221192608185
5.45454545454545,-11.5151515151515,7.58777830894032
5.85858585858586,-11.5151515151515,13.2241316928169
6.26262626262626,-11.5151515151515,20.2640404168137
6.66666666666667,-11.5151515151515,28.6853925174126
7.07070707070707,-11.5151515151515,38.492089646053
7.47474747474747,-11.5151515151515,49.1316473062684
7.87878787878788,-11.5151515151515,60.8166782238303
8.28282828282828,-11.5151515151515,74.0588203246178
8.68686868686869,-11.5151515151515,88.3259675004803
9.09090909090909,-11.5151515151515,103.780027347753
9.4949494949495,-11.5151515151515,120.380874195072
9.8989898989899,-11.5151515151515,138.931789237607
10.3030303030303,-11.5151515151515,158.944923184282
10.7070707070707,-11.5151515151515,180.392857119027
11.1111111111111,-11.5151515151515,202.32271913652
11.5151515151515,-11.5151515151515,225.158329492946
11.9191919191919,-11.5151515151515,248.624430836852
12.3232323232323,-11.5151515151515,273.260818906713
12.7272727272727,-11.5151515151515,299.659293793522
13.1313131313131,-11.5151515151515,327.399217208247
13.5353535353535,-11.5151515151515,356.968176098605
13.9393939393939,-11.5151515151515,388.39538674453
14.3434343434343,-11.5151515151515,420.783386368028
14.7474747474747,-11.5151515151515,454.466227022397
15.1515151515151,-11.5151515151515,489.184791865167
15.5555555555556,-11.5151515151515,524.955624371538
15.959595959596,-11.5151515151515,561.996790260682
16.3636363636364,-11.5151515151515,600.584215076657
16.7676767676768,-11.5151515151515,640.356219090408
17.1717171717172,-11.5151515151515,681.242231292034
17.5757575757576,-11.5151515151515,723.131308965511
17.979797979798,-11.5151515151515,766.24244875791
18.3838383838384,-11.5151515151515,810.794637381927
18.7878787878788,-11.5151515151515,856.611172485536
19.1919191919192,-11.5151515151515,903.543656419977
19.5959595959596,-11.5151515151515,951.437812386925
20,-11.5151515151515,1000.5872257025
-20,-11.1111111111111,1342.41984036164
-19.5959595959596,-11.1111111111111,1303.71219788491
-19.1919191919192,-11.1111111111111,1266.03957794612
-18.7878787878788,-11.1111111111111,1229.24237679678
-18.3838383838384,-11.1111111111111,1192.6690089754
-17.979797979798,-11.1111111111111,1156.42301696426
-17.5757575757576,-11.1111111111111,1120.70388909131
-17.1717171717172,-11.1111111111111,1085.6705251508
-16.7676767676768,-11.1111111111111,1051.29785375235
-16.3636363636364,-11.1111111111111,1017.3719920319
-15.959595959596,-11.1111111111111,984.46066803261
-15.5555555555556,-11.1111111111111,952.704752202223
-15.1515151515152,-11.1111111111111,921.287304435063
-14.7474747474747,-11.1111111111111,890.530132793942
-14.3434343434343,-11.1111111111111,860.212780772724
-13.9393939393939,-11.1111111111111,830.524024735071
-13.5353535353535,-11.1111111111111,802.144486705737
-13.1313131313131,-11.1111111111111,775.041311158511
-12.7272727272727,-11.1111111111111,749.059962269306
-12.3232323232323,-11.1111111111111,723.231913068451
-11.9191919191919,-11.1111111111111,697.923001498952
-11.5151515151515,-11.1111111111111,673.558283078209
-11.1111111111111,-11.1111111111111,649.58697029538
-10.7070707070707,-11.1111111111111,625.747829103342
-10.3030303030303,-11.1111111111111,601.13747073369
-9.8989898989899,-11.1111111111111,576.028584239194
-9.4949494949495,-11.1111111111111,551.099840687355
-9.09090909090909,-11.1111111111111,524.831755985365
-8.68686868686869,-11.1111111111111,498.387622722419
-8.28282828282828,-11.1111111111111,472.628105239121
-7.87878787878788,-11.1111111111111,447.183498688147
-7.47474747474748,-11.1111111111111,422.954409611549
-7.07070707070707,-11.1111111111111,399.190718301426
-6.66666666666667,-11.1111111111111,375.538844382552
-6.26262626262626,-11.1111111111111,351.99738202186
-5.85858585858586,-11.1111111111111,328.846910400571
-5.45454545454546,-11.1111111111111,306.220841965495
-5.05050505050505,-11.1111111111111,283.669586019968
-4.64646464646465,-11.1111111111111,261.824581023149
-4.24242424242424,-11.1111111111111,240.328954658407
-3.83838383838384,-11.1111111111111,219.154697861784
-3.43434343434344,-11.1111111111111,198.515431125992
-3.03030303030303,-11.1111111111111,179.170624161575
-2.62626262626263,-11.1111111111111,160.621723457607
-2.22222222222222,-11.1111111111111,142.74345503464
-1.81818181818182,-11.1111111111111,125.692377703935
-1.41414141414142,-11.1111111111111,109.591001137147
-1.01010101010101,-11.1111111111111,93.1088621675492
-0.606060606060606,-11.1111111111111,77.9480794082891
-0.202020202020201,-11.1111111111111,69.5015724971738
0.202020202020201,-11.1111111111111,56.2442535068692
0.606060606060606,-11.1111111111111,54.7136129926772
1.01010101010101,-11.1111111111111,45.9197397799998
1.41414141414142,-11.1111111111111,34.7902931691709
1.81818181818182,-11.1111111111111,25.1498645436824
2.22222222222222,-11.1111111111111,16.9559956928286
2.62626262626263,-11.1111111111111,10.3409663902562
3.03030303030303,-11.1111111111111,5.40875851675775
3.43434343434343,-11.1111111111111,2.04320970689842
3.83838383838384,-11.1111111111111,0.292282022396385
4.24242424242424,-11.1111111111111,0.152002590485098
4.64646464646465,-11.1111111111111,1.7145580283919
5.05050505050505,-11.1111111111111,4.89662763991912
5.45454545454545,-11.1111111111111,9.56816801980379
5.85858585858586,-11.1111111111111,15.7618414145189
6.26262626262626,-11.1111111111111,23.2868037569304
6.66666666666667,-11.1111111111111,32.2253090462663
7.07070707070707,-11.1111111111111,42.215231963152
7.47474747474747,-11.1111111111111,53.0912619146065
7.87878787878788,-11.1111111111111,65.4347256255062
8.28282828282828,-11.1111111111111,78.9654316670455
8.68686868686869,-11.1111111111111,93.6067182620415
9.09090909090909,-11.1111111111111,109.4415699231
9.4949494949495,-11.1111111111111,127.069215047757
9.8989898989899,-11.1111111111111,146.231503084466
10.3030303030303,-11.1111111111111,166.83570469207
10.7070707070707,-11.1111111111111,187.942293929099
11.1111111111111,-11.1111111111111,209.946469516655
11.5151515151515,-11.1111111111111,232.590367514826
11.9191919191919,-11.1111111111111,256.539255962664
12.3232323232323,-11.1111111111111,282.117166561202
12.7272727272727,-11.1111111111111,309.110352819283
13.1313131313131,-11.1111111111111,338.068727547466
13.5353535353535,-11.1111111111111,368.606376877632
13.9393939393939,-11.1111111111111,400.174314170656
14.3434343434343,-11.1111111111111,433.020397201101
14.7474747474747,-11.1111111111111,466.78742177913
15.1515151515151,-11.1111111111111,501.702436378129
15.5555555555556,-11.1111111111111,538.123709081132
15.959595959596,-11.1111111111111,575.79178412484
16.3636363636364,-11.1111111111111,614.710926526739
16.7676767676768,-11.1111111111111,654.606869019328
17.1717171717172,-11.1111111111111,695.65687623315
17.5757575757576,-11.1111111111111,738.021061208328
17.979797979798,-11.1111111111111,781.835734179664
18.3838383838384,-11.1111111111111,826.738042624428
18.7878787878788,-11.1111111111111,872.639095845669
19.1919191919192,-11.1111111111111,919.694807935395
19.5959595959596,-11.1111111111111,968.194074525846
20,-11.1111111111111,1018.33543390737
-20,-10.7070707070707,1311.17746167699
-19.5959595959596,-10.7070707070707,1272.74982886274
-19.1919191919192,-10.7070707070707,1235.02214108609
-18.7878787878788,-10.7070707070707,1197.97799499681
-18.3838383838384,-10.7070707070707,1161.99614807475
-17.979797979798,-10.7070707070707,1126.71838101815
-17.5757575757576,-10.7070707070707,1091.60853961081
-17.1717171717172,-10.7070707070707,1056.92246416718
-16.7676767676768,-10.7070707070707,1022.81348016777
-16.3636363636364,-10.7070707070707,989.518320919517
-15.959595959596,-10.7070707070707,956.501772660007
-15.5555555555556,-10.7070707070707,924.35170447564
-15.1515151515152,-10.7070707070707,893.417560744243
-14.7474747474747,-10.7070707070707,863.077345399082
-14.3434343434343,-10.7070707070707,833.255404365431
-13.9393939393939,-10.7070707070707,804.018893772341
-13.5353535353535,-10.7070707070707,775.191803165731
-13.1313131313131,-10.7070707070707,747.559172167419
-12.7272727272727,-10.7070707070707,721.212842828556
-12.3232323232323,-10.7070707070707,696.170170806866
-11.9191919191919,-10.7070707070707,671.293816442744
-11.5151515151515,-10.7070707070707,646.88110066324
-11.1111111111111,-10.7070707070707,623.426019323395
-10.7070707070707,-10.7070707070707,600.376291050546
-10.3030303030303,-10.7070707070707,577.4597443806
-9.8989898989899,-10.7070707070707,553.728183518655
-9.4949494949495,-10.7070707070707,529.585480975876
-9.09090909090909,-10.7070707070707,505.621332055837
-8.68686868686869,-10.7070707070707,480.087728798818
-8.28282828282828,-10.7070707070707,454.847765882382
-7.87878787878788,-10.7070707070707,430.159158431548
-7.47474747474748,-10.7070707070707,406.097525768936
-7.07070707070707,-10.7070707070707,382.883232410328
-6.66666666666667,-10.7070707070707,360.212957793366
-6.26262626262626,-10.7070707070707,337.531440598504
-5.85858585858586,-10.7070707070707,314.911131036738
-5.45454545454546,-10.7070707070707,293.024045207648
-5.05050505050505,-10.7070707070707,271.236325500319
-4.64646464646465,-10.7070707070707,250.014238484525
-4.24242424242424,-10.7070707070707,229.189129281759
-3.83838383838384,-10.7070707070707,208.66849763756
-3.43434343434344,-10.7070707070707,188.640952911866
-3.03030303030303,-10.7070707070707,169.792534878469
-2.62626262626263,-10.7070707070707,151.818239836827
-2.22222222222222,-10.7070707070707,134.459809542866
-1.81818181818182,-10.7070707070707,117.972580020425
-1.41414141414142,-10.7070707070707,102.466876434401
-1.01010101010101,-10.7070707070707,86.6386334960348
-0.606060606060606,-10.7070707070707,72.0643692862897
-0.202020202020201,-10.7070707070707,63.9500643822703
0.202020202020201,-10.7070707070707,51.2677321033936
0.606060606060606,-10.7070707070707,49.7817520477307
1.01010101010101,-10.7070707070707,41.3950609871236
1.41414141414142,-10.7070707070707,30.8334463801252
1.81818181818182,-10.7070707070707,21.8114612527662
2.22222222222222,-10.7070707070707,14.1933834842825
2.62626262626263,-10.7070707070707,8.25049824717308
3.03030303030303,-10.7070707070707,3.90153518741387
3.43434343434343,-10.7070707070707,1.18131801711042
3.83838383838384,-10.7070707070707,0.0331283174305611
4.24242424242424,-10.7070707070707,0.561990915621195
4.64646464646465,-10.7070707070707,2.76619281137494
5.05050505050505,-10.7070707070707,6.49800300433025
5.45454545454545,-10.7070707070707,11.7744232150361
5.85858585858586,-10.7070707070707,18.4182298715638
6.26262626262626,-10.7070707070707,26.4803928640931
6.66666666666667,-10.7070707070707,35.8126476176778
7.07070707070707,-10.7070707070707,45.9130783246067
7.47474747474747,-10.7070707070707,57.3336324828553
7.87878787878788,-10.7070707070707,70.1336452136404
8.28282828282828,-10.7070707070707,83.963105909943
8.68686868686869,-10.7070707070707,99.0228616015263
9.09090909090909,-10.7070707070707,115.730304973412
9.4949494949495,-10.7070707070707,134.048010733811
9.8989898989899,-10.7070707070707,153.808101718047
10.3030303030303,-10.7070707070707,174.092062238396
10.7070707070707,-10.7070707070707,195.260309593567
11.1111111111111,-10.7070707070707,217.091044326283
11.5151515151515,-10.7070707070707,240.345650038165
11.9191919191919,-10.7070707070707,265.117704470675
12.3232323232323,-10.7070707070707,291.396188891507
12.7272727272727,-10.7070707070707,319.727282098525
13.1313131313131,-10.7070707070707,349.335407541738
13.5353535353535,-10.7070707070707,380.082984864658
13.9393939393939,-10.7070707070707,411.977886323832
14.3434343434343,-10.7070707070707,444.877374127452
14.7474747474747,-10.7070707070707,479.008296550429
15.1515151515151,-10.7070707070707,514.673371404265
15.5555555555556,-10.7070707070707,551.545210830234
15.959595959596,-10.7070707070707,589.493937404884
16.3636363636364,-10.7070707070707,628.480643684923
16.7676767676768,-10.7070707070707,668.708905199324
17.1717171717172,-10.7070707070707,710.475082789712
17.5757575757576,-10.7070707070707,753.320301444847
17.979797979798,-10.7070707070707,797.245797322953
18.3838383838384,-10.7070707070707,842.21096544266
18.7878787878788,-10.7070707070707,888.645565964095
19.1919191919192,-10.7070707070707,936.615856587391
19.5959595959596,-10.7070707070707,986.4341907046
20,-10.7070707070707,1037.39502528802
-20,-10.3030303030303,1281.22716810063
-19.5959595959596,-10.3030303030303,1242.67588771684
-19.1919191919192,-10.3030303030303,1205.04002307499
-18.7878787878788,-10.3030303030303,1168.24363332862
-18.3838383838384,-10.3030303030303,1132.10429232813
-17.979797979798,-10.3030303030303,1096.71490964678
-17.5757575757576,-10.3030303030303,1062.41262024586
-17.1717171717172,-10.3030303030303,1028.6382007921
-16.7676767676768,-10.3030303030303,995.010042682385
-16.3636363636364,-10.3030303030303,961.896256767033
-15.959595959596,-10.3030303030303,929.409249474485
-15.5555555555556,-10.3030303030303,897.664429079491
-15.1515151515152,-10.3030303030303,866.328380711544
-14.7474747474747,-10.3030303030303,836.032960549169
-14.3434343434343,-10.3030303030303,806.767589144689
-13.9393939393939,-10.3030303030303,777.884538405295
-13.5353535353535,-10.3030303030303,749.676283149587
-13.1313131313131,-10.3030303030303,721.795771567513
-12.7272727272727,-10.3030303030303,694.957050862125
-12.3232323232323,-10.3030303030303,669.417240388305
-11.9191919191919,-10.3030303030303,645.218719868533
-11.5151515151515,-10.3030303030303,621.290692653216
-11.1111111111111,-10.3030303030303,597.804235953058
-10.7070707070707,-10.3030303030303,575.231782095353
-10.3030303030303,-10.3030303030303,553.104041969068
-9.8989898989899,-10.3030303030303,531.105717123505
-9.4949494949495,-10.3030303030303,508.265780447874
-9.09090909090909,-10.3030303030303,485.094576700593
-8.68686868686869,-10.3030303030303,461.938491155634
-8.28282828282828,-10.3030303030303,437.343219481499
-7.87878787878788,-10.3030303030303,413.328224229875
-7.47474747474748,-10.3030303030303,389.712563611165
-7.07070707070707,-10.3030303030303,366.963464155061
-6.66666666666667,-10.3030303030303,344.824644064849
-6.26262626262626,-10.3030303030303,323.032636214331
-5.85858585858586,-10.3030303030303,301.291033495468
-5.45454545454546,-10.3030303030303,279.912299809832
-5.05050505050505,-10.3030303030303,259.026483516725
-4.64646464646465,-10.3030303030303,238.31394540089
-4.24242424242424,-10.3030303030303,218.233137229695
-3.83838383838384,-10.3030303030303,198.452282989546
-3.43434343434344,-10.3030303030303,179.05993995114
-3.03030303030303,-10.3030303030303,160.604464332852
-2.62626262626263,-10.3030303030303,143.210696642998
-2.22222222222222,-10.3030303030303,126.418354617989
-1.81818181818182,-10.3030303030303,110.497382415055
-1.41414141414142,-10.3030303030303,95.5259419540579
-1.01010101010101,-10.3030303030303,80.401332723148
-0.606060606060606,-10.3030303030303,66.4116090568392
-0.202020202020201,-10.3030303030303,58.6305960918998
0.202020202020201,-10.3030303030303,46.5216747396999
0.606060606060606,-10.3030303030303,45.0700478791805
1.01010101010101,-10.3030303030303,37.1026108460656
1.41414141414142,-10.3030303030303,27.1216811078057
1.81818181818182,-10.3030303030303,18.7060540173953
2.22222222222222,-10.3030303030303,11.6580577545777
2.62626262626263,-10.3030303030303,6.40150527061355
3.03030303030303,-10.3030303030303,2.65237160990615
3.43434343434343,-10.3030303030303,0.547215380444224
3.83838383838384,-10.3030303030303,0.0328774804776553
4.24242424242424,-10.3030303030303,1.21812177094775
4.64646464646465,-10.3030303030303,4.03024090065766
5.05050505050505,-10.3030303030303,8.3391562418197
5.45454545454545,-10.3030303030303,14.1403094548208
5.85858585858586,-10.3030303030303,21.2977347406591
6.26262626262626,-10.3030303030303,29.8447738714419
6.66666666666667,-10.3030303030303,39.2565752857952
7.07070707070707,-10.3030303030303,49.7967495274441
7.47474747474747,-10.3030303030303,61.818205069329
7.87878787878788,-10.3030303030303,74.8536301517503
8.28282828282828,-10.3030303030303,89.1156814991111
8.68686868686869,-10.3030303030303,104.918776960907
9.09090909090909,-10.3030303030303,122.394205181606
9.4949494949495,-10.3030303030303,141.309999905887
9.8989898989899,-10.3030303030303,160.772613946139
10.3030303030303,-10.3030303030303,181.090715830139
10.7070707070707,-10.3030303030303,202.125883438627
11.1111111111111,-10.3030303030303,224.675478075878
11.5151515151515,-10.3030303030303,248.688494174361
11.9191919191919,-10.3030303030303,274.318461013378
12.3232323232323,-10.3030303030303,301.92174588055
12.7272727272727,-10.3030303030303,330.581039182453
13.1313131313131,-10.3030303030303,360.510461616834
13.5353535353535,-10.3030303030303,391.453956711203
13.9393939393939,-10.3030303030303,423.485881167158
14.3434343434343,-10.3030303030303,456.981669781039
14.7474747474747,-10.3030303030303,491.740194125677
15.1515151515151,-10.3030303030303,527.73281544691
15.5555555555556,-10.3030303030303,564.713145451426
15.959595959596,-10.3030303030303,602.884676014939
16.3636363636364,-10.3030303030303,642.476750584193
16.7676767676768,-10.3030303030303,683.308594612544
17.1717171717172,-10.3030303030303,725.255892044815
17.5757575757576,-10.3030303030303,768.168653862614
17.979797979798,-10.3030303030303,812.507088486628
18.3838383838384,-10.3030303030303,858.333094823149
18.7878787878788,-10.3030303030303,906.033621626191
19.1919191919192,-10.3030303030303,954.913298481169
19.5959595959596,-10.3030303030303,1004.81259946011
20,-10.3030303030303,1055.96976979319
-20,-9.8989898989899,1252.35799073157
-19.5959595959596,-9.8989898989899,1214.0006797906
-19.1919191919192,-9.8989898989899,1176.29646494515
-18.7878787878788,-9.8989898989899,1139.38196862955
-18.3838383838384,-9.8989898989899,1103.38109079294
-17.979797979798,-9.8989898989899,1068.21420992895
-17.5757575757576,-9.8989898989899,1033.67450258285
-17.1717171717172,-9.8989898989899,999.955477079938
-16.7676767676768,-9.8989898989899,967.283842583528
-16.3636363636364,-9.8989898989899,934.939752728104
-15.959595959596,-9.8989898989899,902.875471073527
-15.5555555555556,-9.8989898989899,871.356805630337
-15.1515151515152,-9.8989898989899,840.587438285524
-14.7474747474747,-9.8989898989899,810.22769903535
-14.3434343434343,-9.8989898989899,780.660172861995
-13.9393939393939,-9.8989898989899,752.315686109655
-13.5353535353535,-9.8989898989899,724.467606513032
-13.1313131313131,-9.8989898989899,697.204843899789
-12.7272727272727,-9.8989898989899,670.402016539504
-12.3232323232323,-9.8989898989899,644.331151508169
-11.9191919191919,-9.8989898989899,619.594317304118
-11.5151515151515,-9.8989898989899,596.195674736052
-11.1111111111111,-9.8989898989899,573.222735620163
-10.7070707070707,-9.8989898989899,550.67213386879
-10.3030303030303,-9.8989898989899,528.977031505406
-9.8989898989899,-9.8989898989899,507.769157740806
-9.4949494949495,-9.8989898989899,486.680958601504
-9.09090909090909,-9.8989898989899,464.750613054707
-8.68686868686869,-9.8989898989899,442.559987888279
-8.28282828282828,-9.8989898989899,420.191133084962
-7.87878787878788,-9.8989898989899,396.605834166505
-7.47474747474748,-9.8989898989899,373.777891765319
-7.07070707070707,-9.8989898989899,351.200760404048
-6.66666666666667,-9.8989898989899,329.699852406573
-6.26262626262626,-9.8989898989899,308.723134361641
-5.85858585858586,-9.8989898989899,287.857129627595
-5.45454545454546,-9.8989898989899,267.071107791571
-5.05050505050505,-9.8989898989899,246.93264816561
-4.64646464646465,-9.8989898989899,226.912762987146
-4.24242424242424,-9.8989898989899,207.510897865992
-3.83838383838384,-9.8989898989899,188.467517652839
-3.43434343434344,-9.8989898989899,169.772851394408
-3.03030303030303,-9.8989898989899,151.687318778628
-2.62626262626263,-9.8989898989899,134.825785039362
-2.22222222222222,-9.8989898989899,118.64172269598
-1.81818181818182,-9.8989898989899,103.26333882918
-1.41414141414142,-9.8989898989899,88.8284790279022
-1.01010101010101,-9.8989898989899,74.3970150625964
-0.606060606060606,-9.8989898989899,60.9897125777448
-0.202020202020201,-9.8989898989899,53.5431739982252
0.202020202020201,-9.8989898989899,42.0051623997258
0.606060606060606,-9.8989898989899,40.5841668449905
1.01010101010101,-9.8989898989899,33.0420926102106
1.41414141414142,-9.8989898989899,23.6547786432478
1.81818181818182,-9.8989898989899,15.794343087839
2.22222222222222,-9.8989898989899,9.4066461526488
2.62626262626263,-9.8989898989899,4.75135546435701
3.03030303030303,-9.8989898989899,1.64894805389758
3.43434343434343,-9.8989898989899,0.151345985435065
3.83838383838384,-9.8989898989899,0.296258858356743
4.24242424242424,-9.8989898989899,2.12470386877315
4.64646464646465,-9.8989898989899,5.49266694270746
5.05050505050505,-9.8989898989899,10.4059984199767
5.45454545454545,-9.8989898989899,16.6736555851763
5.85858585858586,-9.8989898989899,24.3591950400006
6.26262626262626,-9.8989898989899,33.1139459331062
6.66666666666667,-9.8989898989899,42.8181284626731
7.07070707070707,-9.8989898989899,54.0046054230072
7.47474747474747,-9.8989898989899,66.2671054498499
7.87878787878788,-9.8989898989899,79.7244513247228
8.28282828282828,-9.8989898989899,94.6373557074804
8.68686868686869,-9.8989898989899,111.270532501817
9.09090909090909,-9.8989898989899,129.341510659715
9.4949494949495,-9.8989898989899,147.983327024247
9.8989898989899,-9.8989898989899,167.454721574961
10.3030303030303,-9.8989898989899,187.695222086537
10.7070707070707,-9.8989898989899,209.532373868176
11.1111111111111,-9.8989898989899,232.784663143014
11.5151515151515,-9.8989898989899,257.763617963946
11.9191919191919,-9.8989898989899,284.529844685697
12.3232323232323,-9.8989898989899,312.343740336967
12.7272727272727,-9.8989898989899,341.397988629202
13.1313131313131,-9.8989898989899,371.422348594942
13.5353535353535,-9.8989898989899,402.654193243468
13.9393939393939,-9.8989898989899,435.390363048391
14.3434343434343,-9.8989898989899,469.357349094546
14.7474747474747,-9.8989898989899,504.357533415476
15.1515151515151,-9.8989898989899,540.465521899997
15.5555555555556,-9.8989898989899,577.883543086029
15.959595959596,-9.8989898989899,616.706840632526
16.3636363636364,-9.8989898989899,656.628066111558
16.7676767676768,-9.8989898989899,697.537511004016
17.1717171717172,-9.8989898989899,739.777737340194
17.5757575757576,-9.8989898989899,783.49224918072
17.979797979798,-9.8989898989899,829.049934743721
18.3838383838384,-9.8989898989899,875.847560536852
18.7878787878788,-9.8989898989899,923.662838578376
19.1919191919192,-9.8989898989899,972.736242207534
19.5959595959596,-9.8989898989899,1023.05753163399
20,-9.8989898989899,1074.76911182273
-20,-9.4949494949495,1224.14395007046
-19.5959595959596,-9.4949494949495,1186.12653976635
-19.1919191919192,-9.4949494949495,1148.65374185483
-18.7878787878788,-9.4949494949495,1111.91902586251
-18.3838383838384,-9.4949494949495,1075.84685823229
-17.979797979798,-9.4949494949495,1040.56784699463
-17.5757575757576,-9.4949494949495,1006.20266941225
-17.1717171717172,-9.4949494949495,972.656612377866
-16.7676767676768,-9.4949494949495,939.720321472169
-16.3636363636364,-9.4949494949495,907.737224348419
-15.959595959596,-9.4949494949495,876.609731930927
-15.5555555555556,-9.4949494949495,845.719080733489
-15.1515151515152,-9.4949494949495,815.217274317245
-14.7474747474747,-9.4949494949495,785.307833868479
-14.3434343434343,-9.4949494949495,756.16075144576
-13.9393939393939,-9.4949494949495,727.415556575065
-13.5353535353535,-9.4949494949495,699.727479999251
-13.1313131313131,-9.4949494949495,672.956480272229
-12.7272727272727,-9.4949494949495,646.636530147011
-12.3232323232323,-9.4949494949495,620.91127030412
-11.9191919191919,-9.4949494949495,595.66291746829
-11.5151515151515,-9.4949494949495,571.698418771906
-11.1111111111111,-9.4949494949495,549.060304122029
-10.7070707070707,-9.4949494949495,527.089934086798
-10.3030303030303,-9.4949494949495,505.475006435233
-9.8989898989899,-9.4949494949495,484.662903332159
-9.4949494949495,-9.4949494949495,464.372232983111
-9.09090909090909,-9.4949494949495,444.196515692633
-8.68686868686869,-9.4949494949495,423.182266387647
-8.28282828282828,-9.4949494949495,401.98252338614
-7.87878787878788,-9.4949494949495,380.406913305006
-7.47474747474748,-9.4949494949495,357.898216954205
-7.07070707070707,-9.4949494949495,336.097022318723
-6.66666666666667,-9.4949494949495,314.827669114659
-6.26262626262626,-9.4949494949495,294.429737556261
-5.85858585858586,-9.4949494949495,274.48444346085
-5.45454545454546,-9.4949494949495,254.526249005415
-5.05050505050505,-9.4949494949495,234.917340394302
-4.64646464646465,-9.4949494949495,215.779428611237
-4.24242424242424,-9.4949494949495,196.906792749419
-3.83838383838384,-9.4949494949495,178.604672216512
-3.43434343434344,-9.4949494949495,160.577054687735
-3.03030303030303,-9.4949494949495,143.067936728634
-2.62626262626263,-9.4949494949495,126.69603248976
-2.22222222222222,-9.4949494949495,111.127394761566
-1.81818181818182,-9.4949494949495,96.277453415008
-1.41414141414142,-9.4949494949495,82.3696845470217
-1.01010101010101,-9.4949494949495,68.6257595173728
-0.606060606060606,-9.4949494949495,55.7986351621708
-0.202020202020201,-9.4949494949495,48.6875789517972
0.202020202020201,-9.4949494949495,37.7069683032474
0.606060606060606,-9.4949494949495,36.3237880319833
1.01010101010101,-9.4949494949495,29.2076663755285
1.41414141414142,-9.4949494949495,20.4207922358876
1.81818181818182,-9.4949494949495,13.1333122854172
2.22222222222222,-9.4949494949495,7.41906317851024
2.62626262626263,-9.4949494949495,3.34527266671384
3.03030303030303,-9.4949494949495,0.88307240489425
3.43434343434343,-9.4949494949495,0.000745782488753383
3.83838383838384,-9.4949494949495,0.806320153246556
4.24242424242424,-9.4949494949495,3.24785308922528
4.64646464646465,-9.4949494949495,7.1952059667214
5.05050505050505,-9.4949494949495,12.6067813408495
5.45454545454545,-9.4949494949495,19.3981631523181
5.85858585858586,-9.4949494949495,27.473656559687
6.26262626262626,-9.4949494949495,36.3808547956828
6.66666666666667,-9.4949494949495,46.7156356234812
7.07070707070707,-9.4949494949495,58.2034706727605
7.47474747474747,-9.4949494949495,70.8560171514453
7.87878787878788,-9.4949494949495,84.886017748469
8.28282828282828,-9.4949494949495,100.676533373001
8.68686868686869,-9.4949494949495,117.902435807522
9.09090909090909,-9.4949494949495,135.724003087851
9.4949494949495,-9.4949494949495,154.352620055219
9.8989898989899,-9.4949494949495,173.790750647096
10.3030303030303,-9.4949494949495,194.917682923144
10.7070707070707,-9.4949494949495,217.404589028083
11.1111111111111,-9.4949494949495,241.7552919716
11.5151515151515,-9.4949494949495,267.629744611153
11.9191919191919,-9.4949494949495,294.623736543109
12.3232323232323,-9.4949494949495,322.738182354869
12.7272727272727,-9.4949494949495,351.90329618207
13.1313131313131,-9.4949494949495,382.466707638773
13.5353535353535,-9.4949494949495,414.316729156523
13.9393939393939,-9.4949494949495,447.381263552386
14.3434343434343,-9.4949494949495,481.45665614886
14.7474747474747,-9.4949494949495,516.741197023616
15.1515151515151,-9.4949494949495,553.519436943939
15.5555555555556,-9.4949494949495,591.400462533966
15.959595959596,-9.4949494949495,630.311905812214
16.3636363636364,-9.4949494949495,670.457853675019
16.7676767676768,-9.4949494949495,712.064920772993
17.1717171717172,-9.4949494949495,755.483504447425
17.5757575757576,-9.4949494949495,800.197301822501
17.979797979798,-9.4949494949495,845.929352176496
18.3838383838384,-9.4949494949495,892.918820950092
18.7878787878788,-9.4949494949495,941.152704247072
19.1919191919192,-9.4949494949495,990.80947149192
19.5959595959596,-9.4949494949495,1041.73328527973
20,-9.4949494949495,1093.70959530376
-20,-9.09090909090909,1195.96348158193
-19.5959595959596,-9.09090909090909,1158.49329094995
-19.1919191919192,-9.09090909090909,1121.6169052993
-18.7878787878788,-9.09090909090909,1085.26130918646
-18.3838383838384,-9.09090909090909,1049.43051992383
-17.979797979798,-9.09090909090909,1014.31976528871
-17.5757575757576,-9.09090909090909,979.880191050471
-17.1717171717172,-9.09090909090909,946.236192596379
-16.7676767676768,-9.09090909090909,913.501209832118
-16.3636363636364,-9.09090909090909,881.570341540787
-15.959595959596,-9.09090909090909,850.27613727386
-15.5555555555556,-9.09090909090909,819.979755687815
-15.1515151515152,-9.09090909090909,790.369260205723
-14.7474747474747,-9.09090909090909,760.956189093743
-14.3434343434343,-9.09090909090909,732.033750178476
-13.9393939393939,-9.09090909090909,703.805739388764
-13.5353535353535,-9.09090909090909,676.085121996815
-13.1313131313131,-9.09090909090909,649.099185976034
-12.7272727272727,-9.09090909090909,623.333823374188
-12.3232323232323,-9.09090909090909,597.982673788555
-11.9191919191919,-9.09090909090909,573.271781819281
-11.5151515151515,-9.09090909090909,548.96618456824
-11.1111111111111,-9.09090909090909,525.741023029753
-10.7070707070707,-9.09090909090909,503.853892429043
-10.3030303030303,-9.09090909090909,482.899569794453
-9.8989898989899,-9.09090909090909,462.212946921871
-9.4949494949495,-9.09090909090909,442.286858343982
-9.09090909090909,-9.09090909090909,422.913536840045
-8.68686868686869,-9.09090909090909,403.651883464136
-8.28282828282828,-9.09090909090909,383.560400773135
-7.87878787878788,-9.09090909090909,363.355943263968
-7.47474747474748,-9.09090909090909,342.457739592372
-7.07070707070707,-9.09090909090909,321.16182837655
-6.66666666666667,-9.09090909090909,300.45353922201
-6.26262626262626,-9.09090909090909,280.496001579789
-5.85858585858586,-9.09090909090909,261.175075536618
-5.45454545454546,-9.09090909090909,242.124220942073
-5.05050505050505,-9.09090909090909,223.170232236681
-4.64646464646465,-9.09090909090909,204.782619657152
-4.24242424242424,-9.09090909090909,186.542485785737
-3.83838383838384,-9.09090909090909,168.920822871306
-3.43434343434344,-9.09090909090909,151.631156581316
-3.03030303030303,-9.09090909090909,134.72437047061
-2.62626262626263,-9.09090909090909,118.832475670131
-2.22222222222222,-9.09090909090909,103.84105590767
-1.81818181818182,-9.09090909090909,89.5347556341614
-1.41414141414142,-9.09090909090909,76.143612729411
-1.01010101010101,-9.09090909090909,63.0851021070199
-0.606060606060606,-9.09090909090909,50.8384146971534
-0.202020202020201,-9.09090909090909,44.0627438435439
0.202020202020201,-9.09090909090909,33.6416370750764
0.606060606060606,-9.09090909090909,32.3020421735526
1.01010101010101,-9.09090909090909,25.5887383332351
1.41414141414142,-9.09090909090909,17.4239218914368
1.81818181818182,-9.09090909090909,10.7159921864385
2.22222222222222,-9.09090909090909,5.67076706678486
2.62626262626263,-9.09090909090909,2.1968411716095
3.03030303030303,-9.09090909090909,0.351961539192767
3.43434343434343,-9.09090909090909,0.11422045779036
3.83838383838384,-9.09090909090909,1.56771598201481
4.24242424242424,-9.09090909090909,4.57186902181182
4.64646464646465,-9.09090909090909,9.11410965066268
5.05050505050505,-9.09090909090909,15.0080024986738
5.45454545454545,-9.09090909090909,22.2960922007787
5.85858585858586,-9.09090909090909,30.488232981551
6.26262626262626,-9.09090909090909,39.9145979349914
6.66666666666667,-9.09090909090909,50.6558721220742
7.07070707070707,-9.09090909090909,62.5103128077981
7.47474747474747,-9.09090909090909,75.6647269557633
7.87878787878788,-9.09090909090909,90.612452175975
8.28282828282828,-9.09090909090909,106.992888716301
8.68686868686869,-9.09090909090909,123.99451764929
9.09090909090909,-9.09090909090909,141.784112132156
9.4949494949495,-9.09090909090909,160.47209349705
9.8989898989899,-9.09090909090909,180.825055339549
10.3030303030303,-9.09090909090909,202.563570973336
10.7070707070707,-9.09090909090909,226.286749718588
11.1111111111111,-9.09090909090909,251.246971272609
11.5151515151515,-9.09090909090909,277.42129359263
11.9191919191919,-9.09090909090909,304.590701752118
12.3232323232323,-9.09090909090909,332.927281844719
12.7272727272727,-9.09090909090909,362.735314482634
13.1313131313131,-9.09090909090909,393.781039309336
13.5353535353535,-9.09090909090909,425.857355326076
13.9393939393939,-9.09090909090909,459.08752072311
14.3434343434343,-9.09090909090909,493.719174640111
14.7474747474747,-9.09090909090909,529.568653264799
15.1515151515151,-9.09090909090909,566.49239798469
15.5555555555556,-9.09090909090909,604.546780932958
15.959595959596,-9.09090909090909,644.050498839255
16.3636363636364,-9.09090909090909,685.333946238521
16.7676767676768,-9.09090909090909,727.964479661637
17.1717171717172,-9.09090909090909,771.613093933529
17.5757575757576,-9.09090909090909,816.517753943308
17.979797979798,-9.09090909090909,862.663895544702
18.3838383838384,-9.09090909090909,910.26337672319
18.7878787878788,-9.09090909090909,959.054796135742
19.1919191919192,-9.09090909090909,1008.83386034121
19.5959595959596,-9.09090909090909,1059.4641474407
20,-9.09090909090909,1111.27729255214
-20,-8.68686868686869,1168.33568677348
-19.5959595959596,-8.68686868686869,1131.14262529569
-19.1919191919192,-8.68686868686869,1094.64861753719
-18.7878787878788,-8.68686868686869,1058.81333002718
-18.3838383838384,-8.68686868686869,1023.57319050927
-17.979797979798,-8.68686868686869,988.877638304226
-17.5757575757576,-8.68686868686869,954.688123466185
-17.1717171717172,-8.68686868686869,921.202319163721
-16.7676767676768,-8.68686868686869,888.396394869433
-16.3636363636364,-8.68686868686869,856.385846558309
-15.959595959596,-8.68686868686869,825.279742881971
-15.5555555555556,-8.68686868686869,794.962763063239
-15.1515151515152,-8.68686868686869,765.316839174396
-14.7474747474747,-8.68686868686869,736.679603071635
-14.3434343434343,-8.68686868686869,708.546480094379
-13.9393939393939,-8.68686868686869,680.664740804911
-13.5353535353535,-8.68686868686869,653.34576999798
-13.1313131313131,-8.68686868686869,626.78370837189
-12.7272727272727,-8.68686868686869,600.633641297083
-12.3232323232323,-8.68686868686869,575.543719447486
-11.9191919191919,-8.68686868686869,551.2708086861
-11.5151515151515,-8.68686868686869,527.50663207107
-11.1111111111111,-8.68686868686869,504.220358372113
-10.7070707070707,-8.68686868686869,481.774333788507
-10.3030303030303,-8.68686868686869,460.618193631397
-9.8989898989899,-8.68686868686869,440.637760029212
-9.4949494949495,-8.68686868686869,420.886111849603
-9.09090909090909,-8.68686868686869,401.849530833783
-8.68686868686869,-8.68686868686869,383.392919924829
-8.28282828282828,-8.68686868686869,365.038411267311
-7.87878787878788,-8.68686868686869,345.882552505831
-7.47474747474748,-8.68686868686869,326.678708063658
-7.07070707070707,-8.68686868686869,306.497533115411
-6.66666666666667,-8.68686868686869,286.426818168938
-6.26262626262626,-8.68686868686869,266.809526836921
-5.85858585858586,-8.68686868686869,248.0446688722
-5.45454545454546,-8.68686868686869,229.853801032935
-5.05050505050505,-8.68686868686869,211.703238881335
-4.64646464646465,-8.68686868686869,193.862590490278
-4.24242424242424,-8.68686868686869,176.484390203852
-3.83838383838384,-8.68686868686869,159.449613275553
-3.43434343434344,-8.68686868686869,142.891433734631
-3.03030303030303,-8.68686868686869,126.675294295256
-2.62626262626263,-8.68686868686869,111.166807373938
-2.22222222222222,-8.68686868686869,96.7776826345307
-1.81818181818182,-8.68686868686869,83.0396311364933
-1.41414141414142,-8.68686868686869,70.162150470348
-1.01010101010101,-8.68686868686869,57.7768863545952
-0.606060606060606,-8.68686868686869,46.1090243075013
-0.202020202020201,-8.68686868686869,39.6686496820604
0.202020202020201,-8.68686868686869,29.8232214275516
0.606060606060606,-8.68686868686869,28.5195505518271
1.01010101010101,-8.68686868686869,22.2098567169432
1.41414141414142,-8.68686868686869,14.6619253384035
1.81818181818182,-8.68686868686869,8.52882448126879
2.22222222222222,-8.68686868686869,4.13652995141568
2.62626262626263,-8.68686868686869,1.29691284905036
3.03030303030303,-8.68686868686869,0.0551318792795594
3.43434343434343,-8.68686868686869,0.4791711887504
3.83838383838384,-8.68686868686869,2.54947904377059
4.24242424242424,-8.68686868686869,6.13575125049745
4.64646464646465,-8.68686868686869,11.1625303405752
5.05050505050505,-8.68686868686869,17.591918305953
5.45454545454545,-8.68686868686869,25.111203019309
5.85858585858586,-8.68686868686869,33.6605767869762
6.26262626262626,-8.68686868686869,43.6317769959054
6.66666666666667,-8.68686868686869,54.6873018296017
7.07070707070707,-8.68686868686869,66.9782471755159
7.47474747474747,-8.68686868686869,81.0782629006853
7.87878787878788,-8.68686868686869,96.6129256291042
8.28282828282828,-8.68686868686869,112.796653692346
8.68686868686869,-8.68686868686869,129.753573662624
9.09090909090909,-8.68686868686869,147.707043638304
9.4949494949495,-8.68686868686869,167.260235256037
9.8989898989899,-8.68686868686869,188.3474697513
10.3030303030303,-8.68686868686869,211.321117498586
10.7070707070707,-8.68686868686869,235.381062285781
11.1111111111111,-8.68686868686869,260.649247101952
11.5151515151515,-8.68686868686869,286.942262670344
11.9191919191919,-8.68686868686869,314.579400429376
12.3232323232323,-8.68686868686869,343.52327736381
12.7272727272727,-8.68686868686869,373.661913548133
13.1313131313131,-8.68686868686869,404.835811080638
13.5353535353535,-8.68686868686869,437.306867160908
13.9393939393939,-8.68686868686869,471.143331120205
14.3434343434343,-8.68686868686869,506.076510003448
14.7474747474747,-8.68686868686869,542.048709124948
15.1515151515151,-8.68686868686869,579.449869619675
15.5555555555556,-8.68686868686869,618.601240036261
15.959595959596,-8.68686868686869,659.147460458568
16.3636363636364,-8.68686868686869,700.712212599267
16.7676767676768,-8.68686868686869,743.533353242446
17.1717171717172,-8.68686868686869,787.59923944576
17.5757575757576,-8.68686868686869,833.141913059454
17.979797979798,-8.68686868686869,879.79394732846
18.3838383838384,-8.68686868686869,927.37429586694
18.7878787878788,-8.68686868686869,975.94289142451
19.1919191919192,-8.68686868686869,1025.66858956109
19.5959595959596,-8.68686868686869,1076.62304647071
20,-8.68686868686869,1128.77988730224
-20,-8.28282828282828,1141.75967778176
-19.5959595959596,-8.28282828282828,1104.74342762187
-19.1919191919192,-8.28282828282828,1068.30946591864
-18.7878787878788,-8.28282828282828,1032.70264208313
-18.3838383838384,-8.28282828282828,997.817152011098
-17.979797979798,-8.28282828282828,963.617382551653
-17.5757575757576,-8.28282828282828,930.012922033797
-17.1717171717172,-8.28282828282828,896.974807368149
-16.7676767676768,-8.28282828282828,864.427742568519
-16.3636363636364,-8.28282828282828,832.567873852713
-15.959595959596,-8.28282828282828,801.393781310224
-15.5555555555556,-8.28282828282828,771.016808880423
-15.1515151515152,-8.28282828282828,741.556518210397
-14.7474747474747,-8.28282828282828,712.83109102604
-14.3434343434343,-8.28282828282828,684.832287830655
-13.9393939393939,-8.28282828282828,657.837083552713
-13.5353535353535,-8.28282828282828,631.16376699373
-13.1313131313131,-8.28282828282828,604.848806272002
-12.7272727272727,-8.28282828282828,579.174669865373
-12.3232323232323,-8.28282828282828,554.074462325811
-11.9191919191919,-8.28282828282828,529.688635226027
-11.5151515151515,-8.28282828282828,506.458179033876
-11.1111111111111,-8.28282828282828,483.644751601886
-10.7070707070707,-8.28282828282828,461.427107440063
-10.3030303030303,-8.28282828282828,439.782726142317
-9.8989898989899,-8.28282828282828,419.418601039486
-9.4949494949495,-8.28282828282828,400.295709863472
-9.09090909090909,-8.28282828282828,381.494180672109
-8.68686868686869,-8.28282828282828,363.349907913405
-8.28282828282828,-8.28282828282828,345.81075945973
-7.87878787878788,-8.28282828282828,328.363684476527
-7.47474747474748,-8.28282828282828,310.143844025218
-7.07070707070707,-8.28282828282828,291.90770067373
-6.66666666666667,-8.28282828282828,272.544475040028
-6.26262626262626,-8.28282828282828,253.646074076628
-5.85858585858586,-8.28282828282828,235.158991936735
-5.45454545454546,-8.28282828282828,217.577282224307
-5.05050505050505,-8.28282828282828,200.348910014851
-4.64646464646465,-8.28282828282828,183.212470429307
-4.24242424242424,-8.28282828282828,166.574228914414
-3.83838383838384,-8.28282828282828,150.135487750776
-3.43434343434344,-8.28282828282828,134.29634823008
-3.03030303030303,-8.28282828282828,118.776156636556
-2.62626262626263,-8.28282828282828,103.786019469066
-2.22222222222222,-8.28282828282828,89.907325548406
-1.81818181818182,-8.28282828282828,76.7495079267182
-1.41414141414142,-8.28282828282828,64.4253630099897
-1.01010101010101,-8.28282828282828,52.7009349888759
-0.606060606060606,-8.28282828282828,41.6104976682044
-0.202020202020201,-8.28282828282828,35.505298410966
0.202020202020201,-8.28282828282828,26.2372239185061
0.606060606060606,-8.28282828282828,24.9542798105099
1.01010101010101,-8.28282828282828,19.0752147462352
1.41414141414142,-8.28282828282828,12.1146383041691
1.81818181818182,-8.28282828282828,6.6374512089646
2.22222222222222,-8.28282828282828,2.83177977457511
2.62626262626263,-8.28282828282828,0.628250395601376
3.03030303030303,-8.28282828282828,0.0168147896428509
3.43434343434343,-8.28282828282828,1.09523437744428
3.83838383838384,-8.28282828282828,3.73607381320386
4.24242424242424,-8.28282828282828,7.89274110932948
4.64646464646465,-8.28282828282828,13.4174583019381
5.05050505050505,-8.28282828282828,20.2382432774128
5.45454545454545,-8.28282828282828,27.9693707592562
5.85858585858586,-8.28282828282828,37.1273042717999
6.26262626262626,-8.28282828282828,47.3683103490466
6.66666666666667,-8.28282828282828,58.8260491177528
7.07070707070707,-8.28282828282828,72.073862500571
7.47474747474747,-8.28282828282828,86.7624844143134
7.87878787878788,-8.28282828282828,102.119246650385
8.28282828282828,-8.28282828282828,118.243930333271
8.68686868686869,-8.28282828282828,135.48312619028
9.09090909090909,-8.28282828282828,154.264789045264
9.4949494949495,-8.28282828282828,174.674242265576
9.8989898989899,-8.28282828282828,196.792407359127
10.3030303030303,-8.28282828282828,220.032494428223
10.7070707070707,-8.28282828282828,244.37805949934
11.1111111111111,-8.28282828282828,269.825057852511
11.5151515151515,-8.28282828282828,296.707571827914
11.9191919191919,-8.28282828282828,324.834503452479
12.3232323232323,-8.28282828282828,353.994019009391
12.7272727272727,-8.28282828282828,384.335853814473
13.1313131313131,-8.28282828282828,416.129053330396
13.5353535353535,-8.28282828282828,449.037828438484
13.9393939393939,-8.28282828282828,482.96607354584
14.3434343434343,-8.28282828282828,518.282064013562
14.7474747474747,-8.28282828282828,555.285655380976
15.1515151515151,-8.28282828282828,593.746582897887
15.5555555555556,-8.28282828282828,633.228075739139
15.959595959596,-8.28282828282828,673.965375910835
16.3636363636364,-8.28282828282828,715.971804802856
16.7676767676768,-8.28282828282828,759.443660226074
17.1717171717172,-8.28282828282828,803.951432712379
17.5757575757576,-8.28282828282828,849.34439201487
17.979797979798,-8.28282828282828,895.830324631476
18.3838383838384,-8.28282828282828,943.490971731199
18.7878787878788,-8.28282828282828,992.386933044965
19.1919191919192,-8.28282828282828,1042.4721528174
19.5959595959596,-8.28282828282828,1093.88319411839
20,-8.28282828282828,1146.51352950288
-20,-7.87878787878788,1114.94571084345
-19.5959595959596,-7.87878787878788,1078.78523594369
-19.1919191919192,-7.87878787878788,1042.88328471546
-18.7878787878788,-7.87878787878788,1007.65912654467
-18.3838383838384,-7.87878787878788,972.792481609525
-17.979797979798,-7.87878787878788,938.7524328189
-17.5757575757576,-7.87878787878788,905.480219484192
-17.1717171717172,-7.87878787878788,872.904573915781
-16.7676767676768,-7.87878787878788,840.935750872585
-16.3636363636364,-7.87878787878788,809.553644667997
-15.959595959596,-7.87878787878788,778.648209984797
-15.5555555555556,-7.87878787878788,748.416134974222
-15.1515151515152,-7.87878787878788,718.8745844121
-14.7474747474747,-7.87878787878788,690.130682976003
-14.3434343434343,-7.87878787878788,662.316292884528
-13.9393939393939,-7.87878787878788,635.18781983664
-13.5353535353535,-7.87878787878788,608.90060117657
-13.1313131313131,-7.87878787878788,583.43836983134
-12.7272727272727,-7.87878787878788,558.239602716238
-12.3232323232323,-7.87878787878788,533.513990383236
-11.9191919191919,-7.87878787878788,509.537503611061
-11.5151515151515,-7.87878787878788,485.982550782548
-11.1111111111111,-7.87878787878788,463.487317374956
-10.7070707070707,-7.87878787878788,441.710065169326
-10.3030303030303,-7.87878787878788,420.495135189831
-9.8989898989899,-7.87878787878788,399.751489129576
-9.4949494949495,-7.87878787878788,380.182550136245
-9.09090909090909,-7.87878787878788,361.892641093201
-8.68686868686869,-7.87878787878788,344.037246658883
-8.28282828282828,-7.87878787878788,326.7886201205
-7.87878787878788,-7.87878787878788,310.166887281364
-7.47474747474748,-7.87878787878788,293.626679891232
-7.07070707070707,-7.87878787878788,276.345358903636
-6.66666666666667,-7.87878787878788,258.972274673171
-6.26262626262626,-7.87878787878788,240.604614514452
-5.85858585858586,-7.87878787878788,222.786957775287
-5.45454545454546,-7.87878787878788,205.626426025358
-5.05050505050505,-7.87878787878788,189.118140664421
-4.64646464646465,-7.87878787878788,172.821035209242
-4.24242424242424,-7.87878787878788,156.747747049821
-3.83838383838384,-7.87878787878788,141.134978820822
-3.43434343434344,-7.87878787878788,125.91197807751
-3.03030303030303,-7.87878787878788,111.100091549606
-2.62626262626263,-7.87878787878788,96.685462432721
-2.22222222222222,-7.87878787878788,83.2905749858851
-1.81818181818182,-7.87878787878788,70.7077980443308
-1.41414141414142,-7.87878787878788,58.9332463458356
-1.01010101010101,-7.87878787878788,47.8502090466946
-0.606060606060606,-7.87878787878788,37.342797868522
-0.202020202020201,-7.87878787878788,31.5714702120958
0.202020202020201,-7.87878787878788,22.8825883349763
0.606060606060606,-7.87878787878788,21.6424140698336
1.01010101010101,-7.87878787878788,16.1848893256567
1.41414141414142,-7.87878787878788,9.79824225944386
1.81818181818182,-7.87878787878788,4.98414795547596
2.22222222222222,-7.87878787878788,1.78419717594025
2.62626262626263,-7.87878787878788,0.195205977800406
3.03030303030303,-7.87878787878788,0.23691760214108
3.43434343434343,-7.87878787878788,1.93554786040306
3.83838383838384,-7.87878787878788,5.16108319936611
4.24242424242424,-7.87878787878788,9.81399307735794
4.64646464646465,-7.87878787878788,15.8459729491143
5.05050505050505,-7.87878787878788,22.8233599631757
5.45454545454545,-7.87878787878788,31.1293543423955
5.85858585858586,-7.87878787878788,40.5912249635841
6.26262626262626,-7.87878787878788,51.2383980411719
6.66666666666667,-7.87878787878788,63.5992931783946
7.07070707070707,-7.87878787878788,77.4415482870917
7.47474747474747,-7.87878787878788,91.9684146807191
7.87878787878788,-7.87878787878788,107.268602891145
8.28282828282828,-7.87878787878788,123.784299574117
8.68686868686869,-7.87878787878788,141.79476397783
9.09090909090909,-7.87878787878788,161.544998998425
9.4949494949495,-7.87878787878788,182.781001240819
9.8989898989899,-7.87878787878788,205.187068987843
10.3030303030303,-7.87878787878788,228.601593412602
10.7070707070707,-7.87878787878788,253.319524343525
11.1111111111111,-7.87878787878788,279.361805797913
11.5151515151515,-7.87878787878788,306.562271075525
11.9191919191919,-7.87878787878788,334.851265652451
12.3232323232323,-7.87878787878788,364.522163835037
12.7272727272727,-7.87878787878788,395.389607199592
13.1313131313131,-7.87878787878788,427.31376129143
13.5353535353535,-7.87878787878788,460.533813739256
13.9393939393939,-7.87878787878788,495.387931350357
14.3434343434343,-7.87878787878788,531.761861936468
14.7474747474747,-7.87878787878788,569.159607486328
15.1515151515151,-7.87878787878788,607.813618897284
15.5555555555556,-7.87878787878788,647.758122763515
15.959595959596,-7.87878787878788,689.11232064901
16.3636363636364,-7.87878787878788,731.512040729686
16.7676767676768,-7.87878787878788,774.741465633322
17.1717171717172,-7.87878787878788,819.141953026312
17.5757575757576,-7.87878787878788,864.74442407341
17.979797979798,-7.87878787878788,911.553089293795
18.3838383838384,-7.87878787878788,959.624886409285
18.7878787878788,-7.87878787878788,1008.97538365085
19.1919191919192,-7.87878787878788,1059.69510906307
19.5959595959596,-7.87878787878788,1111.7394621449
20,-7.87878787878788,1165.03216054766
-20,-7.47474747474748,1088.90322329591
-19.5959595959596,-7.47474747474748,1052.84178270343
-19.1919191919192,-7.47474747474748,1017.31310237236
-18.7878787878788,-7.47474747474748,982.595339985264
-18.3838383838384,-7.47474747474748,948.492765330577
-17.979797979798,-7.47474747474748,914.905709957626
-17.5757575757576,-7.47474747474748,881.787253778226
-17.1717171717172,-7.47474747474748,849.309115905549
-16.7676767676768,-7.47474747474748,817.641066671602
-16.3636363636364,-7.47474747474748,786.675473356424
-15.959595959596,-7.47474747474748,756.342130936499
-15.5555555555556,-7.47474747474748,726.603301897629
-15.1515151515152,-7.47474747474748,697.349896445389
-14.7474747474747,-7.47474747474748,668.746064645029
-14.3434343434343,-7.47474747474748,640.837877436473
-13.9393939393939,-7.47474747474748,613.743354963441
-13.5353535353535,-7.47474747474748,587.55218003254
-13.1313131313131,-7.47474747474748,562.020998571318
-12.7272727272727,-7.47474747474748,537.428629233331
-12.3232323232323,-7.47474747474748,513.488318342886
-11.9191919191919,-7.47474747474748,489.790319615156
-11.5151515151515,-7.47474747474748,466.678693859581
-11.1111111111111,-7.47474747474748,444.194344937256
-10.7070707070707,-7.47474747474748,422.429725124814
-10.3030303030303,-7.47474747474748,401.696758043073
-9.8989898989899,-7.47474747474748,381.436290001703
-9.4949494949495,-7.47474747474748,361.676200728391
-9.09090909090909,-7.47474747474748,342.873377876935
-8.68686868686869,-7.47474747474748,325.410680660225
-8.28282828282828,-7.47474747474748,308.515254063089
-7.87878787878788,-7.47474747474748,292.165721393069
-7.47474747474748,-7.47474747474748,276.460974986646
-7.07070707070707,-7.47474747474748,260.811719577526
-6.66666666666667,-7.47474747474748,244.469467925082
-6.26262626262626,-7.47474747474748,227.963253376139
-5.85858585858586,-7.47474747474748,210.677993267362
-5.45454545454546,-7.47474747474748,193.958818012872
-5.05050505050505,-7.47474747474748,177.988261061634
-4.64646464646465,-7.47474747474748,162.537973684795
-4.24242424242424,-7.47474747474748,147.181545595463
-3.83838383838384,-7.47474747474748,132.307045185217
-3.43434343434344,-7.47474747474748,117.676910286404
-3.03030303030303,-7.47474747474748,103.610591109657
-2.62626262626263,-7.47474747474748,89.8760405642188
-2.22222222222222,-7.47474747474748,76.9393802305293
-1.81818181818182,-7.47474747474748,64.9332239659573
-1.41414141414142,-7.47474747474748,53.685754549646
-1.01010101010101,-7.47474747474748,43.2333492155061
-0.606060606060606,-7.47474747474748,33.305972826756
-0.202020202020201,-7.47474747474748,27.8674339841343
0.202020202020201,-7.47474747474748,19.7549641683748
0.606060606060606,-7.47474747474748,18.5706388888752
1.01010101010101,-7.47474747474748,13.5306493474664
1.41414141414142,-7.47474747474748,7.72512173024581
1.81818181818182,-7.47474747474748,3.56513988864328
2.22222222222222,-7.47474747474748,0.985627549379662
2.62626262626263,-7.47474747474748,0.00622260453131372
3.03030303030303,-7.47474747474748,0.707252532143869
3.43434343434343,-7.47474747474748,2.98549199427487
3.83838383838384,-7.47474747474748,6.75815257973292
4.24242424242424,-7.47474747474748,11.9234995508659
4.64646464646465,-7.47474747474748,18.2089228855512
5.05050505050505,-7.47474747474748,25.6411229070143
5.45454545454545,-7.47474747474748,34.3370760830202
5.85858585858586,-7.47474747474748,44.1912352726079
6.26262626262626,-7.47474747474748,55.6525829834842
6.66666666666667,-7.47474747474748,68.6501517985375
7.07070707070707,-7.47474747474748,82.3488545403518
7.47474747474747,-7.47474747474748,96.8300895007797
7.87878787878788,-7.47474747474748,112.612389007848
8.28282828282828,-7.47474747474748,129.848514096565
8.68686868686869,-7.47474747474748,148.955552609709
9.09090909090909,-7.47474747474748,169.286709342184
9.4949494949495,-7.47474747474748,190.7800201107
9.8989898989899,-7.47474747474748,213.346964344728
10.3030303030303,-7.47474747474748,237.308082786599
10.7070707070707,-7.47474747474748,262.509646243434
11.1111111111111,-7.47474747474748,288.766686326433
11.5151515151515,-7.47474747474748,316.290108216264
11.9191919191919,-7.47474747474748,345.143292880329
12.3232323232323,-7.47474747474748,375.067599621152
12.7272727272727,-7.47474747474748,406.199797430693
13.1313131313131,-7.47474747474748,438.907288840694
13.5353535353535,-7.47474747474748,473.193395512346
13.9393939393939,-7.47474747474748,508.507757800783
14.3434343434343,-7.47474747474748,545.078186220229
14.7474747474747,-7.47474747474748,582.959082074049
15.1515151515151,-7.47474747474748,622.186165418199
15.5555555555556,-7.47474747474748,662.423532716104
15.959595959596,-7.47474747474748,703.56786635309
16.3636363636364,-7.47474747474748,745.885194491115
16.7676767676768,-7.47474747474748,789.428824418001
17.1717171717172,-7.47474747474748,834.164470935445
17.5757575757576,-7.47474747474748,880.215704032386
17.979797979798,-7.47474747474748,927.526482573003
18.3838383838384,-7.47474747474748,976.26992531853
18.7878787878788,-7.47474747474748,1026.24873344103
19.1919191919192,-7.47474747474748,1077.49489004742
19.5959595959596,-7.47474747474748,1130.05444943711
20,-7.47474747474748,1183.86163957376
-20,-7.07070707070707,1063.05654411763
-19.5959595959596,-7.07070707070707,1027.45814079811
-19.1919191919192,-7.07070707070707,992.456596391408
-18.7878787878788,-7.07070707070707,958.023592613528
-18.3838383838384,-7.07070707070707,924.206388720675
-17.979797979798,-7.07070707070707,890.954910207692
-17.5757575757576,-7.07070707070707,858.615502018097
-17.1717171717172,-7.07070707070707,826.629863593193
-16.7676767676768,-7.07070707070707,795.29202517817
-16.3636363636364,-7.07070707070707,764.375579754067
-15.959595959596,-7.07070707070707,734.282375966605
-15.5555555555556,-7.07070707070707,704.929826906147
-15.1515151515152,-7.07070707070707,676.232027956958
-14.7474747474747,-7.07070707070707,648.128148717692
-14.3434343434343,-7.07070707070707,620.533009132805
-13.9393939393939,-7.07070707070707,593.558805107744
-13.5353535353535,-7.07070707070707,567.283915823014
-13.1313131313131,-7.07070707070707,541.834662106004
-12.7272727272727,-7.07070707070707,517.264370293861
-12.3232323232323,-7.07070707070707,493.370161084901
-11.9191919191919,-7.07070707070707,470.412371870183
-11.5151515151515,-7.07070707070707,447.942021524605
-11.1111111111111,-7.07070707070707,425.81686917836
-10.7070707070707,-7.07070707070707,404.39679826262
-10.3030303030303,-7.07070707070707,383.462387916298
-9.8989898989899,-7.07070707070707,363.552083076036
-9.4949494949495,-7.07070707070707,344.280902432368
-9.09090909090909,-7.07070707070707,325.571036726447
-8.68686868686869,-7.07070707070707,307.535434980204
-8.28282828282828,-7.07070707070707,290.832713624425
-7.87878787878788,-7.07070707070707,274.9287314094
-7.47474747474748,-7.07070707070707,259.480881955439
-7.07070707070707,-7.07070707070707,244.693365999963
-6.66666666666667,-7.07070707070707,229.940936750619
-6.26262626262626,-7.07070707070707,214.553180549192
-5.85858585858586,-7.07070707070707,198.870107053366
-5.45454545454546,-7.07070707070707,182.731503966449
-5.05050505050505,-7.07070707070707,167.092719785686
-4.64646464646465,-7.07070707070707,152.326268911068
-4.24242424242424,-7.07070707070707,137.869660027984
-3.83838383838384,-7.07070707070707,123.57284733813
-3.43434343434344,-7.07070707070707,109.713394394294
-3.03030303030303,-7.07070707070707,96.2932308989076
-2.62626262626263,-7.07070707070707,83.2655105561453
-2.22222222222222,-7.07070707070707,70.8001939281468
-1.81818181818182,-7.07070707070707,59.3908842640927
-1.41414141414142,-7.07070707070707,48.6807536852199
-1.01010101010101,-7.07070707070707,38.8482705542338
-0.606060606060606,-7.07070707070707,29.5000031155252
-0.202020202020201,-7.07070707070707,24.3944408813146
0.202020202020201,-7.07070707070707,16.8560230523561
0.606060606060606,-7.07070707070707,15.7323467413232
1.01010101010101,-7.07070707070707,11.1098816872526
1.41414141414142,-7.07070707070707,5.89421061048143
1.81818181818182,-7.07070707070707,2.36104507746375
2.22222222222222,-7.07070707070707,0.417180937969334
2.62626262626263,-7.07070707070707,0.0791952898235168
3.03030303030303,-7.07070707070707,1.40604388914806
3.43434343434343,-7.07070707070707,4.2691206162321
3.83838383838384,-7.07070707070707,8.53769093090081
4.24242424242424,-7.07070707070707,14.1064441389631
4.64646464646465,-7.07070707070707,20.6739945921322
5.05050505050505,-7.07070707070707,28.6047109665062
5.45454545454545,-7.07070707070707,37.6621384523527
5.85858585858586,-7.07070707070707,48.2355448376353
6.26262626262626,-7.07070707070707,60.3882030724813
6.66666666666667,-7.07070707070707,73.2604816529642
7.07070707070707,-7.07070707070707,86.9258509610947
7.47474747474747,-7.07070707070707,101.967805002547
7.87878787878788,-7.07070707070707,118.491784777806
8.28282828282828,-7.07070707070707,136.823257555379
8.68686868686869,-7.07070707070707,156.307632125073
9.09090909090909,-7.07070707070707,176.884298486486
9.4949494949495,-7.07070707070707,198.681077951723
9.8989898989899,-7.07070707070707,221.827176498742
10.3030303030303,-7.07070707070707,246.09236147401
10.7070707070707,-7.07070707070707,271.49436663831
11.1111111111111,-7.07070707070707,298.304470439192
11.5151515151515,-7.07070707070707,326.224796899235
11.9191919191919,-7.07070707070707,355.274951033056
12.3232323232323,-7.07070707070707,385.84410237747
12.7272727272727,-7.07070707070707,418.041495607625
13.1313131313131,-7.07070707070707,451.271818565092
13.5353535353535,-7.07070707070707,485.75983456135
13.9393939393939,-7.07070707070707,521.573736772729
14.3434343434343,-7.07070707070707,558.678200223627
14.7474747474747,-7.07070707070707,596.739974498145
15.1515151515151,-7.07070707070707,635.809460657926
15.5555555555556,-7.07070707070707,676.058768854188
15.959595959596,-7.07070707070707,717.521283652466
16.3636363636364,-7.07070707070707,760.23430414214
16.7676767676768,-7.07070707070707,804.224565130131
17.1717171717172,-7.07070707070707,849.598331682877
17.5757575757576,-7.07070707070707,896.264244099548
17.979797979798,-7.07070707070707,944.178670384561
18.3838383838384,-7.07070707070707,993.41971303231
18.7878787878788,-7.07070707070707,1043.90654932743
19.1919191919192,-7.07070707070707,1095.61463674166
19.5959595959596,-7.07070707070707,1148.56690270111
20,-7.07070707070707,1202.83650745989
-20,-6.66666666666667,1037.52400068864
-19.5959595959596,-6.66666666666667,1002.33351457639
-19.1919191919192,-6.66666666666667,967.759772623945
-18.7878787878788,-6.66666666666667,933.800165980344
-18.3838383838384,-6.66666666666667,900.454641017226
-17.979797979798,-6.66666666666667,867.700083283466
-17.5757575757576,-6.66666666666667,835.526213219731
-17.1717171717172,-6.66666666666667,803.939393281815
-16.7676767676768,-6.66666666666667,773.024303514294
-16.3636363636364,-6.66666666666667,742.846126106119
-15.959595959596,-6.66666666666667,713.150624657139
-15.5555555555556,-6.66666666666667,683.933133251546
-15.1515151515152,-6.66666666666667,655.413263996588
-14.7474747474747,-6.66666666666667,627.666088299739
-14.3434343434343,-6.66666666666667,600.604285813018
-13.9393939393939,-6.66666666666667,574.13641692339
-13.5353535353535,-6.66666666666667,548.197352284856
-13.1313131313131,-6.66666666666667,522.853764471036
-12.7272727272727,-6.66666666666667,498.212035015862
-12.3232323232323,-6.66666666666667,474.405254519271
-11.9191919191919,-6.66666666666667,451.446443425054
-11.5151515151515,-6.66666666666667,429.190036101288
-11.1111111111111,-6.66666666666667,407.856133111355
-10.7070707070707,-6.66666666666667,386.859697468986
-10.3030303030303,-6.66666666666667,366.331633725316
-9.8989898989899,-6.66666666666667,346.445804533126
-9.4949494949495,-6.66666666666667,327.292562747814
-9.09090909090909,-6.66666666666667,309.060837683916
-8.68686868686869,-6.66666666666667,291.345964807017
-8.28282828282828,-6.66666666666667,274.178260377077
-7.87878787878788,-6.66666666666667,258.20321939873
-7.47474747474748,-6.66666666666667,243.277075664953
-7.07070707070707,-6.66666666666667,228.734481765947
-6.66666666666667,-6.66666666666667,214.864160888841
-6.26262626262626,-6.66666666666667,201.013896407054
-5.85858585858586,-6.66666666666667,186.592245890787
-5.45454545454546,-6.66666666666667,171.69470951093
-5.05050505050505,-6.66666666666667,156.730721212783
-4.64646464646465,-6.66666666666667,142.357071105893
-4.24242424242424,-6.66666666666667,128.647809521942
-3.83838383838384,-6.66666666666667,115.089679043971
-3.43434343434344,-6.66666666666667,101.976768544181
-3.03030303030303,-6.66666666666667,89.1671017060752
-2.62626262626263,-6.66666666666667,76.8594634922097
-2.22222222222222,-6.66666666666667,64.9494553151615
-1.81818181818182,-6.66666666666667,54.058378147329
-1.41414141414142,-6.66666666666667,43.9188199004237
-1.01010101010101,-6.66666666666667,34.6823918372352
-0.606060606060606,-6.66666666666667,25.9248877628193
-0.202020202020201,-6.66666666666667,21.152522578941
0.202020202020201,-6.66666666666667,14.17941294077
0.606060606060606,-6.66666666666667,13.1142949658825
1.01010101010101,-6.66666666666667,8.92222707975171
1.41414141414142,-6.66666666666667,4.34286847482213
1.81818181818182,-6.66666666666667,1.41490555208876
2.22222222222222,-6.66666666666667,0.0826876022289402
2.62626262626263,-6.66666666666667,0.403774491809177
3.03030303030303,-6.66666666666667,2.31911738248924
3.43434343434343,-6.66666666666667,5.71414539919095
3.83838383838384,-6.66666666666667,10.4943484586998
4.24242424242424,-6.66666666666667,16.2706782373136
4.64646464646465,-6.66666666666667,23.3887916284041
5.05050505050505,-6.66666666666667,31.6476478813688
5.45454545454545,-6.66666666666667,41.3619167278213
5.85858585858586,-6.66666666666667,52.6558898372491
6.26262626262626,-6.66666666666667,64.7015741352939
6.66666666666667,-6.66666666666667,77.5556264420914
7.07070707070707,-6.66666666666667,91.8450615798888
7.47474747474747,-6.66666666666667,107.699841922503
7.87878787878788,-6.66666666666667,125.183267803892
8.28282828282828,-6.66666666666667,143.808856586107
8.68686868686869,-6.66666666666667,163.493631586852
9.09090909090909,-6.66666666666667,184.535773839307
9.4949494949495,-6.66666666666667,206.816386393025
9.8989898989899,-6.66666666666667,230.17583769598
10.3030303030303,-6.66666666666667,254.878033875673
10.7070707070707,-6.66666666666667,280.772407642534
11.1111111111111,-6.66666666666667,307.757393594162
11.5151515151515,-6.66666666666667,336.198596756014
11.9191919191919,-6.66666666666667,366.297341251367
12.3232323232323,-6.66666666666667,397.452381961012
12.7272727272727,-6.66666666666667,429.85803385796
13.1313131313131,-6.66666666666667,463.602654436614
13.5353535353535,-6.66666666666667,498.58813960775
13.9393939393939,-6.66666666666667,534.485537277029
14.3434343434343,-6.66666666666667,571.47290634253
14.7474747474747,-6.66666666666667,609.66380214093
15.1515151515151,-6.66666666666667,649.050428271318
15.5555555555556,-6.66666666666667,689.742441739302
15.959595959596,-6.66666666666667,731.725317200662
16.3636363636364,-6.66666666666667,775.077877098901
16.7676767676768,-6.66666666666667,819.678437945205
17.1717171717172,-6.66666666666667,865.585507558284
17.5757575757576,-6.66666666666667,912.750591539441
17.979797979798,-6.66666666666667,961.149542624688
18.3838383838384,-6.66666666666667,1010.78552712654
18.7878787878788,-6.66666666666667,1061.73611469196
19.1919191919192,-6.66666666666667,1113.95116713283
19.5959595959596,-6.66666666666667,1167.31004472593
20,-6.66666666666667,1221.92809579656
-20,-6.26262626262626,1012.85510142672
-19.5959595959596,-6.26262626262626,977.919717460389
-19.1919191919192,-6.26262626262626,943.568037112075
-18.7878787878788,-6.26262626262626,909.882082571769
-18.3838383838384,-6.26262626262626,876.94046319569
-17.979797979798,-6.26262626262626,844.624716929176
-17.5757575757576,-6.26262626262626,812.919325563227
-17.1717171717172,-6.26262626262626,781.82642141781
-16.7676767676768,-6.26262626262626,751.320661182217
-16.3636363636364,-6.26262626262626,721.412010132563
-15.959595959596,-6.26262626262626,692.066858957854
-15.5555555555556,-6.26262626262626,663.529679412038
-15.1515151515152,-6.26262626262626,635.475411784351
-14.7474747474747,-6.26262626262626,608.015337489943
-14.3434343434343,-6.26262626262626,581.055252306135
-13.9393939393939,-6.26262626262626,554.902666215184
-13.5353535353535,-6.26262626262626,529.460480267851
-13.1313131313131,-6.26262626262626,504.628346459727
-12.7272727272727,-6.26262626262626,480.343277454814
-12.3232323232323,-6.26262626262626,456.631303064021
-11.9191919191919,-6.26262626262626,433.62625820791
-11.5151515151515,-6.26262626262626,411.4546165532
-11.1111111111111,-6.26262626262626,390.105687161085
-10.7070707070707,-6.26262626262626,369.529374563709
-10.3030303030303,-6.26262626262626,349.743261491988
-9.8989898989899,-6.26262626262626,330.253449837884
-9.4949494949495,-6.26262626262626,311.377557474952
-9.09090909090909,-6.26262626262626,293.073152698335
-8.68686868686869,-6.26262626262626,275.736791665084
-8.28282828282828,-6.26262626262626,258.993454123663
-7.87878787878788,-6.26262626262626,242.784672219148
-7.47474747474748,-6.26262626262626,227.597348794564
-7.07070707070707,-6.26262626262626,213.55708729484
-6.66666666666667,-6.26262626262626,199.926352181429
-6.26262626262626,-6.26262626262626,186.973038967452
-5.85858585858586,-6.26262626262626,174.029438505636
-5.45454545454546,-6.26262626262626,160.586553532694
-5.05050505050505,-6.26262626262626,146.532986243535
-4.64646464646465,-6.26262626262626,132.695632687146
-4.24242424242424,-6.26262626262626,119.519520895005
-3.83838383838384,-6.26262626262626,106.830626662757
-3.43434343434344,-6.26262626262626,94.3377141301538
-3.03030303030303,-6.26262626262626,82.2422235265967
-2.62626262626263,-6.26262626262626,70.6312189157726
-2.22222222222222,-6.26262626262626,59.3761273105194
-1.81818181818182,-6.26262626262626,48.9552952189591
-1.41414141414142,-6.26262626262626,39.4061571561094
-1.01010101010101,-6.26262626262626,30.6955931261944
-0.606060606060606,-6.26262626262626,22.5806076695444
-0.202020202020201,-6.26262626262626,18.1416285606359
0.202020202020201,-6.26262626262626,11.720054131906
0.606060606060606,-6.26262626262626,10.7285520083898
1.01010101010101,-6.26262626262626,6.95080768647787
1.41414141414142,-6.26262626262626,3.03065228146205
1.81818181818182,-6.26262626262626,0.715077610523562
2.22222222222222,-6.26262626262626,0.00578409589220719
2.62626262626263,-6.26262626262626,0.96097498455434
3.03030303030303,-6.26262626262626,3.45381593702459
3.43434343434343,-6.26262626262626,7.35390784395604
3.83838383838384,-6.26262626262626,12.413620867159
4.24242424242424,-6.26262626262626,18.6906501356367
4.64646464646465,-6.26262626262626,26.156052851301
5.05050505050505,-6.26262626262626,35.0128567225483
5.45454545454545,-6.26262626262626,45.4530421307788
5.85858585858586,-6.26262626262626,56.6704812606023
6.26262626262626,-6.26262626262626,68.7373036454773
6.66666666666667,-6.26262626262626,82.279773592602
7.07070707070707,-6.26262626262626,97.4497895412352
7.47474747474747,-6.26262626262626,114.060248147018
7.87878787878788,-6.26262626262626,131.7902152751
8.28282828282828,-6.26262626262626,150.675288879648
8.68686868686869,-6.26262626262626,170.91554714702
9.09090909090909,-6.26262626262626,192.25890065788
9.4949494949495,-6.26262626262626,214.833928291699
9.8989898989899,-6.26262626262626,238.705442255852
10.3030303030303,-6.26262626262626,263.653564511464
10.7070707070707,-6.26262626262626,289.976393489388
11.1111111111111,-6.26262626262626,317.97069435048
11.5151515151515,-6.26262626262626,347.048479273606
11.9191919191919,-6.26262626262626,377.369093164965
12.3232323232323,-6.26262626262626,409.058241647321
12.7272727272727,-6.26262626262626,441.909903975799
13.1313131313131,-6.26262626262626,475.659563753063
13.5353535353535,-6.26262626262626,510.566879042824
13.9393939393939,-6.26262626262626,546.682113213371
14.3434343434343,-6.26262626262626,584.037382800697
14.7474747474747,-6.26262626262626,622.666778375928
15.1515151515151,-6.26262626262626,662.690808662497
15.5555555555556,-6.26262626262626,703.978026028942
15.959595959596,-6.26262626262626,746.55221772289
16.3636363636364,-6.26262626262626,790.401359844235
16.7676767676768,-6.26262626262626,835.485008523688
17.1717171717172,-6.26262626262626,881.803940655243
17.5757575757576,-6.26262626262626,929.43719665129
17.979797979798,-6.26262626262626,978.31775332786
18.3838383838384,-6.26262626262626,1028.36248822983
18.7878787878788,-6.26262626262626,1079.67529070086
19.1919191919192,-6.26262626262626,1132.0463176154
19.5959595959596,-6.26262626262626,1185.56198116291
20,-6.26262626262626,1240.30224929038
-20,-5.85858585858586,988.389227243515
-19.5959595959596,-5.85858585858586,953.914957160617
-19.1919191919192,-5.85858585858586,920.051120439953
-18.7878787878788,-5.85858585858586,886.798367370587
-18.3838383838384,-5.85858585858586,854.129434209797
-17.979797979798,-5.85858585858586,822.06506431841
-17.5757575757576,-5.85858585858586,790.616263624024
-17.1717171717172,-5.85858585858586,759.923285675568
-16.7676767676768,-5.85858585858586,729.86637943079
-16.3636363636364,-5.85858585858586,700.413518080139
-15.959595959596,-5.85858585858586,671.574936254963
-15.5555555555556,-5.85858585858586,643.317922720145
-15.1515151515152,-5.85858585858586,615.66784318953
-14.7474747474747,-5.85858585858586,588.580854712524
-14.3434343434343,-5.85858585858586,562.296044926496
-13.9393939393939,-5.85858585858586,536.494462421321
-13.5353535353535,-5.85858585858586,511.198000953309
-13.1313131313131,-5.85858585858586,486.625670040059
-12.7272727272727,-5.85858585858586,462.80009819147
-12.3232323232323,-5.85858585858586,439.602829027924
-11.9191919191919,-5.85858585858586,416.970265877996
-11.5151515151515,-5.85858585858586,394.890931790679
-11.1111111111111,-5.85858585858586,373.525559043043
-10.7070707070707,-5.85858585858586,352.983229605687
-10.3030303030303,-5.85858585858586,333.247307174397
-9.8989898989899,-5.85858585858586,314.340453482706
-9.4949494949495,-5.85858585858586,296.056864567369
-9.09090909090909,-5.85858585858586,278.125143215451
-8.68686868686869,-5.85858585858586,260.833959849268
-8.28282828282828,-5.85858585858586,244.276734019702
-7.87878787878788,-5.85858585858586,228.550073249396
-7.47474747474748,-5.85858585858586,213.344495465771
-7.07070707070707,-5.85858585858586,198.947768238393
-6.66666666666667,-5.85858585858586,185.771350803905
-6.26262626262626,-5.85858585858586,173.057340675825
-5.85858585858586,-5.85858585858586,161.020173619074
-5.45454545454546,-5.85858585858586,148.970553324993
-5.05050505050505,-5.85858585858586,136.520590375314
-4.64646464646465,-5.85858585858586,123.38643975364
-4.24242424242424,-5.85858585858586,110.669374755179
-3.83838383838384,-5.85858585858586,98.6750044526659
-3.43434343434344,-5.85858585858586,86.9393911087384
-3.03030303030303,-5.85858585858586,75.5839061327118
-2.62626262626263,-5.85858585858586,64.5900902827084
-2.22222222222222,-5.85858585858586,54.044783057106
-1.81818181818182,-5.85858585858586,44.1159883180605
-1.41414141414142,-5.85858585858586,35.1136336508291
-1.01010101010101,-5.85858585858586,26.9516387860667
-0.606060606060606,-5.85858585858586,19.4671699595041
-0.202020202020201,-5.85858585858586,15.3630981261486
0.202020202020201,-5.85858585858586,9.48511320954042
0.606060606060606,-5.85858585858586,8.58880133186738
1.01010101010101,-5.85858585858586,5.22147798590364
1.41414141414142,-5.85858585858586,1.93307031079311
1.81818181818182,-5.85858585858586,0.244639818344974
2.22222222222222,-5.85858585858586,0.184797792405839
2.62626262626263,-5.85858585858586,1.73574383855395
3.03030303030303,-5.85858585858586,4.75809242661145
3.43434343434343,-5.85858585858586,9.07736765322503
3.83838383838384,-5.85858585858586,14.5101270232814
4.24242424242424,-5.85858585858586,21.1851614764701
4.64646464646465,-5.85858585858586,29.1904243742672
5.05050505050505,-5.85858585858586,38.7797489352527
5.45454545454545,-5.85858585858586,49.1712219047302
5.85858585858586,-5.85858585858586,60.4718872825328
6.26262626262626,-5.85858585858586,73.2431613820871
6.66666666666667,-5.85858585858586,87.7224781304956
7.07070707070707,-5.85858585858586,103.451094598962
7.47474747474747,-5.85858585858586,120.270090756434
7.87878787878788,-5.85858585858586,138.391830172136
8.28282828282828,-5.85858585858586,157.75198256274
8.68686868686869,-5.85858585858586,178.214694209652
9.09090909090909,-5.85858585858586,200.044510623955
9.4949494949495,-5.85858585858586,222.970810346314
9.8989898989899,-5.85858585858586,247.190915176306
10.3030303030303,-5.85858585858586,273.061461950131
10.7070707070707,-5.85858585858586,300.061185182327
11.1111111111111,-5.85858585858586,328.295413533937
11.5151515151515,-5.85858585858586,357.917724705893
11.9191919191919,-5.85858585858586,388.60170558113
12.3232323232323,-5.85858585858586,420.25363807552
12.7272727272727,-5.85858585858586,453.09259049741
13.1313131313131,-5.85858585858586,487.12988915863
13.5353535353535,-5.85858585858586,522.462565020265
13.9393939393939,-5.85858585858586,559.101607969812
14.3434343434343,-5.85858585858586,597.076052046735
14.7474747474747,-5.85858585858586,636.31965107176
15.1515151515151,-5.85858585858586,676.851699248443
15.5555555555556,-5.85858585858586,718.6196570348
15.959595959596,-5.85858585858586,761.62363190709
16.3636363636364,-5.85858585858586,805.937106774872
16.7676767676768,-5.85858585858586,851.486724004057
17.1717171717172,-5.85858585858586,898.216238315363
17.5757575757576,-5.85858585858586,946.220739616872
17.979797979798,-5.85858585858586,995.210319083266
18.3838383838384,-5.85858585858586,1045.42555535851
18.7878787878788,-5.85858585858586,1096.81171977535
19.1919191919192,-5.85858585858586,1149.37583358139
19.5959595959596,-5.85858585858586,1203.20512649677
20,-5.85858585858586,1258.2897910904
-20,-5.45454545454546,964.332632750762
-19.5959595959596,-5.45454545454546,930.287023811294
-19.1919191919192,-5.45454545454546,896.801729362583
-18.7878787878788,-5.45454545454546,863.930848569142
-18.3838383838384,-5.45454545454546,831.693815483084
-17.979797979798,-5.45454545454546,800.094757925587
-17.5757575757576,-5.45454545454546,769.106816928029
-17.1717171717172,-5.45454545454546,738.712935719826
-16.7676767676768,-5.45454545454546,708.922741875973
-16.3636363636364,-5.45454545454546,679.725859220749
-15.959595959596,-5.45454545454546,651.283294431988
-15.5555555555556,-5.45454545454546,623.482692737424
-15.1515151515152,-5.45454545454546,596.28407158784
-14.7474747474747,-5.45454545454546,569.698653209362
-14.3434343434343,-5.45454545454546,543.688441035197
-13.9393939393939,-5.45454545454546,518.278563346345
-13.5353535353535,-5.45454545454546,493.550995348922
-13.1313131313131,-5.45454545454546,469.420631027201
-12.7272727272727,-5.45454545454546,445.845326663078
-12.3232323232323,-5.45454545454546,422.837288119652
-11.9191919191919,-5.45454545454546,400.622358916448
-11.5151515151515,-5.45454545454546,379.061207160274
-11.1111111111111,-5.45454545454546,358.078513316613
-10.7070707070707,-5.45454545454546,337.633420124229
-10.3030303030303,-5.45454545454546,317.906123063229
-9.8989898989899,-5.45454545454546,298.990646530981
-9.4949494949495,-5.45454545454546,280.872815269933
-9.09090909090909,-5.45454545454546,263.611860817223
-8.68686868686869,-5.45454545454546,246.817148625004
-8.28282828282828,-5.45454545454546,230.510429029711
-7.87878787878788,-5.45454545454546,214.814369890932
-7.47474747474748,-5.45454545454546,200.034215821662
-7.07070707070707,-5.45454545454546,185.824414007471
-6.66666666666667,-5.45454545454546,172.239776525107
-6.26262626262626,-5.45454545454546,159.916596373187
-5.85858585858586,-5.45454545454546,148.12940899851
-5.45454545454546,-5.45454545454546,137.005447583762
-5.05050505050505,-5.45454545454546,125.858541816462
-4.64646464646465,-5.45454545454546,114.330138396284
-4.24242424242424,-5.45454545454546,102.242281827424
-3.83838383838384,-5.45454545454546,90.6876956788511
-3.43434343434344,-5.45454545454546,79.7517088425852
-3.03030303030303,-5.45454545454546,69.0420395583315
-2.62626262626263,-5.45454545454546,58.7284465685697
-2.22222222222222,-5.45454545454546,48.9072103962359
-1.81818181818182,-5.45454545454546,39.5085170202652
-1.41414141414142,-5.45454545454546,31.0760604798943
-1.01010101010101,-5.45454545454546,23.4432548619528
-0.606060606060606,-5.45454545454546,16.5838542054086
-0.202020202020201,-5.45454545454546,12.8157083068732
0.202020202020201,-5.45454545454546,7.48829945059813
0.606060606060606,-5.45454545454546,6.68809967903062
1.01010101010101,-5.45454545454546,3.75140142769058
1.41414141414142,-5.45454545454546,1.09035723171334
1.81818181818182,-5.45454545454546,0.0171342595854611
2.22222222222222,-5.45454545454546,0.600344388067464
2.62626262626263,-5.45454545454546,2.71817251561932
3.03030303030303,-5.45454545454546,6.24158329165684
3.43434343434343,-5.45454545454546,10.8400354206265
3.83838383838384,-5.45454545454546,16.7317838900161
4.24242424242424,-5.45454545454546,23.8932996977118
4.64646464646465,-5.45454545454546,32.6359157197546
5.05050505050505,-5.45454545454546,42.2019109004648
5.45454545454545,-5.45454545454546,52.7440218275601
5.85858585858586,-5.45454545454546,64.7578922418025
6.26262626262626,-5.45454545454546,78.4537202793095
6.66666666666667,-5.45454545454546,93.3100704421791
7.07070707070707,-5.45454545454546,109.300922313723
7.47474747474747,-5.45454545454546,126.626388487589
7.87878787878788,-5.45454545454546,145.061604661065
8.28282828282828,-5.45454545454546,164.792411436935
8.68686868686869,-5.45454545454546,185.702169931248
9.09090909090909,-5.45454545454546,207.819390486051
9.4949494949495,-5.45454545454546,231.569309817146
9.8989898989899,-5.45454545454546,256.489951110645
10.3030303030303,-5.45454545454546,282.642039916757
10.7070707070707,-5.45454545454546,310.162272487783
11.1111111111111,-5.45454545454546,338.696556742557
11.5151515151515,-5.45454545454546,368.26874990112
11.9191919191919,-5.45454545454546,399.035579716948
12.3232323232323,-5.45454545454546,431.035226149815
12.7272727272727,-5.45454545454546,464.304853558417
13.1313131313131,-5.45454545454546,498.972284367352
13.5353535353535,-5.45454545454546,534.888208518017
13.9393939393939,-5.45454545454546,572.102853482192
14.3434343434343,-5.45454545454546,610.556014437844
14.7474747474747,-5.45454545454546,650.243436092833
15.1515151515151,-5.45454545454546,691.237412941876
15.5555555555556,-5.45454545454546,733.45744256661
15.959595959596,-5.45454545454546,776.872347937461
16.3636363636364,-5.45454545454546,821.504981170239
16.7676767676768,-5.45454545454546,867.184984594762
17.1717171717172,-5.45454545454546,914.090388304309
17.5757575757576,-5.45454545454546,962.136715858184
17.979797979798,-5.45454545454546,1011.41919370707
18.3838383838384,-5.45454545454546,1061.97478258875
18.7878787878788,-5.45454545454546,1113.76299762585
19.1919191919192,-5.45454545454546,1166.78434206118
19.5959595959596,-5.45454545454546,1220.99484580147
20,-5.45454545454546,1276.4340857194
-20,-5.05050505050505,940.15667153488
-19.5959595959596,-5.05050505050505,906.625714727951
-19.1919191919192,-5.05050505050505,873.703497483982
-18.7878787878788,-5.05050505050505,841.390358072896
-18.3838383838384,-5.05050505050505,809.622893564943
-17.979797979798,-5.05050505050505,778.450658114472
-17.5757575757576,-5.05050505050505,747.846232365852
-17.1717171717172,-5.05050505050505,717.855428415222
-16.7676767676768,-5.05050505050505,688.513085525759
-16.3636363636364,-5.05050505050505,659.790060163453
-15.959595959596,-5.05050505050505,631.670556449689
-15.5555555555556,-5.05050505050505,604.146224113901
-15.1515151515152,-5.05050505050505,577.214098471664
-14.7474747474747,-5.05050505050505,551.018440938239
-14.3434343434343,-5.05050505050505,525.474806099824
-13.9393939393939,-5.05050505050505,500.529945288459
-13.5353535353535,-5.05050505050505,476.193313852925
-13.1313131313131,-5.05050505050505,452.442552773219
-12.7272727272727,-5.05050505050505,429.276023644327
-12.3232323232323,-5.05050505050505,406.844692762465
-11.9191919191919,-5.05050505050505,384.93726379121
-11.5151515151515,-5.05050505050505,363.566557483557
-11.1111111111111,-5.05050505050505,342.92861756343
-10.7070707070707,-5.05050505050505,323.002606770009
-10.3030303030303,-5.05050505050505,303.668435752479
-9.8989898989899,-5.05050505050505,284.85795705139
-9.4949494949495,-5.05050505050505,266.768341232572
-9.09090909090909,-5.05050505050505,249.493187154812
-8.68686868686869,-5.05050505050505,233.001381263215
-8.28282828282828,-5.05050505050505,217.336237659047
-7.87878787878788,-5.05050505050505,202.052982826282
-7.47474747474748,-5.05050505050505,187.352940949818
-7.07070707070707,-5.05050505050505,173.38262790082
-6.66666666666667,-5.05050505050505,160.17828447016
-6.26262626262626,-5.05050505050505,147.516844735272
-5.85858585858586,-5.05050505050505,135.977846477132
-5.45454545454546,-5.05050505050505,125.15222752529
-5.05050505050505,-5.05050505050505,114.929046975292
-4.64646464646465,-5.05050505050505,104.693780918191
-4.24242424242424,-5.05050505050505,94.056871274333
-3.83838383838384,-5.05050505050505,83.031236363778
-3.43434343434344,-5.05050505050505,72.6543424239513
-3.03030303030303,-5.05050505050505,62.7301691215853
-2.62626262626263,-5.05050505050505,53.1359992896364
-2.22222222222222,-5.05050505050505,43.9418850507932
-1.81818181818182,-5.05050505050505,35.1806205691596
-1.41414141414142,-5.05050505050505,27.2764065126106
-1.01010101010101,-5.05050505050505,20.1787925487696
-0.606060606060606,-5.05050505050505,13.9293731604053
-0.202020202020201,-5.05050505050505,10.4991174499378
0.202020202020201,-5.05050505050505,5.71965553809726
0.606060606060606,-5.05050505050505,5.01784495076327
1.01010101010101,-5.05050505050505,2.53476546296488
1.41414141414142,-5.05050505050505,0.48802785076218
1.81818181818182,-5.05050505050505,0.05032303521397
2.22222222222222,-5.05050505050505,1.23690571928906
2.62626262626263,-5.05050505050505,3.88317858147889
3.03030303030303,-5.05050505050505,7.72325624670788
3.43434343434343,-5.05050505050505,12.8100297322237
3.83838383838384,-5.05050505050505,19.1254369427081
4.24242424242424,-5.05050505050505,27.0214248278871
4.64646464646465,-5.05050505050505,35.7572641601248
5.05050505050505,-5.05050505050505,45.5430941645448
5.45454545454545,-5.05050505050505,56.8436042706839
5.85858585858586,-5.05050505050505,69.7003074849164
6.26262626262626,-5.05050505050505,83.6683656863088
6.66666666666667,-5.05050505050505,98.8780397138635
7.07070707070707,-5.05050505050505,115.312118818197
7.47474747474747,-5.05050505050505,132.938255808248
7.87878787878788,-5.05050505050505,151.832073473407
8.28282828282828,-5.05050505050505,171.875417816339
8.68686868686869,-5.05050505050505,193.494729775252
9.09090909090909,-5.05050505050505,216.33511742606
9.4949494949495,-5.05050505050505,240.417509994254
9.8989898989899,-5.05050505050505,265.825078756119
10.3030303030303,-5.05050505050505,292.217841956293
10.7070707070707,-5.05050505050505,319.714731527464
11.1111111111111,-5.05050505050505,348.405223537964
11.5151515151515,-5.05050505050505,378.376842105951
11.9191919191919,-5.05050505050505,409.667282266713
12.3232323232323,-5.05050505050505,442.262735653216
12.7272727272727,-5.05050505050505,476.154965020003
13.1313131313131,-5.05050505050505,511.2923022874
13.5353535353535,-5.05050505050505,547.663490496403
13.9393939393939,-5.05050505050505,585.337974849328
14.3434343434343,-5.05050505050505,624.229718398212
14.7474747474747,-5.05050505050505,664.334629957275
15.1515151515151,-5.05050505050505,705.590575372632
15.5555555555556,-5.05050505050505,747.970201575508
15.959595959596,-5.05050505050505,791.533539362847
16.3636363636364,-5.05050505050505,836.280193146545
16.7676767676768,-5.05050505050505,882.299942065239
17.1717171717172,-5.05050505050505,929.559429264537
17.5757575757576,-5.05050505050505,978.051457305719
17.979797979798,-5.05050505050505,1027.73796578646
18.3838383838384,-5.05050505050505,1078.65296914613
18.7878787878788,-5.05050505050505,1130.78756493802
19.1919191919192,-5.05050505050505,1184.1220606334
19.5959595959596,-5.05050505050505,1238.72123559462
20,-5.05050505050505,1294.56496802924
-20,-4.64646464646465,916.718146564129
-19.5959595959596,-4.64646464646465,883.289947312024
-19.1919191919192,-4.64646464646465,850.643028702979
-18.7878787878788,-4.64646464646465,818.763438889246
-18.3838383838384,-4.64646464646465,787.492367619159
-17.979797979798,-4.64646464646465,756.829519002373
-17.5757575757576,-4.64646464646465,726.776267839616
-17.1717171717172,-4.64646464646465,697.332368461407
-16.7676767676768,-4.64646464646465,668.431314171696
-16.3636363636364,-4.64646464646465,640.133895519357
-15.959595959596,-4.64646464646465,612.4093904929
-15.5555555555556,-4.64646464646465,585.307951805023
-15.1515151515152,-4.64646464646465,558.84877866787
-14.7474747474747,-4.64646464646465,533.000863874214
-14.3434343434343,-4.64646464646465,507.743885999712
-13.9393939393939,-4.64646464646465,483.093399301166
-13.5353535353535,-4.64646464646465,459.128690758413
-13.1313131313131,-4.64646464646465,435.841136123783
-12.7272727272727,-4.64646464646465,413.15103094444
-12.3232323232323,-4.64646464646465,391.063978145571
-11.9191919191919,-4.64646464646465,369.575207538357
-11.5151515151515,-4.64646464646465,348.678606008365
-11.1111111111111,-4.64646464646465,328.464269630751
-10.7070707070707,-4.64646464646465,308.784667488598
-10.3030303030303,-4.64646464646465,289.733086863448
-9.8989898989899,-4.64646464646465,271.427159241776
-9.4949494949495,-4.64646464646465,253.732048126883
-9.09090909090909,-4.64646464646465,236.569439408869
-8.68686868686869,-4.64646464646465,220.111731730574
-8.28282828282828,-4.64646464646465,204.47337956853
-7.87878787878788,-4.64646464646465,189.621328390282
-7.47474747474748,-4.64646464646465,175.508457289245
-7.07070707070707,-4.64646464646465,161.779906115258
-6.66666666666667,-4.64646464646465,148.68583717086
-6.26262626262626,-4.64646464646465,136.4479927369
-5.85858585858586,-4.64646464646465,124.753486343218
-5.45454545454546,-4.64646464646465,113.968445111132
-5.05050505050505,-4.64646464646465,104.111591462251
-4.64646464646465,-4.64646464646465,94.7909306916445
-4.24242424242424,-4.64646464646465,85.4767488412989
-3.83838383838384,-4.64646464646465,75.6796660575368
-3.43434343434344,-4.64646464646465,65.815543990621
-3.03030303030303,-4.64646464646465,56.6039403493936
-2.62626262626263,-4.64646464646465,47.6865737505302
-2.22222222222222,-4.64646464646465,39.1672110925249
-1.81818181818182,-4.64646464646465,31.1128764261952
-1.41414141414142,-4.64646464646465,23.6905764230228
-1.01010101010101,-4.64646464646465,17.1589894980987
-0.606060606060606,-4.64646464646465,11.5059161066315
-0.202020202020201,-4.64646464646465,8.41567127283615
0.202020202020201,-4.64646464646465,4.19493637834375
0.606060606060606,-4.64646464646465,3.57466779748915
1.01010101010101,-4.64646464646465,1.54785523879797
1.41414141414142,-4.64646464646465,0.115102140184778
1.81818181818182,-4.64646464646465,0.324152959038812
2.22222222222222,-4.64646464646465,2.0730764072689
2.62626262626263,-4.64646464646465,5.14818291220464
3.03030303030303,-4.64646464646465,9.40620792713364
3.43434343434343,-4.64646464646465,14.8876803858127
3.83838383838384,-4.64646464646465,21.9356845435772
4.24242424242424,-4.64646464646465,29.8477436214495
4.64646464646465,-4.64646464646465,38.867342976497
5.05050505050505,-4.64646464646465,49.4712122208293
5.45454545454545,-4.64646464646465,61.4566760623864
5.85858585858586,-4.64646464646465,74.5532821504107
6.26262626262626,-4.64646464646465,88.9602891086662
6.66666666666667,-4.64646464646465,104.4959748969
7.07070707070707,-4.64646464646465,121.348911597077
7.47474747474747,-4.64646464646465,139.341259086053
7.87878787878788,-4.64646464646465,158.837477159206
8.28282828282828,-4.64646464646465,179.596745854756
8.68686868686869,-4.64646464646465,201.607279197899
9.09090909090909,-4.64646464646465,224.905111124591
9.4949494949495,-4.64646464646465,249.164023655054
9.8989898989899,-4.64646464646465,274.581736865455
10.3030303030303,-4.64646464646465,301.227425206599
10.7070707070707,-4.64646464646465,329.16092852877
11.1111111111111,-4.64646464646465,358.443381256885
11.5151515151515,-4.64646464646465,389.007209459949
11.9191919191919,-4.64646464646465,420.828538351529
12.3232323232323,-4.64646464646465,453.883575312431
12.7272727272727,-4.64646464646465,488.238515621639
13.1313131313131,-4.64646464646465,523.803512208335
13.5353535353535,-4.64646464646465,560.601010544401
13.9393939393939,-4.64646464646465,598.487659010113
14.3434343434343,-4.64646464646465,637.558986387587
14.7474747474747,-4.64646464646465,677.789587560031
15.1515151515151,-4.64646464646465,719.264761263936
15.5555555555556,-4.64646464646465,761.993828070735
15.959595959596,-4.64646464646465,805.957141578103
16.3636363636364,-4.64646464646465,851.121431290846
16.7676767676768,-4.64646464646465,897.511319270644
17.1717171717172,-4.64646464646465,945.11346540316
17.5757575757576,-4.64646464646465,993.933177561146
17.979797979798,-4.64646464646465,1044.01797131671
18.3838383838384,-4.64646464646465,1095.3179299777
18.7878787878788,-4.64646464646465,1147.87276300583
19.1919191919192,-4.64646464646465,1201.68735030524
19.5959595959596,-4.64646464646465,1256.72656066597
20,-4.64646464646465,1312.92323084339
-20,-4.24242424242424,894.511248851744
-19.5959595959596,-4.24242424242424,861.478079888723
-19.1919191919192,-4.24242424242424,829.078568559458
-18.7878787878788,-4.24242424242424,797.327194846555
-18.3838383838384,-4.24242424242424,766.196166173947
-17.979797979798,-4.24242424242424,735.662383867486
-17.5757575757576,-4.24242424242424,705.785008957661
-17.1717171717172,-4.24242424242424,676.746771058982
-16.7676767676768,-4.24242424242424,648.344346827455
-16.3636363636364,-4.24242424242424,620.550684097668
-15.959595959596,-4.24242424242424,593.365696261333
-15.5555555555556,-4.24242424242424,566.787125504626
-15.1515151515152,-4.24242424242424,540.757569492854
-14.7474747474747,-4.24242424242424,515.334909494099
-14.3434343434343,-4.24242424242424,490.491034775266
-13.9393939393939,-4.24242424242424,466.282313457553
-13.5353535353535,-4.24242424242424,442.698911894098
-13.1313131313131,-4.24242424242424,419.715446244641
-12.7272727272727,-4.24242424242424,397.335553285297
-12.3232323232323,-4.24242424242424,375.614768526427
-11.9191919191919,-4.24242424242424,354.581626529223
-11.5151515151515,-4.24242424242424,334.147980085378
-11.1111111111111,-4.24242424242424,314.310966080087
-10.7070707070707,-4.24242424242424,295.07090261727
-10.3030303030303,-4.24242424242424,276.490596381744
-9.8989898989899,-4.24242424242424,258.479375957821
-9.4949494949495,-4.24242424242424,241.031192735693
-9.09090909090909,-4.24242424242424,224.335173090071
-8.68686868686869,-4.24242424242424,208.275345756176
-8.28282828282828,-4.24242424242424,192.763635140414
-7.87878787878788,-4.24242424242424,177.936379703443
-7.47474747474748,-4.24242424242424,163.92403480808
-7.07070707070707,-4.24242424242424,150.719551007815
-6.66666666666667,-4.24242424242424,138.111415403139
-6.26262626262626,-4.24242424242424,126.001156492529
-5.85858585858586,-4.24242424242424,114.612162395466
-5.45454545454546,-4.24242424242424,103.930346232985
-5.05050505050505,-4.24242424242424,93.9531999328067
-4.64646464646465,-4.24242424242424,85.0059504009592
-4.24242424242424,-4.24242424242424,76.590931602238
-3.83838383838384,-4.24242424242424,68.2044372717412
-3.43434343434344,-4.24242424242424,59.3092002170234
-3.03030303030303,-4.24242424242424,50.6174736539288
-2.62626262626263,-4.24242424242424,42.4640192961854
-2.22222222222222,-4.24242424242424,34.6298931766854
-1.81818181818182,-4.24242424242424,27.2359928460469
-1.41414141414142,-4.24242424242424,20.3626581821356
-1.01010101010101,-4.24242424242424,14.3792656814975
-0.606060606060606,-4.24242424242424,9.31282707980505
-0.202020202020201,-4.24242424242424,6.5629293469004
0.202020202020201,-4.24242424242424,2.90651266779375
0.606060606060606,-4.24242424242424,2.36950221168255
1.01010101010101,-4.24242424242424,0.807648783917147
1.41414141414142,-4.24242424242424,0.000346844113395248
1.81818181818182,-4.24242424242424,0.821806051191363
2.22222222222222,-4.24242424242424,3.08698201523702
2.62626262626263,-4.24242424242424,6.51937591955735
3.03030303030303,-4.24242424242424,11.1892726995294
3.43434343434343,-4.24242424242424,17.3785906129215
3.83838383838384,-4.24242424242424,24.4704791252365
4.24242424242424,-4.24242424242424,32.733302879549
4.64646464646465,-4.24242424242424,42.5917638428458
5.05050505050505,-4.24242424242424,53.6885443140409
5.45454545454545,-4.24242424242424,65.9909254385139
5.85858585858586,-4.24242424242424,79.5086345771796
6.26262626262626,-4.24242424242424,94.2721377795491
6.66666666666667,-4.24242424242424,110.218240085393
7.07070707070707,-4.24242424242424,127.597602539137
7.47474747474747,-4.24242424242424,146.274591389927
7.87878787878788,-4.24242424242424,166.213309427477
8.28282828282828,-4.24242424242424,187.37123260321
8.68686868686869,-4.24242424242424,209.530109910371
9.09090909090909,-4.24242424242424,232.875059488116
9.4949494949495,-4.24242424242424,257.486558670261
9.8989898989899,-4.24242424242424,283.422236902201
10.3030303030303,-4.24242424242424,310.659620374497
10.7070707070707,-4.24242424242424,339.16561544428
11.1111111111111,-4.24242424242424,368.904519248763
11.5151515151515,-4.24242424242424,399.939540998902
11.9191919191919,-4.24242424242424,432.17921323414
12.3232323232323,-4.24242424242424,465.65157570782
12.7272727272727,-4.24242424242424,500.194965598386
13.1313131313131,-4.24242424242424,535.935156860565
13.5353535353535,-4.24242424242424,572.868816676583
13.9393939393939,-4.24242424242424,611.069268261297
14.3434343434343,-4.24242424242424,650.502989792647
14.7474747474747,-4.24242424242424,691.144544086033
15.1515151515151,-4.24242424242424,733.008004270214
15.5555555555556,-4.24242424242424,776.079898129555
15.959595959596,-4.24242424242424,820.38400866022
16.3636363636364,-4.24242424242424,865.947828997283
16.7676767676768,-4.24242424242424,912.713712319111
17.1717171717172,-4.24242424242424,960.767703465507
17.5757575757576,-4.24242424242424,1010.05434033787
17.979797979798,-4.24242424242424,1060.51559880027
18.3838383838384,-4.24242424242424,1112.22335515297
18.7878787878788,-4.24242424242424,1165.28112659437
19.1919191919192,-4.24242424242424,1219.57938655473
19.5959595959596,-4.24242424242424,1275.20424192164
20,-4.24242424242424,1332.06837528148
-20,-3.83838383838384,871.976694354283
-19.5959595959596,-3.83838383838384,839.506458805169
-19.1919191919192,-3.83838383838384,807.668998913863
-18.7878787878788,-3.83838383838384,776.450475177109
-18.3838383838384,-3.83838383838384,745.868180535863
-17.979797979798,-3.83838383838384,715.787850676786
-17.5757575757576,-3.83838383838384,686.272063803355
-17.1717171717172,-3.83838383838384,657.391201527644
-16.7676767676768,-3.83838383838384,629.152325667767
-16.3636363636364,-3.83838383838384,601.526521387121
-15.959595959596,-3.83838383838384,574.505567654077
-15.5555555555556,-3.83838383838384,548.246566423741
-15.1515151515152,-3.83838383838384,522.713077024425
-14.7474747474747,-3.83838383838384,497.788180404134
-14.3434343434343,-3.83838383838384,473.472144522484
-13.9393939393939,-3.83838383838384,449.756313034027
-13.5353535353535,-3.83838383838384,426.60267498377
-13.1313131313131,-3.83838383838384,404.054657934494
-12.7272727272727,-3.83838383838384,382.091821251382
-12.3232323232323,-3.83838383838384,360.772466408532
-11.9191919191919,-3.83838383838384,340.060717228264
-11.5151515151515,-3.83838383838384,319.947004076701
-11.1111111111111,-3.83838383838384,300.477013139603
-10.7070707070707,-3.83838383838384,281.69826513791
-10.3030303030303,-3.83838383838384,263.520141707885
-9.8989898989899,-3.83838383838384,245.934384320811
-9.4949494949495,-3.83838383838384,228.940695475522
-9.09090909090909,-3.83838383838384,212.607195416483
-8.68686868686869,-3.83838383838384,196.834187138277
-8.28282828282828,-3.83838383838384,181.72646834013
-7.87878787878788,-3.83838383838384,167.302034130788
-7.47474747474748,-3.83838383838384,153.438962426871
-7.07070707070707,-3.83838383838384,140.242370044382
-6.66666666666667,-3.83838383838384,127.85257509259
-6.26262626262626,-3.83838383838384,116.278445032013
-5.85858585858586,-3.83838383838384,105.191873491693
-5.45454545454546,-3.83838383838384,94.6886557935978
-5.05050505050505,-3.83838383838384,84.9906341195529
-4.64646464646465,-3.83838383838384,75.8910231754435
-4.24242424242424,-3.83838383838384,67.8326147942626
-3.83838383838384,-3.83838383838384,60.3292168376532
-3.43434343434344,-3.83838383838384,52.8587504686275
-3.03030303030303,-3.83838383838384,44.9509293676755
-2.62626262626263,-3.83838383838384,37.3948017323481
-2.22222222222222,-3.83838383838384,30.2712985029755
-1.81818181818182,-3.83838383838384,23.546607094564
-1.41414141414142,-3.83838383838384,17.2827382550898
-1.01010101010101,-3.83838383838384,11.8484888405764
-0.606060606060606,-3.83838383838384,7.34672500381906
-0.202020202020201,-3.83838383838384,4.94031751969304
0.202020202020201,-3.83838383838384,1.84722510713569
0.606060606060606,-3.83838383838384,1.42067724407715
1.01010101010101,-3.83838383838384,0.299646189859321
1.41414141414142,-3.83838383838384,0.132401425168742
1.81818181818182,-3.83838383838384,1.51078652051854
2.22222222222222,-3.83838383838384,4.15484605054552
2.62626262626263,-3.83838383838384,8.03182848804678
3.03030303030303,-3.83838383838384,13.3512827800755
3.43434343434343,-3.83838383838384,19.6243116084386
3.83838383838384,-3.83838383838384,27.136553986955
4.24242424242424,-3.83838383838384,36.2095770173109
4.64646464646465,-3.83838383838384,46.4333146796717
5.05050505050505,-3.83838383838384,57.9248111785292
5.45454545454545,-3.83838383838384,70.6029550806015
5.85858585858586,-3.83838383838384,84.5089147800174
6.26262626262626,-3.83838383838384,99.7750222273082
6.66666666666667,-3.83838383838384,116.368642794909
7.07070707070707,-3.83838383838384,134.239539677932
7.47474747474747,-3.83838383838384,153.243341813436
7.87878787878788,-3.83838383838384,173.320840986229
8.28282828282828,-3.83838383838384,194.61436297219
8.68686868686869,-3.83838383838384,217.200012914797
9.09090909090909,-3.83838383838384,241.112946927678
9.4949494949495,-3.83838383838384,266.301708748581
9.8989898989899,-3.83838383838384,292.726243537359
10.3030303030303,-3.83838383838384,320.440750100064
10.7070707070707,-3.83838383838384,349.356868768676
11.1111111111111,-3.83838383838384,379.470866805159
11.5151515151515,-3.83838383838384,410.708120848617
11.9191919191919,-3.83838383838384,443.121942445836
12.3232323232323,-3.83838383838384,476.784303890032
12.7272727272727,-3.83838383838384,511.688471468005
13.1313131313131,-3.83838383838384,547.806246287547
13.5353535353535,-3.83838383838384,585.144454803323
13.9393939393939,-3.83838383838384,623.687434720503
14.3434343434343,-3.83838383838384,663.473209779265
14.7474747474747,-3.83838383838384,704.504233534584
15.1515151515151,-3.83838383838384,746.772783389307
15.5555555555556,-3.83838383838384,790.29765569202
15.959595959596,-3.83838383838384,835.02703921486
16.3636363636364,-3.83838383838384,880.942444388355
16.7676767676768,-3.83838383838384,928.23135111663
17.1717171717172,-3.83838383838384,976.763797860533
17.5757575757576,-3.83838383838384,1026.6085343544
17.979797979798,-3.83838383838384,1077.69449720794
18.3838383838384,-3.83838383838384,1130.02033893423
18.7878787878788,-3.83838383838384,1183.58654843609
19.1919191919192,-3.83838383838384,1238.39393116739
19.5959595959596,-3.83838383838384,1294.44061975233
20,-3.83838383838384,1351.74168919112
-20,-3.43434343434344,849.468765499572
-19.5959595959596,-3.43434343434344,817.437864990969
-19.1919191919192,-3.43434343434344,786.056850915056
-18.7878787878788,-3.43434343434344,755.291711684033
-18.3838383838384,-3.43434343434344,725.135463344534
-17.979797979798,-3.43434343434344,695.64235677032
-17.5757575757576,-3.43434343434344,666.678117896023
-17.1717171717172,-3.43434343434344,638.331683686854
-16.7676767676768,-3.43434343434344,610.609431278239
-16.3636363636364,-3.43434343434344,583.524986513284
-15.959595959596,-3.43434343434344,556.961387516661
-15.5555555555556,-3.43434343434344,530.962605236688
-15.1515151515152,-3.43434343434344,505.599887938441
-14.7474747474747,-3.43434343434344,480.872898320827
-14.3434343434343,-3.43434343434344,456.752036255381
-13.9393939393939,-3.43434343434344,433.283162188291
-13.5353535353535,-3.43434343434344,410.598635508167
-13.1313131313131,-3.43434343434344,388.542728472641
-12.7272727272727,-3.43434343434344,367.095304104254
-12.3232323232323,-3.43434343434344,346.243404069117
-11.9191919191919,-3.43434343434344,325.965901147477
-11.5151515151515,-3.43434343434344,306.293608174045
-11.1111111111111,-3.43434343434344,287.22139811752
-10.7070707070707,-3.43434343434344,268.777728800765
-10.3030303030303,-3.43434343434344,250.932567846234
-9.8989898989899,-3.43434343434344,233.720597726375
-9.4949494949495,-3.43434343434344,217.191197186087
-9.09090909090909,-3.43434343434344,201.26814703618
-8.68686868686869,-3.43434343434344,185.938339593369
-8.28282828282828,-3.43434343434344,171.233309701258
-7.87878787878788,-3.43434343434344,157.117672155689
-7.47474747474748,-3.43434343434344,143.604270615437
-7.07070707070707,-3.43434343434344,130.812139746292
-6.66666666666667,-3.43434343434344,118.595772023699
-6.26262626262626,-3.43434343434344,107.029575793162
-5.85858585858586,-3.43434343434344,96.2687885141344
-5.45454545454546,-3.43434343434344,86.2868313896481
-5.05050505050505,-3.43434343434344,76.7781509736124
-4.64646464646465,-3.43434343434344,67.9637228110625
-4.24242424242424,-3.43434343434344,59.8004426617424
-3.83838383838384,-3.43434343434344,52.5950488444156
-3.43434343434344,-3.43434343434344,46.0058212472566
-3.03030303030303,-3.43434343434344,39.4716241333213
-2.62626262626263,-3.43434343434344,32.5491561017701
-2.22222222222222,-3.43434343434344,26.1255477272831
-1.81818181818182,-3.43434343434344,20.063077195659
-1.41414141414142,-3.43434343434344,14.4724499519509
-1.01010101010101,-3.43434343434344,9.55496642752617
-0.606060606060606,-3.43434343434344,5.61299905613111
-0.202020202020201,-3.43434343434344,3.54653817201949
0.202020202020201,-3.43434343434344,1.02833277439421
0.606060606060606,-3.43434343434344,0.716014137939038
1.01010101010101,-3.43434343434344,0.0349044697467347
1.41414141414142,-3.43434343434344,0.486837947446374
1.81818181818182,-3.43434343434344,2.32495573633752
2.22222222222222,-3.43434343434344,5.39547719872539
2.62626262626263,-3.43434343434344,9.85381632259734
3.03030303030303,-3.43434343434344,15.3180901841383
3.43434343434343,-3.43434343434344,22.098959563169
3.83838383838384,-3.43434343434344,30.328262320012
4.24242424242424,-3.43434343434344,39.732155266899
4.64646464646465,-3.43434343434344,50.338467777135
5.05050505050505,-3.43434343434344,62.216159248905
5.45454545454545,-3.43434343434344,75.3698580154961
5.85858585858586,-3.43434343434344,89.8791438489548
6.26262626262626,-3.43434343434344,105.661710005251
6.66666666666667,-3.43434343434344,122.538897763726
7.07070707070707,-3.43434343434344,140.537578189037
7.47474747474747,-3.43434343434344,159.790392268785
7.87878787878788,-3.43434343434344,180.367189119491
8.28282828282828,-3.43434343434344,202.237675013078
8.68686868686869,-3.43434343434344,225.348293815155
9.09090909090909,-3.43434343434344,249.741817497035
9.4949494949495,-3.43434343434344,275.337253674698
9.8989898989899,-3.43434343434344,302.100738610686
10.3030303030303,-3.43434343434344,330.015940590052
10.7070707070707,-3.43434343434344,359.139290144977
11.1111111111111,-3.43434343434344,389.513803198005
11.5151515151515,-3.43434343434344,421.107407469145
11.9191919191919,-3.43434343434344,453.91974135371
12.3232323232323,-3.43434343434344,487.934444629863
12.7272727272727,-3.43434343434344,523.207905213338
13.1313131313131,-3.43434343434344,559.701687594618
13.5353535353535,-3.43434343434344,597.466117504577
13.9393939393939,-3.43434343434344,636.45735961196
14.3434343434343,-3.43434343434344,676.59081036699
14.7474747474747,-3.43434343434344,718.109261264512
15.1515151515151,-3.43434343434344,760.87467054255
15.5555555555556,-3.43434343434344,804.940770849556
15.959595959596,-3.43434343434344,850.246917250501
16.3636363636364,-3.43434343434344,896.793882366279
16.7676767676768,-3.43434343434344,944.580764318368
17.1717171717172,-3.43434343434344,993.608489018476
17.5757575757576,-3.43434343434344,1043.88559674146
17.979797979798,-3.43434343434344,1095.43433524591
18.3838383838384,-3.43434343434344,1148.16409515912
18.7878787878788,-3.43434343434344,1202.25842122893
19.1919191919192,-3.43434343434344,1257.68770518003
19.5959595959596,-3.43434343434344,1314.39212068363
20,-3.43434343434344,1372.33747438878
-20,-3.03030303030303,827.420385073216
-19.5959595959596,-3.03030303030303,795.81138886016
-19.1919191919192,-3.03030303030303,764.816070231948
-18.7878787878788,-3.03030303030303,734.446225467274
-18.3838383838384,-3.03030303030303,704.695074370546
-17.979797979798,-3.03030303030303,675.574596664833
-17.5757575757576,-3.03030303030303,647.04488495197
-17.1717171717172,-3.03030303030303,619.127800630052
-16.7676767676768,-3.03030303030303,591.848962128141
-16.3636363636364,-3.03030303030303,565.198296636872
-15.959595959596,-3.03030303030303,539.159263491956
-15.5555555555556,-3.03030303030303,513.750011945386
-15.1515151515152,-3.03030303030303,488.895160747022
-14.7474747474747,-3.03030303030303,464.670434920225
-14.3434343434343,-3.03030303030303,441.075402458001
-13.9393939393939,-3.03030303030303,418.032346032672
-13.5353535353535,-3.03030303030303,395.550939479162
-13.1313131313131,-3.03030303030303,373.705619450687
-12.7272727272727,-3.03030303030303,352.490312536772
-12.3232323232323,-3.03030303030303,331.877623994681
-11.9191919191919,-3.03030303030303,312.00105990874
-11.5151515151515,-3.03030303030303,292.813882917409
-11.1111111111111,-3.03030303030303,274.235238178215
-10.7070707070707,-3.03030303030303,256.2491580222
-10.3030303030303,-3.03030303030303,238.847366444458
-9.8989898989899,-3.03030303030303,222.05089823204
-9.4949494949495,-3.03030303030303,205.866499057426
-9.09090909090909,-3.03030303030303,190.291882025629
-8.68686868686869,-3.03030303030303,175.332910544548
-8.28282828282828,-3.03030303030303,161.059917491188
-7.87878787878788,-3.03030303030303,147.39050131636
-7.47474747474748,-3.03030303030303,134.317015851754
-7.07070707070707,-3.03030303030303,121.849750741077
-6.66666666666667,-3.03030303030303,109.987788761756
-6.26262626262626,-3.03030303030303,98.8054008233991
-5.85858585858586,-3.03030303030303,88.2338248115951
-5.45454545454546,-3.03030303030303,78.3000988323295
-5.05050505050505,-3.03030303030303,69.1751672863283
-4.64646464646465,-3.03030303030303,60.7424383418347
-4.24242424242424,-3.03030303030303,52.8307909742119
-3.83838383838384,-3.03030303030303,45.6638591523663
-3.43434343434344,-3.03030303030303,39.2886376372875
-3.03030303030303,-3.03030303030303,33.620749638209
-2.62626262626263,-3.03030303030303,28.010101432539
-2.22222222222222,-3.03030303030303,22.1472013750698
-1.81818181818182,-3.03030303030303,16.7947372009584
-1.41414141414142,-3.03030303030303,11.8623097648382
-1.01010101010101,-3.03030303030303,7.49604259127858
-0.606060606060606,-3.03030303030303,4.11206507062958
-0.202020202020201,-3.03030303030303,2.3854733234708
0.202020202020201,-3.03030303030303,0.443450463573713
0.606060606060606,-3.03030303030303,0.24992312476532
1.01010101010101,-3.03030303030303,0.0250891756169685
1.41414141414142,-3.03030303030303,1.02915692517687
1.81818181818182,-3.03030303030303,3.27894180336635
2.22222222222222,-3.03030303030303,6.88651775953836
2.62626262626263,-3.03030303030303,11.5556304645486
3.03030303030303,-3.03030303030303,17.5980587949736
3.43434343434343,-3.03030303030303,24.9415505423905
3.83838383838384,-3.03030303030303,33.5167951311025
4.24242424242424,-3.03030303030303,43.3174804288992
4.64646464646465,-3.03030303030303,54.3820171368186
5.05050505050505,-3.03030303030303,66.8060415696833
5.45454545454545,-3.03030303030303,80.4945280729127
5.85858585858586,-3.03030303030303,95.2531561748128
6.26262626262626,-3.03030303030303,111.195921275565
6.66666666666667,-3.03030303030303,128.428161385733
7.07070707070707,-3.03030303030303,146.975087871048
7.47474747474747,-3.03030303030303,166.77069596534
7.87878787878788,-3.03030303030303,187.838290651023
8.28282828282828,-3.03030303030303,210.122164390622
8.68686868686869,-3.03030303030303,233.537384874349
9.09090909090909,-3.03030303030303,258.133854561879
9.4949494949495,-3.03030303030303,283.979242118876
9.8989898989899,-3.03030303030303,311.046953702662
10.3030303030303,-3.03030303030303,339.334033218875
10.7070707070707,-3.03030303030303,368.82619942192
11.1111111111111,-3.03030303030303,399.576415439879
11.5151515151515,-3.03030303030303,431.558886587712
11.9191919191919,-3.03030303030303,464.79496560211
12.3232323232323,-3.03030303030303,499.192495214538
12.7272727272727,-3.03030303030303,534.915382158316
13.1313131313131,-3.03030303030303,571.912902384858
13.5353535353535,-3.03030303030303,610.19910777275
13.9393939393939,-3.03030303030303,649.727012193436
14.3434343434343,-3.03030303030303,690.494636785984
14.7474747474747,-3.03030303030303,732.502331438842
15.1515151515151,-3.03030303030303,775.756125265775
15.5555555555556,-3.03030303030303,820.277700294591
15.959595959596,-3.03030303030303,865.991272251918
16.3636363636364,-3.03030303030303,913.091529107385
16.7676767676768,-3.03030303030303,961.499638354095
17.1717171717172,-3.03030303030303,1011.1583765645
17.5757575757576,-3.03030303030303,1062.03420512056
17.979797979798,-3.03030303030303,1114.20658364831
18.3838383838384,-3.03030303030303,1167.63250994197
18.7878787878788,-3.03030303030303,1222.30816399315
19.1919191919192,-3.03030303030303,1278.2713704776
19.5959595959596,-3.03030303030303,1335.58896364674
20,-3.03030303030303,1394.16387193937
-20,-2.62626262626263,805.639829351979
-19.5959595959596,-2.62626262626263,774.47016926599
-19.1919191919192,-2.62626262626263,743.915325768585
-18.7878787878788,-2.62626262626263,713.975407135354
-18.3838383838384,-2.62626262626263,684.645322825947
-17.979797979798,-2.62626262626263,655.926373510244
-17.5757575757576,-2.62626262626263,627.82340739929
-17.1717171717172,-2.62626262626263,600.335725792944
-16.7676767676768,-2.62626262626263,573.45666009377
-16.3636363636364,-2.62626262626263,547.192295511038
-15.959595959596,-2.62626262626263,521.549752073095
-15.5555555555556,-2.62626262626263,496.527814064075
-15.1515151515152,-2.62626262626263,472.127745756775
-14.7474747474747,-2.62626262626263,448.327945289213
-14.3434343434343,-2.62626262626263,425.150628580689
-13.9393939393939,-2.62626262626263,402.613141587078
-13.5353535353535,-2.62626262626263,380.689395503341
-13.1313131313131,-2.62626262626263,359.364710254808
-12.7272727272727,-2.62626262626263,338.630896904537
-12.3232323232323,-2.62626262626263,318.525027286697
-11.9191919191919,-2.62626262626263,299.001398311439
-11.5151515151515,-2.62626262626263,280.036256042238
-11.1111111111111,-2.62626262626263,261.707809219697
-10.7070707070707,-2.62626262626263,243.997726628658
-10.3030303030303,-2.62626262626263,226.93284680757
-9.8989898989899,-2.62626262626263,210.601507411418
-9.4949494949495,-2.62626262626263,194.891703975093
-9.09090909090909,-2.62626262626263,179.77301695139
-8.68686868686869,-2.62626262626263,165.247174183533
-8.28282828282828,-2.62626262626263,151.330345747459
-7.87878787878788,-2.62626262626263,138.025286774827
-7.47474747474748,-2.62626262626263,125.32416240984
-7.07070707070707,-2.62626262626263,113.304896891985
-6.66666666666667,-2.62626262626263,101.88732043639
-6.26262626262626,-2.62626262626263,91.0622356039322
-5.85858585858586,-2.62626262626263,80.8551384123607
-5.45454545454546,-2.62626262626263,71.2819503134608
-5.05050505050505,-2.62626262626263,62.3531464862507
-4.64646464646465,-2.62626262626263,54.0521027385117
-4.24242424242424,-2.62626262626263,46.5640904599095
-3.83838383838384,-2.62626262626263,39.6786829515104
-3.43434343434344,-2.62626262626263,33.4322959018806
-3.03030303030303,-2.62626262626263,27.907322221531
-2.62626262626263,-2.62626262626263,23.1738206848718
-2.22222222222222,-2.62626262626263,18.4544764698193
-1.81818181818182,-2.62626262626263,13.7295009003643
-1.41414141414142,-2.62626262626263,9.44828903737483
-1.01010101010101,-2.62626262626263,5.68115193767962
-0.606060606060606,-2.62626262626263,2.84029998121245
-0.202020202020201,-2.62626262626263,1.45355858168009
0.202020202020201,-2.62626262626263,0.0990487186394848
0.606060606060606,-2.62626262626263,0.0197136583570686
1.01010101010101,-2.62626262626263,0.238088114848181
1.41414141414142,-2.62626262626263,1.68572979505723
1.81818181818182,-2.62626262626263,4.44962902955189
2.22222222222222,-2.62626262626263,8.32411251943238
2.62626262626263,-2.62626262626263,13.5878749296072
3.03030303030303,-2.62626262626263,20.0971037564449
3.43434343434343,-2.62626262626263,27.8262200632493
3.83838383838384,-2.62626262626263,36.8115319091354
4.24242424242424,-2.62626262626263,47.1490702995583
4.64646464646465,-2.62626262626263,58.7322560666536
5.05050505050505,-2.62626262626263,71.3937783978332
5.45454545454545,-2.62626262626263,85.289182705981
5.85858585858586,-2.62626262626263,100.513047330899
6.26262626262626,-2.62626262626263,116.993118402262
6.66666666666667,-2.62626262626263,134.735918716545
7.07070707070707,-2.62626262626263,153.686729124146
7.47474747474747,-2.62626262626263,173.775739690652
7.87878787878788,-2.62626262626263,195.084150024012
8.28282828282828,-2.62626262626263,217.626115478245
8.68686868686869,-2.62626262626263,241.385796194158
9.09090909090909,-2.62626262626263,266.356056734573
9.4949494949495,-2.62626262626263,292.578368129572
9.8989898989899,-2.62626262626263,320.05149957005
10.3030303030303,-2.62626262626263,348.714458479807
10.7070707070707,-2.62626262626263,378.649142442622
11.1111111111111,-2.62626262626263,409.8776303501
11.5151515151515,-2.62626262626263,442.385084570015
11.9191919191919,-2.62626262626263,476.133322758035
12.3232323232323,-2.62626262626263,511.1213550645
12.7272727272727,-2.62626262626263,547.354116230778
13.1313131313131,-2.62626262626263,584.848745642031
13.5353535353535,-2.62626262626263,623.565689131904
13.9393939393939,-2.62626262626263,663.659423405568
14.3434343434343,-2.62626262626263,705.021116457721
14.7474747474747,-2.62626262626263,747.616257457831
15.1515151515151,-2.62626262626263,791.489322707369
15.5555555555556,-2.62626262626263,836.616357821816
15.959595959596,-2.62626262626263,882.994215593087
16.3636363636364,-2.62626262626263,930.698404608385
16.7676767676768,-2.62626262626263,979.699208370548
17.1717171717172,-2.62626262626263,1029.95584233187
17.5757575757576,-2.62626262626263,1081.4709756443
17.979797979798,-2.62626262626263,1134.24137687468
18.3838383838384,-2.62626262626263,1188.27112692657
18.7878787878788,-2.62626262626263,1243.55312493272
19.1919191919192,-2.62626262626263,1300.07631576981
19.5959595959596,-2.62626262626263,1357.90320265797
20,-2.62626262626263,1416.99434873891
-20,-2.22222222222222,784.217826494438
-19.5959595959596,-2.22222222222222,753.452826044831
-19.1919191919192,-2.22222222222222,723.302700896288
-18.7878787878788,-2.22222222222222,693.767696447894
-18.3838383838384,-2.22222222222222,664.852664125136
-17.979797979798,-2.22222222222222,636.557613333072
-17.5757575757576,-2.22222222222222,608.877821655785
-17.1717171717172,-2.22222222222222,581.813381106851
-16.7676767676768,-2.22222222222222,555.34666551034
-16.3636363636364,-2.22222222222222,529.523329903255
-15.959595959596,-2.22222222222222,504.311674425395
-15.5555555555556,-2.22222222222222,479.71510245288
-15.1515151515152,-2.22222222222222,455.730913915647
-14.7474747474747,-2.22222222222222,432.356053435463
-14.3434343434343,-2.22222222222222,409.598621207906
-13.9393939393939,-2.22222222222222,387.451612846473
-13.5353535353535,-2.22222222222222,365.918207568097
-13.1313131313131,-2.22222222222222,345.003246878807
-12.7272727272727,-2.22222222222222,324.709982562738
-12.3232323232323,-2.22222222222222,305.03264037808
-11.9191919191919,-2.22222222222222,285.962493668042
-11.5151515151515,-2.22222222222222,267.532942134497
-11.1111111111111,-2.22222222222222,249.723472680319
-10.7070707070707,-2.22222222222222,232.494686251875
-10.3030303030303,-2.22222222222222,215.88184607272
-9.8989898989899,-2.22222222222222,199.868184245148
-9.4949494949495,-2.22222222222222,184.419154523315
-9.09090909090909,-2.22222222222222,169.606184005781
-8.68686868686869,-2.22222222222222,155.406934068451
-8.28282828282828,-2.22222222222222,141.905902728149
-7.87878787878788,-2.22222222222222,129.065094110836
-7.47474747474748,-2.22222222222222,116.81515257434
-7.07070707070707,-2.22222222222222,105.165270368547
-6.66666666666667,-2.22222222222222,94.1303782811497
-6.26262626262626,-2.22222222222222,83.6955388874778
-5.85858585858586,-2.22222222222222,73.9257840077223
-5.45454545454546,-2.22222222222222,64.7612748827069
-5.05050505050505,-2.22222222222222,56.1908842680009
-4.64646464646465,-2.22222222222222,48.244147492406
-4.24242424242424,-2.22222222222222,40.9538176708811
-3.83838383838384,-2.22222222222222,34.2844417282135
-3.43434343434344,-2.22222222222222,28.4077649026069
-3.03030303030303,-2.22222222222222,23.1020148596056
-2.62626262626263,-2.22222222222222,18.486023459241
-2.22222222222222,-2.22222222222222,14.6650894781923
-1.81818181818182,-2.22222222222222,10.871596309272
-1.41414141414142,-2.22222222222222,7.25853617483523
-1.01010101010101,-2.22222222222222,4.12325695829601
-0.606060606060606,-2.22222222222222,1.79202211287647
-0.202020202020201,-2.22222222222222,0.745214432433797
0.202020202020201,-2.22222222222222,0.000967076872747445
0.606060606060606,-2.22222222222222,0.0418708302560813
1.01010101010101,-2.22222222222222,0.615042925307038
1.41414141414142,-2.22222222222222,2.5429856512432
1.81818181818182,-2.22222222222222,5.62485727367046
2.22222222222222,-2.22222222222222,10.0771946247663
2.62626262626263,-2.22222222222222,15.7452432990382
3.03030303030303,-2.22222222222222,22.6598542184028
3.43434343434343,-2.22222222222222,30.9087801065558
3.83838383838384,-2.22222222222222,40.3782746358563
4.24242424242424,-2.22222222222222,50.9716594297799
4.64646464646465,-2.22222222222222,62.8518459948494
5.05050505050505,-2.22222222222222,76.0158040653876
5.45454545454545,-2.22222222222222,90.435334681323
5.85858585858586,-2.22222222222222,106.047456486499
6.26262626262626,-2.22222222222222,122.829110103965
6.66666666666667,-2.22222222222222,140.844536289942
7.07070707070707,-2.22222222222222,160.075891031086
7.47474747474747,-2.22222222222222,180.529322667399
7.87878787878788,-2.22222222222222,202.23306388102
8.28282828282828,-2.22222222222222,225.157213302862
8.68686868686869,-2.22222222222222,249.311029488647
9.09090909090909,-2.22222222222222,274.769633492914
9.4949494949495,-2.22222222222222,301.498142353094
9.8989898989899,-2.22222222222222,329.466766056411
10.3030303030303,-2.22222222222222,358.677997150795
10.7070707070707,-2.22222222222222,389.146186987955
11.1111111111111,-2.22222222222222,420.869310247923
11.5151515151515,-2.22222222222222,453.934939648199
11.9191919191919,-2.22222222222222,488.245680298624
12.3232323232323,-2.22222222222222,523.818441647245
12.7272727272727,-2.22222222222222,560.648158910848
13.1313131313131,-2.22222222222222,598.733309774708
13.5353535353535,-2.22222222222222,638.15727910274
13.9393939393939,-2.22222222222222,678.840530985422
14.3434343434343,-2.22222222222222,720.780722803914
14.7474747474747,-2.22222222222222,763.977529169068
15.1515151515151,-2.22222222222222,808.4317814942
15.5555555555556,-2.22222222222222,854.134708594308
15.959595959596,-2.22222222222222,901.129258941371
16.3636363636364,-2.22222222222222,949.383771189035
16.7676767676768,-2.22222222222222,998.89571092759
17.1717171717172,-2.22222222222222,1049.62433554273
17.5757575757576,-2.22222222222222,1101.59569951682
17.979797979798,-2.22222222222222,1154.81763853908
18.3838383838384,-2.22222222222222,1209.29562676676
18.7878787878788,-2.22222222222222,1265.02997182604
19.1919191919192,-2.22222222222222,1322.01739930305
19.5959595959596,-2.22222222222222,1380.26029700379
20,-2.22222222222222,1439.75924391012
-20,-1.81818181818182,763.13095234396
-19.5959595959596,-1.81818181818182,732.765698443604
-19.1919191919192,-1.81818181818182,703.02205169788
-18.7878787878788,-1.81818181818182,673.932367747155
-18.3838383838384,-1.81818181818182,645.457401021886
-17.979797979798,-1.81818181818182,617.596955576098
-17.5757575757576,-1.81818181818182,590.351315812628
-17.1717171717172,-1.81818181818182,563.693116755718
-16.7676767676768,-1.81818181818182,537.647703181434
-16.3636363636364,-1.81818181818182,512.216765081779
-15.959595959596,-1.81818181818182,487.398564002256
-15.5555555555556,-1.81818181818182,463.196966439196
-15.1515151515152,-1.81818181818182,439.62410440218
-14.7474747474747,-1.81818181818182,416.665749914053
-14.3434343434343,-1.81818181818182,394.326158156251
-13.9393939393939,-1.81818181818182,372.605878823993
-13.5353535353535,-1.81818181818182,351.500719799521
-13.1313131313131,-1.81818181818182,330.994661773791
-12.7272727272727,-1.81818181818182,311.13285280605
-12.3232323232323,-1.81818181818182,291.879024258247
-11.9191919191919,-1.81818181818182,273.239990230483
-11.5151515151515,-1.81818181818182,255.210156818076
-11.1111111111111,-1.81818181818182,237.795826702901
-10.7070707070707,-1.81818181818182,220.993011218244
-10.3030303030303,-1.81818181818182,204.806366641831
-9.8989898989899,-1.81818181818182,189.241939828055
-9.4949494949495,-1.81818181818182,174.288222946742
-9.09090909090909,-1.81818181818182,159.961535043046
-8.68686868686869,-1.81818181818182,146.258291380608
-8.28282828282828,-1.81818181818182,133.140244914111
-7.87878787878788,-1.81818181818182,120.631153615221
-7.47474747474748,-1.81818181818182,108.699727001757
-7.07070707070707,-1.81818181818182,97.3994364220758
-6.66666666666667,-1.81818181818182,86.7343872280282
-6.26262626262626,-1.81818181818182,76.7550055067088
-5.85858585858586,-1.81818181818182,67.3756729239854
-5.45454545454546,-1.81818181818182,58.6017136791489
-5.05050505050505,-1.81818181818182,50.4428427458745
-4.64646464646465,-1.81818181818182,42.9189628376773
-4.24242424242424,-1.81818181818182,36.0136360622137
-3.83838383838384,-1.81818181818182,29.6972010943753
-3.43434343434344,-1.81818181818182,24.032996913279
-3.03030303030303,-1.81818181818182,19.0008322832588
-2.62626262626263,-1.81818181818182,14.713395321547
-2.22222222222222,-1.81818181818182,11.0271599721242
-1.81818181818182,-1.81818181818182,8.09407223415438
-1.41414141414142,-1.81818181818182,5.28007545298233
-1.01010101010101,-1.81818181818182,2.78279718972768
-0.606060606060606,-1.81818181818182,0.97899499827363
-0.202020202020201,-1.81818181818182,0.268887434777714
0.202020202020201,-1.81818181818182,0.146662761088447
0.606060606060606,-1.81818181818182,0.273603377122106
1.01010101010101,-1.81818181818182,1.16570866143578
1.41414141414142,-1.81818181818182,3.46856609002186
1.81818181818182,-1.81818181818182,7.08787002539288
2.22222222222222,-1.81818181818182,11.930600482946
2.62626262626263,-1.81818181818182,18.0897921784814
3.03030303030303,-1.81818181818182,25.4431068453975
3.43434343434343,-1.81818181818182,33.9913904863493
3.83838383838384,-1.81818181818182,43.8385420226105
4.24242424242424,-1.81818181818182,54.9360154734222
4.64646464646465,-1.81818181818182,67.2145063500133
5.05050505050505,-1.81818181818182,80.701910866548
5.45454545454545,-1.81818181818182,95.4054342001792
5.85858585858586,-1.81818181818182,111.341163636773
6.26262626262626,-1.81818181818182,128.51965340252
6.66666666666667,-1.81818181818182,146.900524321618
7.07070707070707,-1.81818181818182,166.588522285995
7.47474747474747,-1.81818181818182,187.53758050642
7.87878787878788,-1.81818181818182,209.728142015686
8.28282828282828,-1.81818181818182,233.170963866672
8.68686868686869,-1.81818181818182,257.899967438416
9.09090909090909,-1.81818181818182,283.919782465417
9.4949494949495,-1.81818181818182,311.194646434308
9.8989898989899,-1.81818181818182,339.727170600513
10.3030303030303,-1.81818181818182,369.539590274292
10.7070707070707,-1.81818181818182,400.648572156853
11.1111111111111,-1.81818181818182,433.01436429821
11.5151515151515,-1.81818181818182,466.636939480099
11.9191919191919,-1.81818181818182,501.51849162694
12.3232323232323,-1.81818181818182,537.678247031885
12.7272727272727,-1.81818181818182,575.095495917999
13.1313131313131,-1.81818181818182,613.75387428977
13.5353535353535,-1.81818181818182,653.649664406125
13.9393939393939,-1.81818181818182,694.791162625325
14.3434343434343,-1.81818181818182,737.188404708679
14.7474747474747,-1.81818181818182,780.840982406481
15.1515151515151,-1.81818181818182,825.749644914069
15.5555555555556,-1.81818181818182,871.913198516779
15.959595959596,-1.81818181818182,919.331820137488
16.3636363636364,-1.81818181818182,968.005473507176
16.7676767676768,-1.81818181818182,1017.93351381616
17.1717171717172,-1.81818181818182,1069.11785514972
17.5757575757576,-1.81818181818182,1121.54131439108
17.979797979798,-1.81818181818182,1175.19750041128
18.3838383838384,-1.81818181818182,1230.09960809742
18.7878787878788,-1.81818181818182,1286.25285808965
19.1919191919192,-1.81818181818182,1343.66046139583
19.5959595959596,-1.81818181818182,1402.32249048973
20,-1.81818181818182,1462.23610042594
-20,-1.41414141414142,742.6147061316
-19.5959595959596,-1.41414141414142,712.658468764353
-19.1919191919192,-1.41414141414142,683.31833602641
-18.7878787878788,-1.41414141414142,654.582829394082
-18.3838383838384,-1.41414141414142,626.474601918012
-17.979797979798,-1.41414141414142,598.997374313247
-17.5757575757576,-1.41414141414142,572.136859188904
-17.1717171717172,-1.41414141414142,545.892127154393
-16.7676767676768,-1.41414141414142,520.263638670353
-16.3636363636364,-1.41414141414142,495.251726957663
-15.959595959596,-1.41414141414142,470.855284169834
-15.5555555555556,-1.41414141414142,447.075167708403
-15.1515151515152,-1.41414141414142,423.911207786917
-14.7474747474747,-1.41414141414142,401.3614173875
-14.3434343434343,-1.41414141414142,379.424847088976
-13.9393939393939,-1.41414141414142,358.104789274644
-13.5353535353535,-1.41414141414142,337.413499989053
-13.1313131313131,-1.41414141414142,317.355162306798
-12.7272727272727,-1.41414141414142,297.911506547074
-12.3232323232323,-1.41414141414142,279.06525649962
-11.9191919191919,-1.41414141414142,260.830817814303
-11.5151515151515,-1.41414141414142,243.210381703271
-11.1111111111111,-1.41414141414142,226.205455040148
-10.7070707070707,-1.41414141414142,209.824233588379
-10.3030303030303,-1.41414141414142,194.060144326904
-9.8989898989899,-1.41414141414142,178.912142070222
-9.4949494949495,-1.41414141414142,164.371157934784
-9.09090909090909,-1.41414141414142,150.468049837067
-8.68686868686869,-1.41414141414142,137.172000909389
-8.28282828282828,-1.41414141414142,124.488352840867
-7.87878787878788,-1.41414141414142,112.416593465466
-7.47474747474748,-1.41414141414142,100.959424981021
-7.07070707070707,-1.41414141414142,90.1221814667729
-6.66666666666667,-1.41414141414142,79.9011271790589
-6.26262626262626,-1.41414141414142,70.3012947846603
-5.85858585858586,-1.41414141414142,61.2914927071255
-5.45454545454546,-1.41414141414142,52.8788112648484
-5.05050505050505,-1.41414141414142,45.0903679604764
-4.64646464646465,-1.41414141414142,37.9617130635559
-4.24242424242424,-1.41414141414142,31.4545066280696
-3.83838383838384,-1.41414141414142,25.5590055284886
-3.43434343434344,-1.41414141414142,20.290024793822
-3.03030303030303,-1.41414141414142,15.6312760956441
-2.62626262626263,-1.41414141414142,11.5949157050043
-2.22222222222222,-1.41414141414142,8.20034255026582
-1.81818181818182,-1.41414141414142,5.49652370525564
-1.41414141414142,-1.41414141414142,3.46116847596924
-1.01010101010101,-1.41414141414142,1.66639736597312
-0.606060606060606,-1.41414141414142,0.407762458479859
-0.202020202020201,-1.41414141414142,0.0298209521541034
0.202020202020201,-1.41414141414142,0.532866003172015
0.606060606060606,-1.41414141414142,0.665683309123765
1.01010101010101,-1.41414141414142,1.83450969306779
1.41414141414142,-1.41414141414142,4.61348425570274
1.81818181818182,-1.41414141414142,8.68350679501362
2.22222222222222,-1.41414141414142,13.9423732618492
2.62626262626263,-1.41414141414142,20.4614569959784
3.03030303030303,-1.41414141414142,28.2373410143253
3.43434343434343,-1.41414141414142,37.198505023755
3.83838383838384,-1.41414141414142,47.3751433333666
4.24242424242424,-1.41414141414142,58.793723448742
4.64646464646465,-1.41414141414142,71.4182447509967
5.05050505050505,-1.41414141414142,85.3342824861479
5.45454545454545,-1.41414141414142,100.505016103604
5.85858585858586,-1.41414141414142,116.922799518347
6.26262626262626,-1.41414141414142,134.639606089772
6.66666666666667,-1.41414141414142,153.619725118165
7.07070707070707,-1.41414141414142,173.854020025841
7.47474747474747,-1.41414141414142,195.379757465357
7.87878787878788,-1.41414141414142,218.171339328891
8.28282828282828,-1.41414141414142,242.223258573793
8.68686868686869,-1.41414141414142,267.55061948455
9.09090909090909,-1.41414141414142,294.1271660397
9.4949494949495,-1.41414141414142,321.942483574138
9.8989898989899,-1.41414141414142,351.006431470335
10.3030303030303,-1.41414141414142,381.322630658296
10.7070707070707,-1.41414141414142,412.894521590907
11.1111111111111,-1.41414141414142,445.721880793837
11.5151515151515,-1.41414141414142,479.804448523256
11.9191919191919,-1.41414141414142,515.143314066282
12.3232323232323,-1.41414141414142,551.736050124982
12.7272727272727,-1.41414141414142,589.556364214933
13.1313131313131,-1.41414141414142,628.622474853918
13.5353535353535,-1.41414141414142,668.944097480257
13.9393939393939,-1.41414141414142,710.519110806985
14.3434343434343,-1.41414141414142,753.347314488041
14.7474747474747,-1.41414141414142,797.42869946418
15.1515151515151,-1.41414141414142,842.763478160457
15.5555555555556,-1.41414141414142,889.352000921848
15.959595959596,-1.41414141414142,937.192085134154
16.3636363636364,-1.41414141414142,986.282756304455
16.7676767676768,-1.41414141414142,1036.62553463218
17.1717171717172,-1.41414141414142,1088.21959261105
17.5757575757576,-1.41414141414142,1141.06377255554
17.979797979798,-1.41414141414142,1195.16024900645
18.3838383838384,-1.41414141414142,1250.51087429777
18.7878787878788,-1.41414141414142,1307.11270483912
19.1919191919192,-1.41414141414142,1364.96845065623
19.5959595959596,-1.41414141414142,1424.07703256956
20,-1.41414141414142,1484.43786268228
-20,-1.01010101010101,723.057933361098
-19.5959595959596,-1.01010101010101,693.479256664882
-19.1919191919192,-1.01010101010101,664.518180559975
-18.7878787878788,-1.01010101010101,636.174615190152
-18.3838383838384,-1.01010101010101,608.445750393193
-17.979797979798,-1.01010101010101,581.33500885908
-17.5757575757576,-1.01010101010101,554.84237150582
-17.1717171717172,-1.01010101010101,528.963520227302
-16.7676767676768,-1.01010101010101,503.7011448561
-16.3636363636364,-1.01010101010101,479.057029780599
-15.959595959596,-1.01010101010101,455.03099953079
-15.5555555555556,-1.01010101010101,431.622895601897
-15.1515151515152,-1.01010101010101,408.833347771749
-14.7474747474747,-1.01010101010101,386.661642768826
-14.3434343434343,-1.01010101010101,365.10787256937
-13.9393939393939,-1.01010101010101,344.171979127548
-13.5353535353535,-1.01010101010101,323.854530722322
-13.1313131313131,-1.01010101010101,304.168801395083
-12.7272727272727,-1.01010101010101,285.107819611283
-12.3232323232323,-1.01010101010101,266.663615765362
-11.9191919191919,-1.01010101010101,248.836063152248
-11.5151515151515,-1.01010101010101,231.62267169199
-11.1111111111111,-1.01010101010101,215.013960054772
-10.7070707070707,-1.01010101010101,199.040136723706
-10.3030303030303,-1.01010101010101,183.686804970701
-9.8989898989899,-1.01010101010101,168.949753716849
-9.4949494949495,-1.01010101010101,154.828848416287
-9.09090909090909,-1.01010101010101,141.323953021904
-8.68686868686869,-1.01010101010101,128.433292482137
-8.28282828282828,-1.01010101010101,116.158033444676
-7.87878787878788,-1.01010101010101,104.511327451283
-7.47474747474748,-1.01010101010101,93.4756760580168
-7.07070707070707,-1.01010101010101,83.049469029197
-6.66666666666667,-1.01010101010101,73.2433471571286
-6.26262626262626,-1.01010101010101,64.0518663464021
-5.85858585858586,-1.01010101010101,55.4757210470789
-5.45454545454546,-1.01010101010101,47.5289188637778
-5.05050505050505,-1.01010101010101,40.1892889372503
-4.64646464646465,-1.01010101010101,33.4619909917265
-4.24242424242424,-1.01010101010101,27.3523857138291
-3.83838383838384,-1.01010101010101,21.8535128664587
-3.43434343434344,-1.01010101010101,16.9553789081449
-3.03030303030303,-1.01010101010101,12.6872951375221
-2.62626262626263,-1.01010101010101,9.05163046769545
-2.22222222222222,-1.01010101010101,6.03766418386194
-1.81818181818182,-1.01010101010101,3.64139357642368
-1.41414141414142,-1.01010101010101,1.87773903083233
-1.01010101010101,-1.01010101010101,0.766727390193053
-0.606060606060606,-1.01010101010101,0.0823044577435758
-0.202020202020201,-1.01010101010101,0.0319365288338221
0.202020202020201,-1.01010101010101,1.06313440259756
0.606060606060606,-1.01010101010101,1.19480689286573
1.01010101010101,-1.01010101010101,2.68432057657254
1.41414141414142,-1.01010101010101,5.88429920520149
1.81818181818182,-1.01010101010101,10.3338946394296
2.22222222222222,-1.01010101010101,15.9883142352288
2.62626262626263,-1.01010101010101,22.8692945153791
3.03030303030303,-1.01010101010101,31.0076461983911
3.43434343434343,-1.01010101010101,40.4107810559036
3.83838383838384,-1.01010101010101,51.0934513021818
4.24242424242424,-1.01010101010101,63.0338111289334
4.64646464646465,-1.01010101010101,76.2554923345248
5.05050505050505,-1.01010101010101,90.7432963601117
5.45454545454545,-1.01010101010101,106.47932635259
5.85858585858586,-1.01010101010101,123.464050854232
6.26262626262626,-1.01010101010101,141.699411271653
6.66666666666667,-1.01010101010101,161.190453700995
7.07070707070707,-1.01010101010101,181.936922346552
7.47474747474747,-1.01010101010101,203.928335166616
7.87878787878788,-1.01010101010101,227.160140891759
8.28282828282828,-1.01010101010101,251.648322650776
8.68686868686869,-1.01010101010101,277.390605839319
9.09090909090909,-1.01010101010101,304.386413943882
9.4949494949495,-1.01010101010101,332.634869686438
9.8989898989899,-1.01010101010101,362.134285426432
10.3030303030303,-1.01010101010101,392.887017726102
10.7070707070707,-1.01010101010101,424.890892065067
11.1111111111111,-1.01010101010101,458.14609024768
11.5151515151515,-1.01010101010101,492.654209196822
11.9191919191919,-1.01010101010101,528.414819522552
12.3232323232323,-1.01010101010101,565.428519955411
12.7272727272727,-1.01010101010101,603.694775300819
13.1313131313131,-1.01010101010101,643.213945374359
13.5353535353535,-1.01010101010101,683.985739934843
13.9393939393939,-1.01010101010101,726.011065936107
14.3434343434343,-1.01010101010101,769.28871712552
14.7474747474747,-1.01010101010101,813.819409982063
15.1515151515151,-1.01010101010101,859.602715248726
15.5555555555556,-1.01010101010101,906.638729672601
15.959595959596,-1.01010101010101,954.928151484645
16.3636363636364,-1.01010101010101,1004.47695011573
16.7676767676768,-1.01010101010101,1055.27966654059
17.1717171717172,-1.01010101010101,1107.33635511297
17.5757575757576,-1.01010101010101,1160.64473090609
17.979797979798,-1.01010101010101,1215.20628096891
18.3838383838384,-1.01010101010101,1271.02018930618
18.7878787878788,-1.01010101010101,1328.08890390361
19.1919191919192,-1.01010101010101,1386.40912454494
19.5959595959596,-1.01010101010101,1445.98277333685
20,-1.01010101010101,1506.81075686245
-20,-0.606060606060606,705.392405967432
-19.5959595959596,-0.606060606060606,676.173152726541
-19.1919191919192,-0.606060606060606,647.57038447068
-18.7878787878788,-0.606060606060606,619.586386921573
-18.3838383838384,-0.606060606060606,592.220372882717
-17.979797979798,-0.606060606060606,565.472167291629
-17.5757575757576,-0.606060606060606,539.342675149779
-17.1717171717172,-0.606060606060606,513.830727801605
-16.7676767676768,-0.606060606060606,488.937375622176
-16.3636363636364,-0.606060606060606,464.661593684054
-15.959595959596,-0.606060606060606,441.004061030942
-15.5555555555556,-0.606060606060606,417.964920915758
-15.1515151515152,-0.606060606060606,395.543313345639
-14.7474747474747,-0.606060606060606,373.740094072169
-14.3434343434343,-0.606060606060606,352.554951141817
-13.9393939393939,-0.606060606060606,331.987537025556
-13.5353535353535,-0.606060606060606,312.036266293677
-13.1313131313131,-0.606060606060606,292.701192935437
-12.7272727272727,-0.606060606060606,273.984534776433
-12.3232323232323,-0.606060606060606,255.885980345457
-11.9191919191919,-0.606060606060606,238.405908498624
-11.5151515151515,-0.606060606060606,221.544079391918
-11.1111111111111,-0.606060606060606,205.30012314511
-10.7070707070707,-0.606060606060606,189.674412251777
-10.3030303030303,-0.606060606060606,174.665907075603
-9.8989898989899,-0.606060606060606,160.275919413543
-9.4949494949495,-0.606060606060606,146.504380006523
-9.09090909090909,-0.606060606060606,133.351298400857
-8.68686868686869,-0.606060606060606,120.816872827408
-8.28282828282828,-0.606060606060606,108.902159026701
-7.87878787878788,-0.606060606060606,97.6085489859503
-7.47474747474748,-0.606060606060606,86.9329348523421
-7.07070707070707,-0.606060606060606,76.8769547055462
-6.66666666666667,-0.606060606060606,67.4396267455208
-6.26262626262626,-0.606060606060606,58.6184617894915
-5.85858585858586,-0.606060606060606,50.4152380849557
-5.45454545454546,-0.606060606060606,42.830052793586
-5.05050505050505,-0.606060606060606,35.8663529966729
-4.64646464646465,-0.606060606060606,29.5236704206851
-4.24242424242424,-0.606060606060606,23.7976814354966
-3.83838383838384,-0.606060606060606,18.6838836365606
-3.43434343434344,-0.606060606060606,14.1887305903241
-3.03030303030303,-0.606060606060606,10.3152962215536
-2.62626262626263,-0.606060606060606,7.05258219628058
-2.22222222222222,-0.606060606060606,4.41270723773054
-1.81818181818182,-0.606060606060606,2.38910952238958
-1.41414141414142,-0.606060606060606,0.976759231632506
-1.01010101010101,-0.606060606060606,0.187883446004133
-0.606060606060606,-0.606060606060606,0.00734804768179115
-0.202020202020201,-0.606060606060606,0.265783186055745
0.202020202020201,-0.606060606060606,1.71976252576708
0.606060606060606,-0.606060606060606,1.86401411799784
1.01010101010101,-0.606060606060606,3.61698092589032
1.41414141414142,-0.606060606060606,7.26059241923216
1.81818181818182,-0.606060606060606,12.1629505552832
2.22222222222222,-0.606060606060606,18.3176552041467
2.62626262626263,-0.606060606060606,25.7190468605475
3.03030303030303,-0.606060606060606,34.3734489482929
3.43434343434343,-0.606060606060606,44.281590323472
3.83838383838384,-0.606060606060606,55.4429465014497
4.24242424242424,-0.606060606060606,67.8562215371849
4.64646464646465,-0.606060606060606,81.5219857792921
5.05050505050505,-0.606060606060606,96.4405613482619
5.45454545454545,-0.606060606060606,112.612024677522
5.85858585858586,-0.606060606060606,130.038890634356
6.26262626262626,-0.606060606060606,148.719065279569
6.66666666666667,-0.606060606060606,168.652472180421
7.07070707070707,-0.606060606060606,189.83908958654
7.47474747474747,-0.606060606060606,212.278834128901
7.87878787878788,-0.606060606060606,235.971897315574
8.28282828282828,-0.606060606060606,260.918081599188
8.68686868686869,-0.606060606060606,287.118375285603
9.09090909090909,-0.606060606060606,314.571890331362
9.4949494949495,-0.606060606060606,343.278759032998
9.8989898989899,-0.606060606060606,373.23884305449
10.3030303030303,-0.606060606060606,404.452056619258
10.7070707070707,-0.606060606060606,436.91870055726
11.1111111111111,-0.606060606060606,470.638296445983
11.5151515151515,-0.606060606060606,505.611580037561
11.9191919191919,-0.606060606060606,541.838063850327
12.3232323232323,-0.606060606060606,579.317830641089
12.7272727272727,-0.606060606060606,618.050311395334
13.1313131313131,-0.606060606060606,658.037017445585
13.5353535353535,-0.606060606060606,699.276223629947
13.9393939393939,-0.606060606060606,741.769104214248
14.3434343434343,-0.606060606060606,785.515481605945
14.7474747474747,-0.606060606060606,830.514164644758
15.1515151515151,-0.606060606060606,876.767104972633
15.5555555555556,-0.606060606060606,924.272760488047
15.959595959596,-0.606060606060606,973.032037843882
16.3636363636364,-0.606060606060606,1023.04459817771
16.7676767676768,-0.606060606060606,1074.30994135722
17.1717171717172,-0.606060606060606,1126.82854335692
17.5757575757576,-0.606060606060606,1180.60119061186
17.979797979798,-0.606060606060606,1235.62740110838
18.3838383838384,-0.606060606060606,1291.90554762058
18.7878787878788,-0.606060606060606,1349.43834219148
19.1919191919192,-0.606060606060606,1408.22387129231
19.5959595959596,-0.606060606060606,1468.26297571366
20,-0.606060606060606,1529.55537519199
-20,-0.202020202020201,700.74827800845
-19.5959595959596,-0.202020202020201,671.626487544158
-19.1919191919192,-0.202020202020201,643.123601673139
-18.7878787878788,-0.202020202020201,615.238711563695
-18.3838383838384,-0.202020202020201,587.974407198404
-17.979797979798,-0.202020202020201,561.327979852514
-17.5757575757576,-0.202020202020201,535.299429526027
-17.1717171717172,-0.202020202020201,509.888670080347
-16.7676767676768,-0.202020202020201,485.0962119862
-16.3636363636364,-0.202020202020201,460.921286357036
-15.959595959596,-0.202020202020201,437.364078191814
-15.5555555555556,-0.202020202020201,414.424988499474
-15.1515151515152,-0.202020202020201,392.103544974542
-14.7474747474747,-0.202020202020201,370.400500868123
-14.3434343434343,-0.202020202020201,349.314884798809
-13.9393939393939,-0.202020202020201,328.847219165762
-13.5353535353535,-0.202020202020201,308.99763172009
-13.1313131313131,-0.202020202020201,289.765648829261
-12.7272727272727,-0.202020202020201,271.151672829242
-12.3232323232323,-0.202020202020201,253.155448217805
-11.9191919191919,-0.202020202020201,235.776899854573
-11.5151515151515,-0.202020202020201,219.01455396306
-11.1111111111111,-0.202020202020201,202.870231399901
-10.7070707070707,-0.202020202020201,187.343644992882
-10.3030303030303,-0.202020202020201,172.435230471768
-9.8989898989899,-0.202020202020201,158.144947946311
-9.4949494949495,-0.202020202020201,144.472624213155
-9.09090909090909,-0.202020202020201,131.418356276558
-8.68686868686869,-0.202020202020201,118.98205773507
-8.28282828282828,-0.202020202020201,107.163955324806
-7.87878787878788,-0.202020202020201,95.963762014742
-7.47474747474748,-0.202020202020201,85.3816026358034
-7.07070707070707,-0.202020202020201,75.4174274958993
-6.66666666666667,-0.202020202020201,66.0690136186598
-6.26262626262626,-0.202020202020201,57.3370958979722
-5.85858585858586,-0.202020202020201,49.2238831177831
-5.45454545454546,-0.202020202020201,41.7292268122216
-5.05050505050505,-0.202020202020201,34.8532257544041
-4.64646464646465,-0.202020202020201,28.598741647539
-4.24242424242424,-0.202020202020201,22.9624382930046
-3.83838383838384,-0.202020202020201,17.9441194942234
-3.43434343434344,-0.202020202020201,13.543759421984
-3.03030303030303,-0.202020202020201,9.76268582646552
-2.62626262626263,-0.202020202020201,6.59986565121279
-2.22222222222222,-0.202020202020201,4.05899796844457
-1.81818181818182,-0.202020202020201,2.13511129329553
-1.41414141414142,-0.202020202020201,0.824958902100989
-1.01010101010101,-0.202020202020201,0.125282797413596
-0.606060606060606,-0.202020202020201,0.030281591244097
-0.202020202020201,-0.202020202020201,0.517696468891615
0.202020202020201,-0.202020202020201,1.36474682529304
0.606060606060606,-0.202020202020201,2.7328454510194
1.01010101010101,-0.202020202020201,4.78266900662989
1.41414141414142,-0.202020202020201,8.86982151525778
1.81818181818182,-0.202020202020201,14.2130799383735
2.22222222222222,-0.202020202020201,20.8070483818087
2.62626262626263,-0.202020202020201,28.6573322416076
3.03030303030303,-0.202020202020201,37.761834007104
3.43434343434343,-0.202020202020201,48.1195587104462
3.83838383838384,-0.202020202020201,59.7326078143396
4.24242424242424,-0.202020202020201,72.600045442264
4.64646464646465,-0.202020202020201,86.7248950753044
5.05050505050505,-0.202020202020201,102.10463707629
5.45454545454545,-0.202020202020201,118.739005008951
5.85858585858586,-0.202020202020201,136.625969704671
6.26262626262626,-0.202020202020201,155.764624557603
6.66666666666667,-0.202020202020201,176.155714246042
7.07070707070707,-0.202020202020201,197.801036641474
7.47474747474747,-0.202020202020201,220.698157121135
7.87878787878788,-0.202020202020201,244.848675862244
8.28282828282828,-0.202020202020201,270.251700961487
8.68686868686869,-0.202020202020201,296.908017905578
9.09090909090909,-0.202020202020201,324.817659205184
9.4949494949495,-0.202020202020201,353.980741222432
9.8989898989899,-0.202020202020201,384.397479270779
10.3030303030303,-0.202020202020201,416.067891470372
10.7070707070707,-0.202020202020201,448.991915110181
11.1111111111111,-0.202020202020201,483.168553035131
11.5151515151515,-0.202020202020201,518.597705586336
11.9191919191919,-0.202020202020201,555.281070927339
12.3232323232323,-0.202020202020201,593.217429842439
12.7272727272727,-0.202020202020201,632.407312618175
13.1313131313131,-0.202020202020201,672.851223068555
13.5353535353535,-0.202020202020201,714.547584019884
13.9393939393939,-0.202020202020201,757.497879734884
14.3434343434343,-0.202020202020201,801.701507448698
14.7474747474747,-0.202020202020201,847.158347071034
15.1515151515151,-0.202020202020201,893.869406936464
15.5555555555556,-0.202020202020201,941.832643196497
15.959595959596,-0.202020202020201,991.049877638577
16.3636363636364,-0.202020202020201,1041.52127867166
16.7676767676768,-0.202020202020201,1093.24538709271
17.1717171717172,-0.202020202020201,1146.22318174364
17.5757575757576,-0.202020202020201,1200.45388772403
17.979797979798,-0.202020202020201,1255.93800955453
18.3838383838384,-0.202020202020201,1312.6766529136
18.7878787878788,-0.202020202020201,1370.66791306301
19.1919191919192,-0.202020202020201,1429.91375513975
19.5959595959596,-0.202020202020201,1490.41484070226
20,-0.202020202020201,1552.16827267548
-20,0.202020202020201,690.734609633209
-19.5959595959596,0.202020202020201,661.810119360321
-19.1919191919192,0.202020202020201,633.505025031624
-18.7878787878788,0.202020202020201,605.817773448993
-18.3838383838384,0.202020202020201,578.749057926865
-17.979797979798,0.202020202020201,552.299602025067
-17.5757575757576,0.202020202020201,526.468310856729
-17.1717171717172,0.202020202020201,501.255814089229
-16.7676767676768,0.202020202020201,476.66176585434
-16.3636363636364,0.202020202020201,452.68674702348
-15.959595959596,0.202020202020201,429.330093440511
-15.5555555555556,0.202020202020201,406.592054959571
-15.1515151515152,0.202020202020201,384.482879041191
-14.7474747474747,0.202020202020201,362.99289991754
-14.3434343434343,0.202020202020201,342.120957427441
-13.9393939393939,0.202020202020201,321.866771456988
-13.5353535353535,0.202020202020201,302.23069267867
-13.1313131313131,0.202020202020201,283.212579975314
-12.7272727272727,0.202020202020201,264.812309193351
-12.3232323232323,0.202020202020201,247.030012968168
-11.9191919191919,0.202020202020201,229.865806971486
-11.5151515151515,0.202020202020201,213.319539192057
-11.1111111111111,0.202020202020201,197.391239608038
-10.7070707070707,0.202020202020201,182.080882482172
-10.3030303030303,0.202020202020201,167.388421641088
-9.8989898989899,0.202020202020201,153.318873426463
-9.4949494949495,0.202020202020201,139.8687536126
-9.09090909090909,0.202020202020201,127.035989335872
-8.68686868686869,0.202020202020201,114.823646327732
-8.28282828282828,0.202020202020201,103.228302229949
-7.87878787878788,0.202020202020201,92.2521617500114
-7.47474747474748,0.202020202020201,81.8909317937571
-7.07070707070707,0.202020202020201,72.1410706802389
-6.66666666666667,0.202020202020201,63.0088509740972
-6.26262626262626,0.202020202020201,54.5035843357005
-5.85858585858586,0.202020202020201,46.6140916225984
-5.45454545454546,0.202020202020201,39.345023646584
-5.05050505050505,0.202020202020201,32.7164022140998
-4.64646464646465,0.202020202020201,26.700958124492
-4.24242424242424,0.202020202020201,21.2852114105891
-3.83838383838384,0.202020202020201,16.5091416425105
-3.43434343434344,0.202020202020201,12.3290916946319
-3.03030303030303,0.202020202020201,8.7494229181102
-2.62626262626263,0.202020202020201,5.77896907993027
-2.22222222222222,0.202020202020201,3.41853854423192
-1.81818181818182,0.202020202020201,1.69761565025352
-1.41414141414142,0.202020202020201,0.604322580622003
-1.01010101010101,0.202020202020201,0.087231020331393
-0.606060606060606,0.202020202020201,0.0660328774671541
-0.202020202020201,0.202020202020201,0.835706004987558
0.202020202020201,0.202020202020201,1.81146494961937
0.606060606060606,0.202020202020201,3.77781910792787
1.01010101010101,0.202020202020201,6.18900848480321
1.41414141414142,0.202020202020201,10.7502827588738
1.81818181818182,0.202020202020201,16.5490536678216
2.22222222222222,0.202020202020201,23.5763134475997
2.62626262626263,0.202020202020201,31.8073722113476
3.03030303030303,0.202020202020201,41.2773254063458
3.43434343434343,0.202020202020201,52.0004672992631
3.83838383838384,0.202020202020201,64.013352803164
4.24242424242424,0.202020202020201,77.2980708891255
4.64646464646465,0.202020202020201,91.8439648291362
5.05050505050505,0.202020202020201,107.653746199978
5.45454545454545,0.202020202020201,124.723548232386
5.85858585858586,0.202020202020201,143.067996482637
6.26262626262626,0.202020202020201,162.650984512118
6.66666666666667,0.202020202020201,183.469637543049
7.07070707070707,0.202020202020201,205.548172505285
7.47474747474747,0.202020202020201,228.878726936196
7.87878787878788,0.202020202020201,253.462224162105
8.28282828282828,0.202020202020201,279.29919766596
8.68686868686869,0.202020202020201,306.390307784666
9.09090909090909,0.202020202020201,334.741890271611
9.4949494949495,0.202020202020201,364.354887998264
9.8989898989899,0.202020202020201,395.188546490894
10.3030303030303,0.202020202020201,427.269445493562
10.7070707070707,0.202020202020201,460.602172381809
11.1111111111111,0.202020202020201,495.186387605042
11.5151515151515,0.202020202020201,531.036823184952
11.9191919191919,0.202020202020201,568.159874619598
12.3232323232323,0.202020202020201,606.536097095515
12.7272727272727,0.202020202020201,646.167533307663
13.1313131313131,0.202020202020201,687.052592177932
13.5353535353535,0.202020202020201,729.191125385256
13.9393939393939,0.202020202020201,772.584775053754
14.3434343434343,0.202020202020201,817.23199602825
14.7474747474747,0.202020202020201,863.132742998117
15.1515151515151,0.202020202020201,910.291229102502
15.5555555555556,0.202020202020201,958.71294139307
15.959595959596,0.202020202020201,1008.38948352076
16.3636363636364,0.202020202020201,1059.32086454996
16.7676767676768,0.202020202020201,1111.50696636586
17.1717171717172,0.202020202020201,1164.94570575825
17.5757575757576,0.202020202020201,1219.63027662013
17.979797979798,0.202020202020201,1275.56771037322
18.3838383838384,0.202020202020201,1332.75930902367
18.7878787878788,0.202020202020201,1391.20649541051
19.1919191919192,0.202020202020201,1450.90645406374
19.5959595959596,0.202020202020201,1511.86117091657
20,0.202020202020201,1574.07037952614
-20,0.606060606060606,700.361015453734
-19.5959595959596,0.606060606060606,671.249928112459
-19.1919191919192,0.606060606060606,642.755410461167
-18.7878787878788,0.606060606060606,614.878970440631
-18.3838383838384,0.606060606060606,587.620694161096
-17.979797979798,0.606060606060606,560.980026792688
-17.5757575757576,0.606060606060606,534.958405472649
-17.1717171717172,0.606060606060606,509.55342888683
-16.7676767676768,0.606060606060606,484.774431363924
-16.3636363636364,0.606060606060606,460.61827074919
-15.959595959596,0.606060606060606,437.079276496858
-15.5555555555556,0.606060606060606,414.159324501987
-15.1515151515152,0.606060606060606,391.860389277999
-14.7474747474747,0.606060606060606,370.178850221224
-14.3434343434343,0.606060606060606,349.114532997371
-13.9393939393939,0.606060606060606,328.667141908033
-13.5353535353535,0.606060606060606,308.836616271043
-13.1313131313131,0.606060606060606,289.623163558382
-12.7272727272727,0.606060606060606,271.036574449614
-12.3232323232323,0.606060606060606,253.052124028746
-11.9191919191919,0.606060606060606,235.678971724067
-11.5151515151515,0.606060606060606,218.91684135986
-11.1111111111111,0.606060606060606,202.77102903422
-10.7070707070707,0.606060606060606,187.256066615318
-10.3030303030303,0.606060606060606,172.369464157161
-9.8989898989899,0.606060606060606,158.09918494637
-9.4949494949495,0.606060606060606,144.449813042127
-9.09090909090909,0.606060606060606,131.423865482759
-8.68686868686869,0.606060606060606,119.018947227032
-8.28282828282828,0.606060606060606,107.242118949053
-7.87878787878788,0.606060606060606,96.1078735103947
-7.47474747474748,0.606060606060606,85.5794435351457
-7.07070707070707,0.606060606060606,75.6473282182987
-6.66666666666667,0.606060606060606,66.3439035517525
-6.26262626262626,0.606060606060606,57.6792748673242
-5.85858585858586,0.606060606060606,49.6057571114647
-5.45454545454546,0.606060606060606,42.1284073586544
-5.05050505050505,0.606060606060606,35.2589041925623
-4.64646464646465,0.606060606060606,28.980130690763
-4.24242424242424,0.606060606060606,23.3150715941023
-3.83838383838384,0.606060606060606,18.2569382195061
-3.43434343434344,0.606060606060606,13.8317229467588
-3.03030303030303,0.606060606060606,10.0671598660594
-2.62626262626263,0.606060606060606,6.93054701235417
-2.22222222222222,0.606060606060606,4.43697699406821
-1.81818181818182,0.606060606060606,2.62104331579204
-1.41414141414142,0.606060606060606,1.30380547541901
-1.01010101010101,0.606060606060606,0.365409610979383
-0.606060606060606,0.606060606060606,9.20840958895571e-05
-0.202020202020201,0.606060606060606,0.397043080876595
0.202020202020201,0.606060606060606,1.8769348104825
0.606060606060606,0.606060606060606,4.0658427022238
1.01010101010101,0.606060606060606,7.47403109349648
1.41414141414142,0.606060606060606,10.6761104912966
1.81818181818182,0.606060606060606,16.4703529203628
2.22222222222222,0.606060606060606,23.5275183227695
2.62626262626263,0.606060606060606,31.8088191741009
3.03030303030303,0.606060606060606,41.344880068938
3.43434343434343,0.606060606060606,52.1078395653801
3.83838383838384,0.606060606060606,64.1126067835394
4.24242424242424,0.606060606060606,77.3141284960999
4.64646464646465,0.606060606060606,91.7177088423117
5.05050505050505,0.606060606060606,107.350847043698
5.45454545454545,0.606060606060606,124.256945969723
5.85858585858586,0.606060606060606,142.414132192385
6.26262626262626,0.606060606060606,161.874683058924
6.66666666666667,0.606060606060606,182.604340939409
7.07070707070707,0.606060606060606,204.605765156073
7.47474747474747,0.606060606060606,227.877187998287
7.87878787878788,0.606060606060606,252.402424692687
8.28282828282828,0.606060606060606,278.192300244886
8.68686868686869,0.606060606060606,305.249445679313
9.09090909090909,0.606060606060606,333.562252214558
9.4949494949495,0.606060606060606,363.14404996211
9.8989898989899,0.606060606060606,394.002508005196
10.3030303030303,0.606060606060606,426.126566040685
10.7070707070707,0.606060606060606,459.451252441148
11.1111111111111,0.606060606060606,494.015228813744
11.5151515151515,0.606060606060606,529.830834697972
11.9191919191919,0.606060606060606,566.908969795781
12.3232323232323,0.606060606060606,605.262758744324
12.7272727272727,0.606060606060606,644.860109117701
13.1313131313131,0.606060606060606,685.699025175102
13.5353535353535,0.606060606060606,727.791707415574
13.9393939393939,0.606060606060606,771.137308385298
14.3434343434343,0.606060606060606,815.737607781358
14.7474747474747,0.606060606060606,861.591007567122
15.1515151515151,0.606060606060606,908.716887223579
15.5555555555556,0.606060606060606,957.101146143283
15.959595959596,0.606060606060606,1006.73208267634
16.3636363636364,0.606060606060606,1057.56553679925
16.7676767676768,0.606060606060606,1109.64994105526
17.1717171717172,0.606060606060606,1162.98704428444
17.5757575757576,0.606060606060606,1217.57583593945
17.979797979798,0.606060606060606,1273.41439212983
18.3838383838384,0.606060606060606,1330.50507260423
18.7878787878788,0.606060606060606,1388.84590518566
19.1919191919192,0.606060606060606,1448.4391041257
19.5959595959596,0.606060606060606,1509.3054535899
20,0.606060606060606,1571.46047252404
-20,1.01010101010101,704.199818362297
-19.5959595959596,1.01010101010101,675.029422517129
-19.1919191919192,1.01010101010101,646.476237135983
-18.7878787878788,1.01010101010101,618.539964886144
-18.3838383838384,1.01010101010101,591.220797633
-17.979797979798,1.01010101010101,564.52643308026
-17.5757575757576,1.01010101010101,538.456147700811
-17.1717171717172,1.01010101010101,512.974588537359
-16.7676767676768,1.01010101010101,488.107719183635
-16.3636363636364,1.01010101010101,463.846396253144
-15.959595959596,1.01010101010101,440.203013039084
-15.5555555555556,1.01010101010101,417.178542703739
-15.1515151515152,1.01010101010101,394.771658571242
-14.7474747474747,1.01010101010101,373.012415875955
-14.3434343434343,1.01010101010101,351.874969846346
-13.9393939393939,1.01010101010101,331.354084381261
-13.5353535353535,1.01010101010101,311.44928187634
-13.1313131313131,1.01010101010101,292.181400741113
-12.7272727272727,1.01010101010101,273.526025461004
-12.3232323232323,1.01010101010101,255.485651363086
-11.9191919191919,1.01010101010101,238.076796988226
-11.5151515151515,1.01010101010101,221.282261112831
-11.1111111111111,1.01010101010101,205.134514081177
-10.7070707070707,1.01010101010101,189.616651322551
-10.3030303030303,1.01010101010101,174.704904683644
-9.8989898989899,1.01010101010101,160.39160376385
-9.4949494949495,1.01010101010101,146.677808951578
-9.09090909090909,1.01010101010101,133.641533100829
-8.68686868686869,1.01010101010101,121.204845928139
-8.28282828282828,1.01010101010101,109.365147136096
-7.87878787878788,1.01010101010101,98.1209288176397
-7.47474747474748,1.01010101010101,87.480553894305
-7.07070707070707,1.01010101010101,77.445615405844
-6.66666666666667,1.01010101010101,68.0222203914909
-6.26262626262626,1.01010101010101,59.1629652710125
-5.85858585858586,1.01010101010101,50.9221150823813
-5.45454545454546,1.01010101010101,43.3186391908208
-5.05050505050505,1.01010101010101,36.2956141796874
-4.64646464646465,1.01010101010101,29.9464263941231
-4.24242424242424,1.01010101010101,24.2712402945082
-3.83838383838384,1.01010101010101,19.2115855405305
-3.43434343434344,1.01010101010101,14.7932037362812
-3.03030303030303,1.01010101010101,11.0306370086715
-2.62626262626263,1.01010101010101,7.95851963367975
-2.22222222222222,1.01010101010101,5.51288299767178
-1.81818181818182,1.01010101010101,3.4923618297812
-1.41414141414142,1.01010101010101,1.80654064968275
-1.01010101010101,1.01010101010101,0.609967101065995
-0.606060606060606,1.01010101010101,0.0258174212401487
-0.202020202020201,1.01010101010101,0.229423980848995
0.202020202020201,1.01010101010101,1.40889329977832
0.606060606060606,1.01010101010101,3.80808643956824
1.01010101010101,1.01010101010101,6.91211090104351
1.41414141414142,1.01010101010101,10.9829328797166
1.81818181818182,1.01010101010101,17.1983682463385
2.22222222222222,1.01010101010101,24.5555510664423
2.62626262626263,1.01010101010101,33.0009547639821
3.03030303030303,1.01010101010101,42.7253290093068
3.43434343434343,1.01010101010101,53.6818797690809
3.83838383838384,1.01010101010101,65.8756070344344
4.24242424242424,1.01010101010101,79.3350181202631
4.64646464646465,1.01010101010101,94.010442059019
5.05050505050505,1.01010101010101,109.922662255636
5.45454545454545,1.01010101010101,127.079538023945
5.85858585858586,1.01010101010101,145.459647057457
6.26262626262626,1.01010101010101,165.003076347628
6.66666666666667,1.01010101010101,185.760451421761
7.07070707070707,1.01010101010101,207.736253389303
7.47474747474747,1.01010101010101,230.996890174581
7.87878787878788,1.01010101010101,255.517078526988
8.28282828282828,1.01010101010101,281.287107745581
8.68686868686869,1.01010101010101,308.368390681403
9.09090909090909,1.01010101010101,336.727489572381
9.4949494949495,1.01010101010101,366.365502632775
9.8989898989899,1.01010101010101,397.261788390327
10.3030303030303,1.01010101010101,429.440820343824
10.7070707070707,1.01010101010101,462.87485134157
11.1111111111111,1.01010101010101,497.561631154019
11.5151515151515,1.01010101010101,533.50904446346
11.9191919191919,1.01010101010101,570.737272695779
12.3232323232323,1.01010101010101,609.220676594714
12.7272727272727,1.01010101010101,648.959617672021
13.1313131313131,1.01010101010101,689.967231331458
13.5353535353535,1.01010101010101,732.253385793906
13.9393939393939,1.01010101010101,775.79698448353
14.3434343434343,1.01010101010101,820.619655142274
14.7474747474747,1.01010101010101,866.698142412668
15.1515151515151,1.01010101010101,913.937988393676
15.5555555555556,1.01010101010101,962.429423166058
15.959595959596,1.01010101010101,1012.17218041305
16.3636363636364,1.01010101010101,1063.16797187202
16.7676767676768,1.01010101010101,1115.42518801931
17.1717171717172,1.01010101010101,1168.97023279612
17.5757575757576,1.01010101010101,1223.77105189629
17.979797979798,1.01010101010101,1279.82740864622
18.3838383838384,1.01010101010101,1337.10584337715
18.7878787878788,1.01010101010101,1395.63697669717
19.1919191919192,1.01010101010101,1455.41957187315
19.5959595959596,1.01010101010101,1516.45704915206
20,1.01010101010101,1578.74796530931
-20,1.41414141414142,699.02952243362
-19.5959595959596,1.41414141414142,669.934072321952
-19.1919191919192,1.41414141414142,641.46857330277
-18.7878787878788,1.41414141414142,613.649466809028
-18.3838383838384,1.41414141414142,586.450728770684
-17.979797979798,1.41414141414142,559.869306919792
-17.5757575757576,1.41414141414142,533.903293054096
-17.1717171717172,1.41414141414142,508.554397909234
-16.7676767676768,1.41414141414142,483.867972278259
-16.3636363636364,1.41414141414142,459.770766451741
-15.959595959596,1.41414141414142,436.283998839826
-15.5555555555556,1.41414141414142,413.435914741881
-15.1515151515152,1.41414141414142,391.206603610768
-14.7474747474747,1.41414141414142,369.591450409817
-14.3434343434343,1.41414141414142,348.590888816871
-13.9393939393939,1.41414141414142,328.272064196296
-13.5353535353535,1.41414141414142,308.559108574989
-13.1313131313131,1.41414141414142,289.452809645823
-12.7272727272727,1.41414141414142,270.942193916471
-12.3232323232323,1.41414141414142,253.035469576622
-11.9191919191919,1.41414141414142,235.765303518056
-11.5151515151515,1.41414141414142,219.158452502729
-11.1111111111111,1.41414141414142,203.147293174143
-10.7070707070707,1.41414141414142,187.729673604227
-10.3030303030303,1.41414141414142,172.911288609702
-9.8989898989899,1.41414141414142,158.687112629253
-9.4949494949495,1.41414141414142,145.072616759647
-9.09090909090909,1.41414141414142,132.060474754485
-8.68686868686869,1.41414141414142,119.666113698174
-8.28282828282828,1.41414141414142,107.861846012055
-7.87878787878788,1.41414141414142,96.6135134278481
-7.47474747474748,1.41414141414142,85.9918037282969
-7.07070707070707,1.41414141414142,76.0348354004005
-6.66666666666667,1.41414141414142,66.6119483013692
-6.26262626262626,1.41414141414142,57.8539320778227
-5.85858585858586,1.41414141414142,49.7674571457817
-5.45454545454546,1.41414141414142,42.3678223330484
-5.05050505050505,1.41414141414142,35.5746669145377
-4.64646464646465,1.41414141414142,29.4202122981227
-4.24242424242424,1.41414141414142,23.9054760663402
-3.83838383838384,1.41414141414142,19.0611801424841
-3.43434343434344,1.41414141414142,14.8695328283606
-3.03030303030303,1.41414141414142,11.4103036117842
-2.62626262626263,1.41414141414142,8.44603558213141
-2.22222222222222,1.41414141414142,5.8795194697366
-1.81818181818182,1.41414141414142,3.62298883363723
-1.41414141414142,1.41414141414142,1.83126721983235
-1.01010101010101,1.41414141414142,0.590971984807672
-0.606060606060606,1.41414141414142,0.0200347897636667
-0.202020202020201,1.41414141414142,0.249768528416602
0.202020202020201,1.41414141414142,1.39133940040241
0.606060606060606,1.41414141414142,3.71648469030424
1.01010101010101,1.41414141414142,7.3436988627746
1.41414141414142,1.41414141414142,11.6771564576027
1.81818181818182,1.41414141414142,19.0439632497966
2.22222222222222,1.41414141414142,27.1070535199657
2.62626262626263,1.41414141414142,36.3262764068887
3.03030303030303,1.41414141414142,46.6303391323434
3.43434343434343,1.41414141414142,58.0284635597475
3.83838383838384,1.41414141414142,70.7173530597721
4.24242424242424,1.41414141414142,84.6601977868447
4.64646464646465,1.41414141414142,99.7879230640445
5.05050505050505,1.41414141414142,116.197788171998
5.45454545454545,1.41414141414142,133.8737900149
5.85858585858586,1.41414141414142,152.762216436341
6.26262626262626,1.41414141414142,172.879857813456
6.66666666666667,1.41414141414142,194.238066939532
7.07070707070707,1.41414141414142,216.839964656932
7.47474747474747,1.41414141414142,240.685559989952
7.87878787878788,1.41414141414142,265.694208308023
8.28282828282828,1.41414141414142,291.882860781795
8.68686868686869,1.41414141414142,319.278313080861
9.09090909090909,1.41414141414142,347.894777602064
9.4949494949495,1.41414141414142,377.789126118977
9.8989898989899,1.41414141414142,408.959457693999
10.3030303030303,1.41414141414142,441.392706224468
10.7070707070707,1.41414141414142,475.069010959565
11.1111111111111,1.41414141414142,510.052725945857
11.5151515151515,1.41414141414142,546.354697767994
11.9191919191919,1.41414141414142,583.898881956827
12.3232323232323,1.41414141414142,622.744984307618
12.7272727272727,1.41414141414142,662.827369752547
13.1313131313131,1.41414141414142,704.209476201522
13.5353535353535,1.41414141414142,746.845710420748
13.9393939393939,1.41414141414142,790.737352016223
14.3434343434343,1.41414141414142,835.881732764253
14.7474747474747,1.41414141414142,882.279496281721
15.1515151515151,1.41414141414142,929.971376035028
15.5555555555556,1.41414141414142,978.921534547849
15.959595959596,1.41414141414142,1029.12689435446
16.3636363636364,1.41414141414142,1080.58894209542
16.7676767676768,1.41414141414142,1133.31367578883
17.1717171717172,1.41414141414142,1187.33130978572
17.5757575757576,1.41414141414142,1242.60648216157
17.979797979798,1.41414141414142,1299.13451807967
18.3838383838384,1.41414141414142,1356.94265097966
18.7878787878788,1.41414141414142,1416.02000631011
19.1919191919192,1.41414141414142,1476.3227158832
19.5959595959596,1.41414141414142,1537.78528321442
20,1.41414141414142,1600.50038696418
-20,1.81818181818182,680.810997422456
-19.5959595959596,1.81818181818182,652.163896350147
-19.1919191919192,1.81818181818182,624.147486571393
-18.7878787878788,1.81818181818182,596.763940101007
-18.3838383838384,1.81818181818182,569.995469934334
-17.979797979798,1.81818181818182,543.8408625093
-17.5757575757576,1.81818181818182,518.300837964053
-17.1717171717172,1.81818181818182,493.408925477564
-16.7676767676768,1.81818181818182,469.17449009056
-16.3636363636364,1.81818181818182,445.54755081839
-15.959595959596,1.81818181818182,422.526832769067
-15.5555555555556,1.81818181818182,400.100309814106
-15.1515151515152,1.81818181818182,378.283735978839
-14.7474747474747,1.81818181818182,357.070540345249
-14.3434343434343,1.81818181818182,336.542407758186
-13.9393939393939,1.81818181818182,316.629424461334
-13.5353535353535,1.81818181818182,297.32346396008
-13.1313131313131,1.81818181818182,278.607544174596
-12.7272727272727,1.81818181818182,260.498391913523
-12.3232323232323,1.81818181818182,242.970810231488
-11.9191919191919,1.81818181818182,226.052722995204
-11.5151515151515,1.81818181818182,209.744255827169
-11.1111111111111,1.81818181818182,194.03461026595
-10.7070707070707,1.81818181818182,178.937807679189
-10.3030303030303,1.81818181818182,164.4654638797
-9.8989898989899,1.81818181818182,150.544612508351
-9.4949494949495,1.81818181818182,137.196730625621
-9.09090909090909,1.81818181818182,124.476137188577
-8.68686868686869,1.81818181818182,112.429859575173
-8.28282828282828,1.81818181818182,100.924336812584
-7.87878787878788,1.81818181818182,90.0384737532804
-7.47474747474748,1.81818181818182,79.8256246798467
-7.07070707070707,1.81818181818182,70.2779954470708
-6.66666666666667,1.81818181818182,61.4272807120275
-6.26262626262626,1.81818181818182,53.1962112061094
-5.85858585858586,1.81818181818182,45.5695542263739
-5.45454545454546,1.81818181818182,38.6132049624866
-5.05050505050505,1.81818181818182,32.251786155928
-4.64646464646465,1.81818181818182,26.5876113200926
-4.24242424242424,1.81818181818182,21.5632435640246
-3.83838383838384,1.81818181818182,17.2650145874041
-3.43434343434344,1.81818181818182,13.5697369279621
-3.03030303030303,1.81818181818182,10.3051022111111
-2.62626262626263,1.81818181818182,7.43704859563199
-2.22222222222222,1.81818181818182,4.88595145321439
-1.81818181818182,1.81818181818182,2.77677783722801
-1.41414141414142,1.81818181818182,1.21728832486848
-1.01010101010101,1.81818181818182,0.245268732344215
-0.606060606060606,1.81818181818182,0.0172559281237466
-0.202020202020201,1.81818181818182,0.600225330372115
0.202020202020201,1.81818181818182,2.04282740958672
0.606060606060606,1.81818181818182,4.71634034735586
1.01010101010101,1.81818181818182,8.57457926000708
1.41414141414142,1.81818181818182,12.5113057220078
1.81818181818182,1.81818181818182,19.7868811211261
2.22222222222222,1.81818181818182,29.2618368429696
2.62626262626263,1.81818181818182,39.2072664485159
3.03030303030303,1.81818181818182,50.2627763568303
3.43434343434343,1.81818181818182,62.4821027576711
3.83838383838384,1.81818181818182,75.717365193366
4.24242424242424,1.81818181818182,90.0720997286789
4.64646464646465,1.81818181818182,105.714400149546
5.05050505050505,1.81818181818182,122.628439205481
5.45454545454545,1.81818181818182,140.762744206408
5.85858585858586,1.81818181818182,160.086319008936
6.26262626262626,1.81818181818182,180.704556802657
6.66666666666667,1.81818181818182,202.599245930286
7.07070707070707,1.81818181818182,225.70574204117
7.47474747474747,1.81818181818182,250.025992513696
7.87878787878788,1.81818181818182,275.590034090982
8.28282828282828,1.81818181818182,302.393244475558
8.68686868686869,1.81818181818182,330.44022596542
9.09090909090909,1.81818181818182,359.730779554004
9.4949494949495,1.81818181818182,390.2456797008
9.8989898989899,1.81818181818182,421.867276144271
10.3030303030303,1.81818181818182,454.701568926668
10.7070707070707,1.81818181818182,488.733639031277
11.1111111111111,1.81818181818182,523.993381439154
11.5151515151515,1.81818181818182,560.506589511388
11.9191919191919,1.81818181818182,598.338963789417
12.3232323232323,1.81818181818182,637.413026077652
12.7272727272727,1.81818181818182,677.75617477987
13.1313131313131,1.81818181818182,719.341857413208
13.5353535353535,1.81818181818182,762.223567354853
13.9393939393939,1.81818181818182,806.463244563418
14.3434343434343,1.81818181818182,851.938446088459
14.7474747474747,1.81818181818182,898.68533453305
15.1515151515151,1.81818181818182,946.734014561922
15.5555555555556,1.81818181818182,995.999866448581
15.959595959596,1.81818181818182,1046.58300405878
16.3636363636364,1.81818181818182,1098.42278269253
16.7676767676768,1.81818181818182,1151.51714403415
17.1717171717172,1.81818181818182,1205.86566691613
17.5757575757576,1.81818181818182,1261.46761088533
17.979797979798,1.81818181818182,1318.32354808646
18.3838383838384,1.81818181818182,1376.46665026816
18.7878787878788,1.81818181818182,1435.88319222733
19.1919191919192,1.81818181818182,1496.5554632877
19.5959595959596,1.81818181818182,1558.48378277379
20,1.81818181818182,1621.66665077808
-20,2.22222222222222,663.321032860605
-19.5959595959596,2.22222222222222,635.170176650051
-19.1919191919192,2.22222222222222,607.62771865059
-18.7878787878788,2.22222222222222,580.694986662442
-18.3838383838384,2.22222222222222,554.352271604263
-17.979797979798,2.22222222222222,528.618206511246
-17.5757575757576,2.22222222222222,503.490169208008
-17.1717171717172,2.22222222222222,479.001047735252
-16.7676767676768,2.22222222222222,455.190218691566
-16.3636363636364,2.22222222222222,431.982022082686
-15.959595959596,2.22222222222222,409.380895437779
-15.5555555555556,2.22222222222222,387.367030125479
-15.1515151515152,2.22222222222222,365.961078451105
-14.7474747474747,2.22222222222222,345.1387697542
-14.3434343434343,2.22222222222222,324.917711952757
-13.9393939393939,2.22222222222222,305.305227385812
-13.5353535353535,2.22222222222222,286.302906789085
-13.1313131313131,2.22222222222222,267.895203500166
-12.7272727272727,2.22222222222222,250.102188117612
-12.3232323232323,2.22222222222222,232.940651567327
-11.9191919191919,2.22222222222222,216.35706605565
-11.5151515151515,2.22222222222222,200.324828218499
-11.1111111111111,2.22222222222222,184.877696451651
-10.7070707070707,2.22222222222222,170.057079501295
-10.3030303030303,2.22222222222222,155.901111950184
-9.8989898989899,2.22222222222222,142.342483457184
-9.4949494949495,2.22222222222222,129.329978446499
-9.09090909090909,2.22222222222222,116.988153783202
-8.68686868686869,2.22222222222222,105.326348415609
-8.28282828282828,2.22222222222222,94.3175217709869
-7.87878787878788,2.22222222222222,84.0224929649304
-7.47474747474748,2.22222222222222,74.3522072280449
-7.07070707070707,2.22222222222222,65.256024885864
-6.66666666666667,2.22222222222222,56.8417111515145
-6.26262626262626,2.22222222222222,49.0590564746134
-5.85858585858586,2.22222222222222,41.8460208056058
-5.45454545454546,2.22222222222222,35.3621633396133
-5.05050505050505,2.22222222222222,29.5157635316041
-4.64646464646465,2.22222222222222,24.3339549391666
-4.24242424242424,2.22222222222222,19.883248812441
-3.83838383838384,2.22222222222222,15.8995219285521
-3.43434343434344,2.22222222222222,12.346133970042
-3.03030303030303,2.22222222222222,9.17710264468545
-2.62626262626263,2.22222222222222,6.33546953406173
-2.22222222222222,2.22222222222222,3.93169639227755
-1.81818181818182,2.22222222222222,2.02042786594177
-1.41414141414142,2.22222222222222,0.71347896938922
-1.01010101010101,2.22222222222222,0.048232896493359
-0.606060606060606,2.22222222222222,0.163782685173401
-0.202020202020201,2.22222222222222,1.10148846646809
0.202020202020201,2.22222222222222,2.8491816223503
0.606060606060606,2.22222222222222,5.85822537653956
1.01010101010101,2.22222222222222,10.0197670183401
1.41414141414142,2.22222222222222,14.0472881896116
1.81818181818182,2.22222222222222,20.769128926437
2.22222222222222,2.22222222222222,30.0235455758583
2.62626262626263,2.22222222222222,41.5877317805808
3.03030303030303,2.22222222222222,53.49963631391
3.43434343434343,2.22222222222222,66.4315126010989
3.83838383838384,2.22222222222222,80.4746807844149
4.24242424242424,2.22222222222222,95.6495169839969
4.64646464646465,2.22222222222222,111.823363020811
5.05050505050505,2.22222222222222,129.130991537429
5.45454545454545,2.22222222222222,147.717315645387
5.85858585858586,2.22222222222222,167.620109366973
6.26262626262626,2.22222222222222,188.725020827121
6.66666666666667,2.22222222222222,211.028841530033
7.07070707070707,2.22222222222222,234.569168367771
7.47474747474747,2.22222222222222,259.395590010313
7.87878787878788,2.22222222222222,285.511557503441
8.28282828282828,2.22222222222222,312.830928678377
8.68686868686869,2.22222222222222,341.363139254646
9.09090909090909,2.22222222222222,371.132858359075
9.4949494949495,2.22222222222222,402.140236203248
9.8989898989899,2.22222222222222,434.388374356638
10.3030303030303,2.22222222222222,467.880551481751
10.7070707070707,2.22222222222222,502.616385089767
11.1111111111111,2.22222222222222,538.615971730224
11.5151515151515,2.22222222222222,575.722178252026
11.9191919191919,2.22222222222222,613.981328370408
12.3232323232323,2.22222222222222,653.451945485108
12.7272727272727,2.22222222222222,694.126633760158
13.1313131313131,2.22222222222222,736.029307756406
13.5353535353535,2.22222222222222,779.164439695371
13.9393939393939,2.22222222222222,823.643085484084
14.3434343434343,2.22222222222222,869.372918360159
14.7474747474747,2.22222222222222,916.368780254223
15.1515151515151,2.22222222222222,964.608649724116
15.5555555555556,2.22222222222222,1014.1044768598
15.959595959596,2.22222222222222,1064.8794238326
16.3636363636364,2.22222222222222,1117.04583523023
16.7676767676768,2.22222222222222,1170.46616742955
17.1717171717172,2.22222222222222,1225.12137823473
17.5757575757576,2.22222222222222,1281.0794134691
17.979797979798,2.22222222222222,1338.32721733544
18.3838383838384,2.22222222222222,1396.78841244569
18.7878787878788,2.22222222222222,1456.56250208102
19.1919191919192,2.22222222222222,1517.60526737233
19.5959595959596,2.22222222222222,1579.90072251037
20,2.22222222222222,1643.45317946457
-20,2.62626262626263,646.595448208198
-19.5959595959596,2.62626262626263,618.827181905568
-19.1919191919192,2.62626262626263,591.719181912942
-18.7878787878788,2.62626262626263,565.215934766588
-18.3838383838384,2.62626262626263,539.319376208981
-17.979797979798,2.62626262626263,514.00757644615
-17.5757575757576,2.62626262626263,489.303440496273
-17.1717171717172,2.62626262626263,465.191715289659
-16.7676767676768,2.62626262626263,441.666410878392
-16.3636363636364,2.62626262626263,418.751648134189
-15.959595959596,2.62626262626263,396.444983876017
-15.5555555555556,2.62626262626263,374.748897028123
-15.1515151515152,2.62626262626263,353.643509852689
-14.7474747474747,2.62626262626263,333.15340660575
-14.3434343434343,2.62626262626263,313.288521201086
-13.9393939393939,2.62626262626263,294.043442649807
-13.5353535353535,2.62626262626263,275.347614231482
-13.1313131313131,2.62626262626263,257.203633042302
-12.7272727272727,2.62626262626263,239.656764768118
-12.3232323232323,2.62626262626263,222.735032226754
-11.9191919191919,2.62626262626263,206.475200544472
-11.5151515151515,2.62626262626263,190.859889157106
-11.1111111111111,2.62626262626263,175.746212370266
-10.7070707070707,2.62626262626263,161.279346677817
-10.3030303030303,2.62626262626263,147.469149172556
-9.8989898989899,2.62626262626263,134.355923311008
-9.4949494949495,2.62626262626263,121.88739829164
-9.09090909090909,2.62626262626263,110.145651087204
-8.68686868686869,2.62626262626263,99.0424377231131
-8.28282828282828,2.62626262626263,88.4934785047876
-7.87878787878788,2.62626262626263,78.5848882284193
-7.47474747474748,2.62626262626263,69.3393029498856
-7.07070707070707,2.62626262626263,60.7410182935206
-6.66666666666667,2.62626262626263,52.6911594465255
-6.26262626262626,2.62626262626263,45.3859339459805
-5.85858585858586,2.62626262626263,38.7073448262261
-5.45454545454546,2.62626262626263,32.6862470508407
-5.05050505050505,2.62626262626263,27.4124999004369
-4.64646464646465,2.62626262626263,22.6979207540035
-4.24242424242424,2.62626262626263,18.4230789952805
-3.83838383838384,2.62626262626263,14.5628795908332
-3.43434343434344,2.62626262626263,11.0999039002062
-3.03030303030303,2.62626262626263,7.96163836199308
-2.62626262626263,2.62626262626263,5.26718522046299
-2.22222222222222,2.62626262626263,3.0137511252413
-1.81818181818182,2.62626262626263,1.37170070954856
-1.41414141414142,2.62626262626263,0.32949183153909
-1.01010101010101,2.62626262626263,0.00319531495738819
-0.606060606060606,2.62626262626263,0.462479182784746
-0.202020202020201,2.62626262626263,1.75436957504334
0.202020202020201,2.62626262626263,3.82225348317068
0.606060606060606,2.62626262626263,7.09710757794179
1.01010101010101,2.62626262626263,11.6261647538858
1.41414141414142,2.62626262626263,15.8309402837935
1.81818181818182,2.62626262626263,22.6486753279598
2.22222222222222,2.62626262626263,31.1335272988491
2.62626262626263,2.62626262626263,42.386717183464
3.03030303030303,2.62626262626263,56.0242513366901
3.43434343434343,2.62626262626263,69.993360334616
3.83838383838384,2.62626262626263,84.7650721593082
4.24242424242424,2.62626262626263,100.647696840701
4.64646464646465,2.62626262626263,117.711191827457
5.05050505050505,2.62626262626263,135.801278147709
5.45454545454545,2.62626262626263,154.948527959861
5.85858585858586,2.62626262626263,175.205536536058
6.26262626262626,2.62626262626263,196.719478161013
6.66666666666667,2.62626262626263,219.613457038583
7.07070707070707,2.62626262626263,243.697313010912
7.47474747474747,2.62626262626263,269.026811805092
7.87878787878788,2.62626262626263,295.454616289189
8.28282828282828,2.62626262626263,323.236494008508
8.68686868686869,2.62626262626263,352.271538222221
9.09090909090909,2.62626262626263,382.604031289042
9.4949494949495,2.62626262626263,414.139289762616
9.8989898989899,2.62626262626263,446.891919594181
10.3030303030303,2.62626262626263,480.860004940402
10.7070707070707,2.62626262626263,516.080944640317
11.1111111111111,2.62626262626263,552.530274167967
11.5151515151515,2.62626262626263,590.22368144628
11.9191919191919,2.62626262626263,629.160828859389
12.3232323232323,2.62626262626263,669.341133276935
12.7272727272727,2.62626262626263,710.790280029374
13.1313131313131,2.62626262626263,753.435535112347
13.5353535353535,2.62626262626263,797.129211692033
13.9393939393939,2.62626262626263,842.032025361871
14.3434343434343,2.62626262626263,888.139661966693
14.7474747474747,2.62626262626263,935.456645737954
15.1515151515151,2.62626262626263,984.002770008339
15.5555555555556,2.62626262626263,1033.77603937308
15.959595959596,2.62626262626263,1084.87175441411
16.3636363636364,2.62626262626263,1137.26425222786
16.7676767676768,2.62626262626263,1190.89141805577
17.1717171717172,2.62626262626263,1245.81540267139
17.5757575757576,2.62626262626263,1301.95084192188
17.979797979798,2.62626262626263,1359.35815454692
18.3838383838384,2.62626262626263,1418.02808198739
18.7878787878788,2.62626262626263,1478.10791473348
19.1919191919192,2.62626262626263,1539.47703367836
19.5959595959596,2.62626262626263,1602.06687184375
20,2.62626262626263,1665.90258264726
-20,3.03030303030303,630.527331992996
-19.5959595959596,3.03030303030303,603.129182909455
-19.1919191919192,3.03030303030303,576.299755026557
-18.7878787878788,3.03030303030303,550.080985309494
-18.3838383838384,3.03030303030303,524.472330621105
-17.979797979798,3.03030303030303,499.472019588769
-17.5757575757576,3.03030303030303,475.081950034847
-17.1717171717172,3.03030303030303,451.278720976719
-16.7676767676768,3.03030303030303,428.091173308608
-16.3636363636364,3.03030303030303,405.520142903603
-15.959595959596,3.03030303030303,383.595103175153
-15.5555555555556,3.03030303030303,362.23143422559
-15.1515151515152,3.03030303030303,341.430353996789
-14.7474747474747,3.03030303030303,321.179773005057
-14.3434343434343,3.03030303030303,301.533525784949
-13.9393939393939,3.03030303030303,282.509472755422
-13.5353535353535,3.03030303030303,264.158572726989
-13.1313131313131,3.03030303030303,246.466379558074
-12.7272727272727,3.03030303030303,229.267156286542
-12.3232323232323,3.03030303030303,212.667215358091
-11.9191919191919,3.03030303030303,196.751989349924
-11.5151515151515,3.03030303030303,181.495851013395
-11.1111111111111,3.03030303030303,166.914657270717
-10.7070707070707,3.03030303030303,152.987344797068
-10.3030303030303,3.03030303030303,139.796168441106
-9.8989898989899,3.03030303030303,127.246061929066
-9.4949494949495,3.03030303030303,115.269015945513
-9.09090909090909,3.03030303030303,103.877832191612
-8.68686868686869,3.03030303030303,93.1931736493309
-8.28282828282828,3.03030303030303,83.1132030012546
-7.87878787878788,3.03030303030303,73.67484819599
-7.47474747474748,3.03030303030303,64.7931972006456
-7.07070707070707,3.03030303030303,56.6588565560348
-6.66666666666667,3.03030303030303,49.1784760076848
-6.26262626262626,3.03030303030303,42.3021908263778
-5.85858585858586,3.03030303030303,36.1519933990962
-5.45454545454546,3.03030303030303,30.6917675539809
-5.05050505050505,3.03030303030303,25.7044752526604
-4.64646464646465,3.03030303030303,21.1343053572537
-4.24242424242424,3.03030303030303,16.9593490551378
-3.83838383838384,3.03030303030303,13.2054792189316
-3.43434343434344,3.03030303030303,9.77577918391142
-3.03030303030303,3.03030303030303,6.75809792846801
-2.62626262626263,3.03030303030303,4.20496799137792
-2.22222222222222,3.03030303030303,2.2208141874759
-1.81818181818182,3.03030303030303,0.838923085921894
-1.41414141414142,3.03030303030303,0.09099269163515
-1.01010101010101,3.03030303030303,0.110628533380438
-0.606060606060606,3.03030303030303,0.913238121050152
-0.202020202020201,3.03030303030303,2.55640172686418
0.202020202020201,3.03030303030303,4.96024518753013
0.606060606060606,3.03030303030303,8.47999972417601
1.01010101010101,3.03030303030303,13.393756710673
1.41414141414142,3.03030303030303,17.7866898998552
1.81818181818182,3.03030303030303,24.7882782266627
2.22222222222222,3.03030303030303,33.3116408659505
2.62626262626263,3.03030303030303,43.5990275430883
3.03030303030303,3.03030303030303,56.8763691988143
3.43434343434343,3.03030303030303,72.5833577949969
3.83838383838384,3.03030303030303,88.662035578346
4.24242424242424,3.03030303030303,105.304597224602
4.64646464646465,3.03030303030303,123.067906912737
5.05050505050505,3.03030303030303,141.942843696947
5.45454545454545,3.03030303030303,161.980277232137
5.85858585858586,3.03030303030303,182.974403961696
6.26262626262626,3.03030303030303,205.089518547192
6.66666666666667,3.03030303030303,228.296214651416
7.07070707070707,3.03030303030303,252.735879329133
7.47474747474747,3.03030303030303,278.614699893248
7.87878787878788,3.03030303030303,305.68736723924
8.28282828282828,3.03030303030303,333.950241344775
8.68686868686869,3.03030303030303,363.45548777951
9.09090909090909,3.03030303030303,394.093172728561
9.4949494949495,3.03030303030303,426.088477549186
9.8989898989899,3.03030303030303,459.331659337623
10.3030303030303,3.03030303030303,493.868329158456
10.7070707070707,3.03030303030303,529.634806540678
11.1111111111111,3.03030303030303,566.612303047492
11.5151515151515,3.03030303030303,604.782372922577
11.9191919191919,3.03030303030303,644.206135847933
12.3232323232323,3.03030303030303,684.865517707792
12.7272727272727,3.03030303030303,726.760416989543
13.1313131313131,3.03030303030303,769.899072584576
13.5353535353535,3.03030303030303,814.281058098336
13.9393939393939,3.03030303030303,859.906682046339
14.3434343434343,3.03030303030303,906.805466493535
14.7474747474747,3.03030303030303,954.953090387322
15.1515151515151,3.03030303030303,1004.14758920367
15.5555555555556,3.03030303030303,1054.4762628865
15.959595959596,3.03030303030303,1106.01346760381
16.3636363636364,3.03030303030303,1158.76491389109
16.7676767676768,3.03030303030303,1212.72582359762
17.1717171717172,3.03030303030303,1267.91363236207
17.5757575757576,3.03030303030303,1324.33076724212
17.979797979798,3.03030303030303,1382.02610139519
18.3838383838384,3.03030303030303,1441.07927163286
18.7878787878788,3.03030303030303,1501.36990911667
19.1919191919192,3.03030303030303,1562.90688666887
19.5959595959596,3.03030303030303,1625.75268344078
20,3.03030303030303,1689.78141326613
-20,3.43434343434343,614.385822999058
-19.5959595959596,3.43434343434343,587.300836104342
-19.1919191919192,3.43434343434343,560.800743216652
-18.7878787878788,3.43434343434343,534.915309506993
-18.3838383838384,3.43434343434343,509.645876258014
-17.979797979798,3.43434343434343,485.019004123134
-17.5757575757576,3.43434343434343,461.003107978186
-17.1717171717172,3.43434343434343,437.52253290691
-16.7676767676768,3.43434343434343,414.602301147869
-16.3636363636364,3.43434343434343,392.253502219342
-15.959595959596,3.43434343434343,370.508433192406
-15.5555555555556,3.43434343434343,349.381623190582
-15.1515151515152,3.43434343434343,328.938747312653
-14.7474747474747,3.43434343434343,309.135851113419
-14.3434343434343,3.43434343434343,289.889918084877
-13.9393939393939,3.43434343434343,271.186757796996
-13.5353535353535,3.43434343434343,253.137726931682
-13.1313131313131,3.43434343434343,235.747731842061
-12.7272727272727,3.43434343434343,219.051477872471
-12.3232323232323,3.43434343434343,203.005546088813
-11.9191919191919,3.43434343434343,187.617133758746
-11.5151515151515,3.43434343434343,172.976705578062
-11.1111111111111,3.43434343434343,158.977564566635
-10.7070707070707,3.43434343434343,145.580033788816
-10.3030303030303,3.43434343434343,132.738655631744
-9.8989898989899,3.43434343434343,120.543581864739
-9.4949494949495,3.43434343434343,109.039781626779
-9.09090909090909,3.43434343434343,98.1596272767639
-8.68686868686869,3.43434343434343,87.8605224059691
-8.28282828282828,3.43434343434343,78.1451710030006
-7.87878787878788,3.43434343434343,69.1808937698796
-7.47474747474748,3.43434343434343,60.885385724538
-7.07070707070707,3.43434343434343,53.1766953203696
-6.66666666666667,3.43434343434343,46.1467099618534
-6.26262626262626,3.43434343434343,39.895251837279
-5.85858585858586,3.43434343434343,34.1694341842225
-5.45454545454546,3.43434343434343,28.8718658296914
-5.05050505050505,3.43434343434343,24.0193024853009
-4.64646464646465,3.43434343434343,19.5357822761848
-4.24242424242424,3.43434343434343,15.4940855855323
-3.83838383838384,3.43434343434343,11.7817847272988
-3.43434343434344,3.43434343434343,8.43767650436089
-3.03030303030303,3.43434343434343,5.60169526847036
-2.62626262626263,3.43434343434343,3.25518931058828
-2.22222222222222,3.43434343434343,1.53438214044684
-1.81818181818182,3.43434343434343,0.42493652154384
-1.41414141414142,3.43434343434343,0.000801507948515841
-1.01010101010101,3.43434343434343,0.367960698339786
-0.606060606060606,3.43434343434343,1.5149907450406
-0.202020202020201,3.43434343434343,3.51045418483425
0.202020202020201,3.43434343434343,6.25223467411265
0.606060606060606,3.43434343434343,10.0425927889427
1.01010101010101,3.43434343434343,15.2485991392733
1.41414141414142,3.43434343434343,19.9059467038594
1.81818181818182,3.43434343434343,27.2021020925908
2.22222222222222,3.43434343434343,35.8187272965323
2.62626262626263,3.43434343434343,46.0203084935902
3.03030303030303,3.43434343434343,58.2063535666204
3.43434343434343,3.43434343434343,73.4925372745598
3.83838383838384,3.43434343434343,91.2635193836486
4.24242424242424,3.43434343434343,109.537290611978
4.64646464646465,3.43434343434343,128.019658449985
5.05050505050505,3.43434343434343,147.649748639549
5.45454545454545,3.43434343434343,168.349030235202
5.85858585858586,3.43434343434343,190.257435281717
6.26262626262626,3.43434343434343,213.265764851626
6.66666666666667,3.43434343434343,237.166925048428
7.07070707070707,3.43434343434343,262.244104449803
7.47474747474747,3.43434343434343,288.402657900568
7.87878787878788,3.43434343434343,315.772447158284
8.28282828282828,3.43434343434343,344.620159017761
8.68686868686869,3.43434343434343,374.686158235427
9.09090909090909,3.43434343434343,405.925107178515
9.4949494949495,3.43434343434343,438.426676307089
9.8989898989899,3.43434343434343,472.065239545617
10.3030303030303,3.43434343434343,506.921854734179
10.7070707070707,3.43434343434343,543.124735435663
11.1111111111111,3.43434343434343,580.57635246536
11.5151515151515,3.43434343434343,619.314601467408
11.9191919191919,3.43434343434343,659.317350581903
12.3232323232323,3.43434343434343,700.504066237271
12.7272727272727,3.43434343434343,742.896538796009
13.1313131313131,3.43434343434343,786.517223564779
13.5353535353535,3.43434343434343,831.394703958442
13.9393939393939,3.43434343434343,877.4913536022
14.3434343434343,3.43434343434343,924.830047637052
14.7474747474747,3.43434343434343,973.413516129946
15.1515151515151,3.43434343434343,1023.24075109833
15.5555555555556,3.43434343434343,1074.31138646708
15.959595959596,3.43434343434343,1126.65971949936
16.3636363636364,3.43434343434343,1180.25669917556
16.7676767676768,3.43434343434343,1235.02507262075
17.1717171717172,3.43434343434343,1290.78799177239
17.5757575757576,3.43434343434343,1347.75750300994
17.979797979798,3.43434343434343,1405.93488737107
18.3838383838384,3.43434343434343,1465.3277987723
18.7878787878788,3.43434343434343,1525.93092361497
19.1919191919192,3.43434343434343,1587.76291032923
19.5959595959596,3.43434343434343,1650.82288276469
20,3.43434343434343,1715.11810807706
-20,3.83838383838384,598.326704509333
-19.5959595959596,3.83838383838384,571.629692660884
-19.1919191919192,3.83838383838384,545.486624910367
-18.7878787878788,3.83838383838384,519.910391188152
-18.3838383838384,3.83838383838384,494.873131893014
-17.979797979798,3.83838383838384,470.425732833368
-17.5757575757576,3.83838383838384,446.581067984335
-17.1717171717172,3.83838383838384,423.356455468763
-16.7676767676768,3.83838383838384,400.815211257116
-16.3636363636364,3.83838383838384,378.896975317024
-15.959595959596,3.83838383838384,357.608847918735
-15.5555555555556,3.83838383838384,336.810208214797
-15.1515151515152,3.83838383838384,316.623994161139
-14.7474747474747,3.83838383838384,297.133069768489
-14.3434343434343,3.83838383838384,278.266710456032
-13.9393939393939,3.83838383838384,260.136122398783
-13.5353535353535,3.83838383838384,242.628401980779
-13.1313131313131,3.83838383838384,225.777134254898
-12.7272727272727,3.83838383838384,209.686748117212
-12.3232323232323,3.83838383838384,194.233952972265
-11.9191919191919,3.83838383838384,179.431336068985
-11.5151515151515,3.83838383838384,165.134480347111
-11.1111111111111,3.83838383838384,151.438507762822
-10.7070707070707,3.83838383838384,138.485285949655
-10.3030303030303,3.83838383838384,126.113540803496
-9.8989898989899,3.83838383838384,114.445027811346
-9.4949494949495,3.83838383838384,103.2945459978
-9.09090909090909,3.83838383838384,92.7471957270833
-8.68686868686869,3.83838383838384,82.9521060302982
-8.28282828282828,3.83838383838384,73.8460875434588
-7.87878787878788,3.83838383838384,65.3008923801349
-7.47474747474748,3.83838383838384,57.4302246619173
-7.07070707070707,3.83838383838384,50.3144077664878
-6.66666666666667,3.83838383838384,43.8352693989238
-6.26262626262626,3.83838383838384,37.8356741168819
-5.85858585858586,3.83838383838384,32.2274350965021
-5.45454545454546,3.83838383838384,27.0808903538753
-5.05050505050505,3.83838383838384,22.294915576287
-4.64646464646465,3.83838383838384,17.9654786396547
-4.24242424242424,3.83838383838384,13.961704301226
-3.83838383838384,3.83838383838384,10.3204840463438
-3.43434343434344,3.83838383838384,7.20128716172957
-3.03030303030303,3.83838383838384,4.49238915799786
-2.62626262626263,3.83838383838384,2.43048482921321
-2.22222222222222,3.83838383838384,0.971073255245486
-1.81818181818182,3.83838383838384,0.143941356771102
-1.41414141414142,3.83838383838384,0.0616556404057368
-1.01010101010101,3.83838383838384,0.77425414515839
-0.606060606060606,3.83838383838384,2.26674256101652
-0.202020202020201,3.83838383838384,4.61578104112227
0.202020202020201,3.83838383838384,7.70609989932853
0.606060606060606,3.83838383838384,11.7472192922399
1.01010101010101,3.83838383838384,17.2090439357912
1.41414141414142,3.83838383838384,22.2058609409248
1.81818181818182,3.83838383838384,29.7652928435499
2.22222222222222,3.83838383838384,38.6280187858479
2.62626262626263,3.83838383838384,48.9187789458577
3.03030303030303,3.83838383838384,60.7654779325395
3.43434343434343,3.83838383838384,74.951652990767
3.83838383838384,3.83838383838384,92.2351170941392
4.24242424242424,3.83838383838384,112.080470793387
4.64646464646465,3.83838383838384,132.569233345909
5.05050505050505,3.83838383838384,152.950632831122
5.45454545454545,3.83838383838384,174.425804403507
5.85858585858586,3.83838383838384,197.01763337134
6.26262626262626,3.83838383838384,220.725646597227
6.66666666666667,3.83838383838384,245.609344717218
7.07070707070707,3.83838383838384,271.535510491018
7.47474747474747,3.83838383838384,298.378962475571
7.87878787878788,3.83838383838384,326.41309701145
8.28282828282828,3.83838383838384,355.524823415141
8.68686868686869,3.83838383838384,385.846916656491
9.09090909090909,3.83838383838384,417.629200401585
9.4949494949495,3.83838383838384,450.686566941248
9.8989898989899,3.83838383838384,484.925115686712
10.3030303030303,3.83838383838384,520.337153628344
10.7070707070707,3.83838383838384,557.065631685656
11.1111111111111,3.83838383838384,594.803415756482
11.5151515151515,3.83838383838384,633.933971410853
11.9191919191919,3.83838383838384,674.345473418767
12.3232323232323,3.83838383838384,716.005546007772
12.7272727272727,3.83838383838384,758.94308887176
13.1313131313131,3.83838383838384,803.18523926782
13.5353535353535,3.83838383838384,848.581751496753
13.9393939393939,3.83838383838384,895.202647181028
14.3434343434343,3.83838383838384,943.020527462313
14.7474747474747,3.83838383838384,992.099931703895
15.1515151515151,3.83838383838384,1042.41396461834
15.5555555555556,3.83838383838384,1093.95555934713
15.959595959596,3.83838383838384,1146.74055821662
16.3636363636364,3.83838383838384,1200.76920755277
16.7676767676768,3.83838383838384,1256.04069618303
17.1717171717172,3.83838383838384,1312.55607558982
17.5757575757576,3.83838383838384,1370.35490335193
17.979797979798,3.83838383838384,1429.4022275788
18.3838383838384,3.83838383838384,1489.69294651704
18.7878787878788,3.83838383838384,1550.97243048527
19.1919191919192,3.83838383838384,1613.36781408974
19.5959595959596,3.83838383838384,1676.96990291331
20,3.83838383838384,1741.79325358475
-20,4.24242424242424,582.242196092919
-19.5959595959596,4.24242424242424,555.69493244249
-19.1919191919192,4.24242424242424,529.75198008567
-18.7878787878788,4.24242424242424,504.429428325737
-18.3838383838384,4.24242424242424,479.788670790806
-17.979797979798,4.24242424242424,455.780386258562
-17.5757575757576,4.24242424242424,432.416059741165
-17.1717171717172,4.24242424242424,409.535045181006
-16.7676767676768,4.24242424242424,387.246236619011
-16.3636363636364,4.24242424242424,365.613651258672
-15.959595959596,4.24242424242424,344.651716604982
-15.5555555555556,4.24242424242424,324.344973104901
-15.1515151515152,4.24242424242424,304.749784592329
-14.7474747474747,4.24242424242424,285.781027879295
-14.3434343434343,4.24242424242424,267.467181144201
-13.9393939393939,4.24242424242424,249.927146941178
-13.5353535353535,4.24242424242424,233.013288438277
-13.1313131313131,4.24242424242424,216.787312077775
-12.7272727272727,4.24242424242424,201.064089240661
-12.3232323232323,4.24242424242424,185.917324634172
-11.9191919191919,4.24242424242424,171.443676674797
-11.5151515151515,4.24242424242424,157.687220169521
-11.1111111111111,4.24242424242424,144.464463814161
-10.7070707070707,4.24242424242424,131.967248694742
-10.3030303030303,4.24242424242424,119.976554522619
-9.8989898989899,4.24242424242424,108.599147177809
-9.4949494949495,4.24242424242424,97.9730121189643
-9.09090909090909,4.24242424242424,88.056434977348
-8.68686868686869,4.24242424242424,78.6536439002467
-8.28282828282828,4.24242424242424,69.9713288722776
-7.87878787878788,4.24242424242424,61.9660060741848
-7.47474747474748,4.24242424242424,54.7135664346652
-7.07070707070707,4.24242424242424,47.9800120642147
-6.66666666666667,4.24242424242424,41.6782027308058
-6.26262626262626,4.24242424242424,35.790585547774
-5.85858585858586,4.24242424242424,30.3209241914056
-5.45454545454546,4.24242424242424,25.2399059252545
-5.05050505050505,4.24242424242424,20.6196657449484
-4.64646464646465,4.24242424242424,16.3188403763804
-4.24242424242424,4.24242424242424,12.3814897947802
-3.83838383838384,4.24242424242424,8.94564076415108
-3.43434343434344,4.24242424242424,5.92691852459234
-3.03030303030303,4.24242424242424,3.50548939672037
-2.62626262626263,4.24242424242424,1.70619040903602
-2.22222222222222,4.24242424242424,0.526126156622741
-1.81818181818182,4.24242424242424,0.0114239014109337
-1.41414141414142,4.24242424242424,0.274791828041218
-1.01010101010101,4.24242424242424,1.32868331753743
-0.606060606060606,4.24242424242424,3.16977880135485
-0.202020202020201,4.24242424242424,5.87088951043303
0.202020202020201,4.24242424242424,9.31141908687584
0.606060606060606,4.24242424242424,13.6101264433809
1.01010101010101,4.24242424242424,19.3010066455276
1.41414141414142,4.24242424242424,24.5935989961024
1.81818181818182,4.24242424242424,32.4874012284874
2.22222222222222,4.24242424242424,41.6278339938638
2.62626262626263,4.24242424242424,52.0697303214431
3.03030303030303,4.24242424242424,64.110874994765
3.43434343434343,4.24242424242424,77.6244449506075
3.83838383838384,4.24242424242424,93.8071979615905
4.24242424242424,4.24242424242424,113.104227049951
4.64646464646465,4.24242424242424,135.03255712224
5.05050505050505,4.24242424242424,157.661108691982
5.45454545454545,4.24242424242424,180.052843314322
5.85858585858586,4.24242424242424,203.406038062626
6.26262626262626,4.24242424242424,227.849795693393
6.66666666666667,4.24242424242424,253.366189309546
7.07070707070707,4.24242424242424,280.128690060971
7.47474747474747,4.24242424242424,307.994779588997
7.87878787878788,4.24242424242424,336.779641750572
8.28282828282828,4.24242424242424,366.613068297316
8.68686868686869,4.24242424242424,397.598607078449
9.09090909090909,4.24242424242424,429.662905543523
9.4949494949495,4.24242424242424,462.937391864919
9.8989898989899,4.24242424242424,497.635577961878
10.3030303030303,4.24242424242424,533.691450175025
10.7070707070707,4.24242424242424,570.936781426566
11.1111111111111,4.24242424242424,609.307679723562
11.5151515151515,4.24242424242424,648.98692503751
11.9191919191919,4.24242424242424,689.836975503315
12.3232323232323,4.24242424242424,731.758292478113
12.7272727272727,4.24242424242424,775.131038258289
13.1313131313131,4.24242424242424,819.751456036569
13.5353535353535,4.24242424242424,865.619127731097
13.9393939393939,4.24242424242424,912.758608007039
14.3434343434343,4.24242424242424,961.240201581553
14.7474747474747,4.24242424242424,1010.84562932705
15.1515151515151,4.24242424242424,1061.69504138656
15.5555555555556,4.24242424242424,1113.7194023453
15.959595959596,4.24242424242424,1166.99564594222
16.3636363636364,4.24242424242424,1221.52482910382
16.7676767676768,4.24242424242424,1277.27479142897
17.1717171717172,4.24242424242424,1334.2598112515
17.5757575757576,4.24242424242424,1392.49041427254
17.979797979798,4.24242424242424,1451.96352896373
18.3838383838384,4.24242424242424,1512.68116025142
18.7878787878788,4.24242424242424,1574.64063755176
19.1919191919192,4.24242424242424,1637.89125511925
19.5959595959596,4.24242424242424,1702.3866870578
20,4.24242424242424,1768.12625562605
-20,4.64646464646465,565.858939913394
-19.5959595959596,4.64646464646465,539.75984536204
-19.1919191919192,4.64646464646465,514.291202519746
-18.7878787878788,4.64646464646465,489.361918888363
-18.3838383838384,4.64646464646465,464.971733811965
-17.979797979798,4.64646464646465,441.199709288116
-17.5757575757576,4.64646464646465,418.131677085563
-17.1717171717172,4.64646464646465,395.693546055199
-16.7676767676768,4.64646464646465,373.955614476387
-16.3636363636364,4.64646464646465,352.892536113852
-15.959595959596,4.64646464646465,332.463892238232
-15.5555555555556,4.64646464646465,312.687004606069
-15.1515151515152,4.64646464646465,293.697050659748
-14.7474747474747,4.64646464646465,275.329162716925
-14.3434343434343,4.64646464646465,257.664941847869
-13.9393939393939,4.64646464646465,240.53038886237
-13.5353535353535,4.64646464646465,223.939052994443
-13.1313131313131,4.64646464646465,207.944444348897
-12.7272727272727,4.64646464646465,192.718141867772
-12.3232323232323,4.64646464646465,178.089653111998
-11.9191919191919,4.64646464646465,164.102326520149
-11.5151515151515,4.64646464646465,150.729174536118
-11.1111111111111,4.64646464646465,137.900992756303
-10.7070707070707,4.64646464646465,125.700952154426
-10.3030303030303,4.64646464646465,114.248330229032
-9.8989898989899,4.64646464646465,103.516508568348
-9.4949494949495,4.64646464646465,93.3126011132884
-9.09090909090909,4.64646464646465,83.7651237370538
-8.68686868686869,4.64646464646465,74.8880135866157
-8.28282828282828,4.64646464646465,66.8191196834735
-7.87878787878788,4.64646464646465,59.3150314710308
-7.47474747474748,4.64646464646465,52.2972136789089
-7.07070707070707,4.64646464646465,45.6865718882344
-6.66666666666667,4.64646464646465,39.5352862000989
-6.26262626262626,4.64646464646465,33.7521476821962
-5.85858585858586,4.64646464646465,28.3674302325896
-5.45454545454546,4.64646464646465,23.4566450244619
-5.05050505050505,4.64646464646465,18.8588809555869
-4.64646464646465,4.64646464646465,14.6233499705428
-4.24242424242424,4.64646464646465,10.8600951535892
-3.83838383838384,4.64646464646465,7.56569412778017
-3.43434343434344,4.64646464646465,4.78706641318749
-3.03030303030303,4.64646464646465,2.64799292315112
-2.62626262626263,4.64646464646465,1.11208123733366
-2.22222222222222,4.64646464646465,0.209656915614663
-1.81818181818182,4.64646464646465,0.0277345015131852
-1.41414141414142,4.64646464646465,0.641997487003518
-1.01010101010101,4.64646464646465,2.03277019072649
-0.606060606060606,4.64646464646465,4.22394977571396
-0.202020202020201,4.64646464646465,7.27643341264623
0.202020202020201,4.64646464646465,11.0666494149879
0.606060606060606,4.64646464646465,15.6644564550734
1.01010101010101,4.64646464646465,21.6293759568037
1.41414141414142,4.64646464646465,27.0726105884159
1.81818181818182,4.64646464646465,35.4052005860544
2.22222222222222,4.64646464646465,44.8109436268167
2.62626262626263,4.64646464646465,55.5277245885529
3.03030303030303,4.64646464646465,67.5971484626184
3.43434343434343,4.64646464646465,81.3495210502671
3.83838383838384,4.64646464646465,96.6152712721415
4.24242424242424,4.64646464646465,114.783070734376
4.64646464646465,4.64646464646465,136.099706830805
5.05050505050505,4.64646464646465,160.119310206448
5.45454545454545,4.64646464646465,184.869910124738
5.85858585858586,4.64646464646465,209.31434781845
6.26262626262626,4.64646464646465,234.543462260253
6.66666666666667,4.64646464646465,260.868700152023
7.07070707070707,4.64646464646465,288.28631972852
7.47474747474747,4.64646464646465,316.816620524874
7.87878787878788,4.64646464646465,346.549609526079
8.28282828282828,4.64646464646465,377.373506666565
8.68686868686869,4.64646464646465,409.043625750784
9.09090909090909,4.64646464646465,441.849165832845
9.4949494949495,4.64646464646465,475.799974032043
9.8989898989899,4.64646464646465,510.816839502917
10.3030303030303,4.64646464646465,547.044343810556
10.7070707070707,4.64646464646465,584.64899353714
11.1111111111111,4.64646464646465,623.698538911318
11.5151515151515,4.64646464646465,663.92749483216
11.9191919191919,4.64646464646465,705.326388950631
12.3232323232323,4.64646464646465,747.884817312105
12.7272727272727,4.64646464646465,791.834455533364
13.1313131313131,4.64646464646465,836.783699431254
13.5353535353535,4.64646464646465,882.931821562273
13.9393939393939,4.64646464646465,930.512974932559
14.3434343434343,4.64646464646465,979.340747811048
14.7474747474747,4.64646464646465,1029.41767912221
15.1515151515151,4.64646464646465,1080.7609948916
15.5555555555556,4.64646464646465,1133.48114261009
15.959595959596,4.64646464646465,1187.2976599517
16.3636363636364,4.64646464646465,1242.35395947137
16.7676767676768,4.64646464646465,1298.6101647876
17.1717171717172,4.64646464646465,1356.08195666609
17.5757575757576,4.64646464646465,1414.81532731195
17.979797979798,4.64646464646465,1474.78616291728
18.3838383838384,4.64646464646465,1535.97425944862
18.7878787878788,4.64646464646465,1598.40540843171
19.1919191919192,4.64646464646465,1662.08050688893
19.5959595959596,4.64646464646465,1726.99830464457
20,4.64646464646465,1793.15971676978
-20,5.05050505050505,549.799282977131
-19.5959595959596,5.05050505050505,523.924104200343
-19.1919191919192,5.05050505050505,498.706560080666
-18.7878787878788,5.05050505050505,474.173094222823
-18.3838383838384,5.05050505050505,450.258396228767
-17.979797979798,5.05050505050505,427.094899606128
-17.5757575757576,5.05050505050505,404.564468893118
-17.1717171717172,5.05050505050505,382.676384260762
-16.7676767676768,5.05050505050505,361.437812979668
-16.3636363636364,5.05050505050505,340.996994432849
-15.959595959596,5.05050505050505,321.182712709175
-15.5555555555556,5.05050505050505,302.071246011229
-15.1515151515152,5.05050505050505,283.536059270876
-14.7474747474747,5.05050505050505,265.489030036131
-14.3434343434343,5.05050505050505,248.028897467693
-13.9393939393939,5.05050505050505,231.285630647639
-13.5353535353535,5.05050505050505,215.253349152329
-13.1313131313131,5.05050505050505,199.742896352501
-12.7272727272727,5.05050505050505,184.991331503797
-12.3232323232323,5.05050505050505,170.751194674608
-11.9191919191919,5.05050505050505,157.07272773423
-11.5151515151515,5.05050505050505,144.052771178012
-11.1111111111111,5.05050505050505,131.773713677365
-10.7070707070707,5.05050505050505,120.222829331325
-10.3030303030303,5.05050505050505,109.20918117459
-9.8989898989899,5.05050505050505,98.8086233909946
-9.4949494949495,5.05050505050505,89.1015900435114
-9.09090909090909,5.05050505050505,80.115153299173
-8.68686868686869,5.05050505050505,71.8678098993477
-8.28282828282828,5.05050505050505,64.1290841386939
-7.87878787878788,5.05050505050505,56.8156141610504
-7.47474747474748,5.05050505050505,49.876055857528
-7.07070707070707,5.05050505050505,43.4554812410295
-6.66666666666667,5.05050505050505,37.3674783930447
-6.26262626262626,5.05050505050505,31.6762858568409
-5.85858585858586,5.05050505050505,26.4762447280833
-5.45454545454546,5.05050505050505,21.5810010945935
-5.05050505050505,5.05050505050505,17.0441648352669
-4.64646464646465,5.05050505050505,12.964510257752
-4.24242424242424,5.05050505050505,9.42087664509418
-3.83838383838384,5.05050505050505,6.2678590700876
-3.43434343434344,5.05050505050505,3.76703330418412
-3.03030303030303,5.05050505050505,1.88791736859688
-2.62626262626263,5.05050505050505,0.634100026091686
-2.22222222222222,5.05050505050505,0.0341589674986673
-1.81818181818182,5.05050505050505,0.193183052925257
-1.41414141414142,5.05050505050505,1.16376430479361
-1.01010101010101,5.05050505050505,2.88521088903743
-0.606060606060606,5.05050505050505,5.42690820820108
-0.202020202020201,5.05050505050505,8.83285900332677
0.202020202020201,5.05050505050505,12.9733381080917
0.606060606060606,5.05050505050505,17.8910252137678
1.01010101010101,5.05050505050505,24.0973495533402
1.41414141414142,5.05050505050505,29.6680343974136
1.81818181818182,5.05050505050505,38.4211755300046
2.22222222222222,5.05050505050505,48.1364377920939
2.62626262626263,5.05050505050505,59.1236144901349
3.03030303030303,5.05050505050505,71.4334797621217
3.43434343434343,5.05050505050505,85.2085809773601
3.83838383838384,5.05050505050505,100.63334598543
4.24242424242424,5.05050505050505,117.756267104693
4.64646464646465,5.05050505050505,137.88689930871
5.05050505050505,5.05050505050505,161.221841772374
5.45454545454545,5.05050505050505,187.325261414294
5.85858585858586,5.05050505050505,214.209336576152
6.26262626262626,5.05050505050505,240.836496167645
6.66666666666667,5.05050505050505,267.896881890953
7.07070707070707,5.05050505050505,296.09486081228
7.47474747474747,5.05050505050505,325.36511834945
7.87878787878788,5.05050505050505,355.700492095895
8.28282828282828,5.05050505050505,387.31225264885
8.68686868686869,5.05050505050505,420.020438587903
9.09090909090909,5.05050505050505,453.748884343807
9.4949494949495,5.05050505050505,488.332719122916
9.8989898989899,5.05050505050505,524.109176622336
10.3030303030303,5.05050505050505,561.017426065977
10.7070707070707,5.05050505050505,598.986438569986
11.1111111111111,5.05050505050505,638.16725859693
11.5151515151515,5.05050505050505,678.681770026225
11.9191919191919,5.05050505050505,720.71595297778
12.3232323232323,5.05050505050505,763.936572848356
12.7272727272727,5.05050505050505,808.346266920835
13.1313131313131,5.05050505050505,853.850614679794
13.5353535353535,5.05050505050505,900.708537794439
13.9393939393939,5.05050505050505,948.790006438028
14.3434343434343,5.05050505050505,997.84605614426
14.7474747474747,5.05050505050505,1048.28995265156
15.1515151515151,5.05050505050505,1100.07835458023
15.5555555555556,5.05050505050505,1153.11508609886
15.959595959596,5.05050505050505,1207.40012912305
16.3636363636364,5.05050505050505,1262.94539539182
16.7676767676768,5.05050505050505,1319.90493860874
17.1717171717172,5.05050505050505,1377.93723758837
17.5757575757576,5.05050505050505,1437.2009277815
17.979797979798,5.05050505050505,1497.69287575874
18.3838383838384,5.05050505050505,1559.36157535177
18.7878787878788,5.05050505050505,1622.29531476147
19.1919191919192,5.05050505050505,1686.47589640615
19.5959595959596,5.05050505050505,1751.88043666591
20,5.05050505050505,1818.51360030746
-20,5.45454545454545,533.737948237884
-19.5959595959596,5.45454545454545,508.372899640633
-19.1919191919192,5.45454545454545,483.763843222364
-18.7878787878788,5.45454545454545,459.765204357355
-18.3838383838384,5.45454545454545,436.419065459822
-17.979797979798,5.45454545454545,413.717910535591
-17.5757575757576,5.45454545454545,391.827431577303
-17.1717171717172,5.45454545454545,370.56673697258
-16.7676767676768,5.45454545454545,350.006091752059
-16.3636363636364,5.45454545454545,330.048039083847
-15.959595959596,5.45454545454545,310.572769281006
-15.5555555555556,5.45454545454545,291.682725506695
-15.1515151515152,5.45454545454545,273.400019514087
-14.7474747474747,5.45454545454545,255.892326898948
-14.3434343434343,5.45454545454545,239.038683271892
-13.9393939393939,5.45454545454545,222.66691862601
-13.5353535353535,5.45454545454545,207.111426378916
-13.1313131313131,5.45454545454545,192.021517400845
-12.7272727272727,5.45454545454545,177.49184302408
-12.3232323232323,5.45454545454545,163.654642219593
-11.9191919191919,5.45454545454545,150.549012214929
-11.5151515151515,5.45454545454545,138.178041134617
-11.1111111111111,5.45454545454545,126.344056461279
-10.7070707070707,5.45454545454545,115.10791084855
-10.3030303030303,5.45454545454545,104.566750340997
-9.8989898989899,5.45454545454545,94.7125806898082
-9.4949494949495,5.45454545454545,85.6606124068006
-9.09090909090909,5.45454545454545,77.1309272356619
-8.68686868686869,5.45454545454545,69.1055981138451
-8.28282828282828,5.45454545454545,61.4937617274778
-7.87878787878788,5.45454545454545,54.2799749816074
-7.47474747474748,5.45454545454545,47.5431933467615
-7.07070707070707,5.45454545454545,41.1619144456419
-6.66666666666667,5.45454545454545,35.1658808234057
-6.26262626262626,5.45454545454545,29.6784683548756
-5.85858585858586,5.45454545454545,24.4819593703447
-5.45454545454546,5.45454545454545,19.6486586030366
-5.05050505050505,5.45454545454545,15.2599394296465
-4.64646464646465,5.45454545454545,11.433919235292
-4.24242424242424,5.45454545454545,7.94418720710364
-3.83838383838384,5.45454545454545,5.08977617682721
-3.43434343434344,5.45454545454545,2.87376624903767
-3.03030303030303,5.45454545454545,1.26229186689753
-2.62626262626263,5.45454545454545,0.284787604543523
-2.22222222222222,5.45454545454545,0.00770928051434922
-1.81818181818182,5.45454545454545,0.513522450974167
-1.41414141414142,5.45454545454545,1.83278067450981
-1.01010101010101,5.45454545454545,3.8810780434868
-0.606060606060606,5.45454545454545,6.77972931799025
-0.202020202020201,5.45454545454545,10.5392056970781
0.202020202020201,5.45454545454545,15.0315760276263
0.606060606060606,5.45454545454545,20.2788159092423
1.01010101010101,5.45454545454545,26.7039494604789
1.41414141414142,5.45454545454545,32.3652613264399
1.81818181818182,5.45454545454545,41.5236293307387
2.22222222222222,5.45454545454545,51.6727715468109
2.62626262626263,5.45454545454545,62.9250561370885
3.03030303030303,5.45454545454545,75.4956930741584
3.43434343434343,5.45454545454545,89.3609260445327
3.83838383838384,5.45454545454545,104.897152934362
4.24242424242424,5.45454545454545,121.966014095913
4.64646464646465,5.45454545454545,140.99139440061
5.05050505050505,5.45454545454545,163.12007382875
5.45454545454545,5.45454545454545,188.470207747374
5.85858585858586,5.45454545454545,216.608143371772
6.26262626262626,5.45454545454545,245.70309444525
6.66666666666667,5.45454545454545,274.499792961682
7.07070707070707,5.45454545454545,303.469764955581
7.47474747474747,5.45454545454545,333.511346124185
7.87878787878788,5.45454545454545,364.625196144877
8.28282828282828,5.45454545454545,396.873889989043
8.68686868686869,5.45454545454545,430.223868804005
9.09090909090909,5.45454545454545,464.823220726353
9.4949494949495,5.45454545454545,500.528227085702
9.8989898989899,5.45454545454545,537.154594721
10.3030303030303,5.45454545454545,574.641617213285
10.7070707070707,5.45454545454545,613.388528525037
11.1111111111111,5.45454545454545,653.25108211365
11.5151515151515,5.45454545454545,694.172463927554
11.9191919191919,5.45454545454545,736.306692989998
12.3232323232323,5.45454545454545,779.732835710839
12.7272727272727,5.45454545454545,824.726404703727
13.1313131313131,5.45454545454545,870.943691534711
13.5353535353535,5.45454545454545,918.348545549167
13.9393939393939,5.45454545454545,966.876454455234
14.3434343434343,5.45454545454545,1016.59413717414
14.7474747474747,5.45454545454545,1067.73024886874
15.1515151515151,5.45454545454545,1119.90484113415
15.5555555555556,5.45454545454545,1173.0979177405
15.959595959596,5.45454545454545,1227.83281941465
16.3636363636364,5.45454545454545,1283.82936319701
16.7676767676768,5.45454545454545,1341.07364540777
17.1717171717172,5.45454545454545,1399.56760974587
17.5757575757576,5.45454545454545,1459.3145345009
17.979797979798,5.45454545454545,1520.48247394045
18.3838383838384,5.45454545454545,1582.76351261454
18.7878787878788,5.45454545454545,1646.23458142889
19.1919191919192,5.45454545454545,1710.95339510895
19.5959595959596,5.45454545454545,1776.83794509677
20,5.45454545454545,1843.96684090304
-20,5.85858585858586,518.495304938902
-19.5959595959596,5.85858585858586,493.692235725223
-19.1919191919192,5.85858585858586,469.528452576483
-18.7878787878788,5.85858585858586,446.188806037547
-18.3838383838384,5.85858585858586,423.480556921283
-17.979797979798,5.85858585858586,401.465779632277
-17.5757575757576,5.85858585858586,380.073478660537
-17.1717171717172,5.85858585858586,359.19243965275
-16.7676767676768,5.85858585858586,338.853143452654
-16.3636363636364,5.85858585858586,319.083917564581
-15.959595959596,5.85858585858586,300.070844493792
-15.5555555555556,5.85858585858586,281.759059628105
-15.1515151515152,5.85858585858586,263.992066688535
-14.7474747474747,5.85858585858586,246.896172453876
-14.3434343434343,5.85858585858586,230.475650435356
-13.9393939393939,5.85858585858586,214.540049047387
-13.5353535353535,5.85858585858586,199.158580880418
-13.1313131313131,5.85858585858586,184.506324292445
-12.7272727272727,5.85858585858586,170.576748652783
-12.3232323232323,5.85858585858586,157.38237232762
-11.9191919191919,5.85858585858586,144.725560633531
-11.5151515151515,5.85858585858586,132.637194499512
-11.1111111111111,5.85858585858586,121.282197051693
-10.7070707070707,5.85858585858586,110.562552720151
-10.3030303030303,5.85858585858586,100.619134623384
-9.8989898989899,5.85858585858586,91.355163260285
-9.4949494949495,5.85858585858586,82.6217294656394
-9.09090909090909,5.85858585858586,74.2749692364531
-8.68686868686869,5.85858585858586,66.3428951087524
-8.28282828282828,5.85858585858586,58.8735935377468
-7.87878787878788,5.85858585858586,51.807975636399
-7.47474747474748,5.85858585858586,45.1222836961442
-7.07070707070707,5.85858585858586,38.8381540291434
-6.66666666666667,5.85858585858586,33.0634420582931
-6.26262626262626,5.85858585858586,27.5633551338961
-5.85858585858586,5.85858585858586,22.4382599393516
-5.45454545454546,5.85858585858586,17.7630781413769
-5.05050505050505,5.85858585858586,13.5911486973073
-4.64646464646465,5.85858585858586,9.82335608722451
-4.24242424242424,5.85858585858586,6.61272549008115
-3.83838383838384,5.85858585858586,4.03771291703417
-3.43434343434344,5.85858585858586,2.07884581905093
-3.03030303030303,5.85858585858586,0.748989801572337
-2.62626262626263,5.85858585858586,0.0694977251690617
-2.22222222222222,5.85858585858586,0.129396227638459
-1.81818181818182,5.85858585858586,0.985164484414154
-1.41414141414142,5.85858585858586,2.64919834905155
-1.01010101010101,5.85858585858586,5.02708876080314
-0.606060606060606,5.85858585858586,8.28085238050594
-0.202020202020201,5.85858585858586,12.3974511223209
0.202020202020201,5.85858585858586,17.249464421443
0.606060606060606,5.85858585858586,22.8210096372033
1.01010101010101,5.85858585858586,29.4580964557233
1.41414141414142,5.85858585858586,35.3677412569267
1.81818181818182,5.85858585858586,44.726019391528
2.22222222222222,5.85858585858586,55.3149189997996
2.62626262626263,5.85858585858586,66.852134493939
3.03030303030303,5.85858585858586,79.6870758611877
3.43434343434343,5.85858585858586,93.8556600956495
3.83838383838384,5.85858585858586,109.381998892514
4.24242424242424,5.85858585858586,126.66977158418
4.64646464646465,5.85858585858586,145.316046205791
5.05050505050505,5.85858585858586,166.317246919879
5.45454545454545,5.85858585858586,190.472175580733
5.85858585858586,5.85858585858586,217.845224332198
6.26262626262626,5.85858585858586,248.015583366802
6.66666666666667,5.85858585858586,279.226815461418
7.07070707070707,5.85858585858586,310.337546033531
7.47474747474747,5.85858585858586,341.161101837063
7.87878787878788,5.85858585858586,373.070946161658
8.28282828282828,5.85858585858586,406.086984009207
8.68686868686869,5.85858585858586,440.204165949565
9.09090909090909,5.85858585858586,475.35183067633
9.4949494949495,5.85858585858586,511.821242975151
9.8989898989899,5.85858585858586,549.354501399921
10.3030303030303,5.85858585858586,588.005987310404
10.7070707070707,5.85858585858586,627.494346970477
11.1111111111111,5.85858585858586,667.968926911802
11.5151515151515,5.85858585858586,709.686120379072
11.9191919191919,5.85858585858586,752.50014789357
12.3232323232323,5.85858585858586,796.373752367177
12.7272727272727,5.85858585858586,841.462047354318
13.1313131313131,5.85858585858586,887.794777115112
13.5353535353535,5.85858585858586,935.7371496527
13.9393939393939,5.85858585858586,984.952641092935
14.3434343434343,5.85858585858586,1035.34534878144
14.7474747474747,5.85858585858586,1086.92377203109
15.1515151515151,5.85858585858586,1139.5552746059
15.5555555555556,5.85858585858586,1193.59109124544
15.959595959596,5.85858585858586,1248.92411465573
16.3636363636364,5.85858585858586,1305.18638312007
16.7676767676768,5.85858585858586,1362.60028527314
17.1717171717172,5.85858585858586,1421.55887022375
17.5757575757576,5.85858585858586,1481.76348508302
17.979797979798,5.85858585858586,1543.21756363016
18.3838383838384,5.85858585858586,1605.92024289915
18.7878787878788,5.85858585858586,1669.87121112196
19.1919191919192,5.85858585858586,1735.24365343769
19.5959595959596,5.85858585858586,1801.77344848408
20,5.85858585858586,1869.45644786185
-20,6.26262626262626,504.08027250295
-19.5959595959596,6.26262626262626,479.924879067029
-19.1919191919192,6.26262626262626,456.447379579475
-18.7878787878788,6.26262626262626,433.627408930543
-18.3838383838384,6.26262626262626,411.348729635612
-17.979797979798,6.26262626262626,389.557183160187
-17.5757575757576,6.26262626262626,368.351782312476
-17.1717171717172,6.26262626262626,347.798062314094
-16.7676767676768,6.26262626262626,328.010305926805
-16.3636363636364,6.26262626262626,308.894509715598
-15.959595959596,6.26262626262626,290.226584721788
-15.5555555555556,6.26262626262626,272.37695084339
-15.1515151515152,6.26262626262626,255.081160335402
-14.7474747474747,6.26262626262626,238.306495173319
-14.3434343434343,6.26262626262626,222.072385080439
-13.9393939393939,6.26262626262626,206.607982166832
-13.5353535353535,6.26262626262626,191.855147158197
-13.1313131313131,6.26262626262626,177.836988421583
-12.7272727272727,6.26262626262626,164.36934769487
-12.3232323232323,6.26262626262626,151.459351527051
-11.9191919191919,6.26262626262626,139.248228503115
-11.5151515151515,6.26262626262626,127.700186099682
-11.1111111111111,6.26262626262626,116.872365148235
-10.7070707070707,6.26262626262626,106.837210742283
-10.3030303030303,6.26262626262626,97.2828947194191
-9.8989898989899,6.26262626262626,88.2523507118243
-9.4949494949495,6.26262626262626,79.6383151085477
-9.09090909090909,6.26262626262626,71.3755015294816
-8.68686868686869,6.26262626262626,63.6499686955589
-8.28282828282828,6.26262626262626,56.2450347578253
-7.87878787878788,6.26262626262626,49.2726728607931
-7.47474747474748,6.26262626262626,42.6939263521
-7.07070707070707,6.26262626262626,36.6311707454741
-6.66666666666667,6.26262626262626,30.8278750816104
-6.26262626262626,6.26262626262626,25.4160923429061
-5.85858585858586,6.26262626262626,20.4307804280476
-5.45454545454546,6.26262626262626,15.930340623634
-5.05050505050505,6.26262626262626,11.9279973512706
-4.64646464646465,6.26262626262626,8.33796368942808
-4.24242424242424,6.26262626262626,5.40014722183349
-3.83838383838384,6.26262626262626,3.10834313337401
-3.43434343434344,6.26262626262626,1.42126760339626
-3.03030303030303,6.26262626262626,0.367543879214409
-2.62626262626263,6.26262626262626,9.51180608668001e-05
-2.22222222222222,6.26262626262626,0.401931868685423
-1.81818181818182,6.26262626262626,1.60898264313155
-1.41414141414142,6.26262626262626,3.61405890272802
-1.01010101010101,6.26262626262626,6.32624062535227
-0.606060606060606,6.26262626262626,9.93208352633791
-0.202020202020201,6.26262626262626,14.4066484081748
0.202020202020201,6.26262626262626,19.6173461768094
0.606060606060606,6.26262626262626,25.5243628634916
1.01010101010101,6.26262626262626,32.3880355401704
1.41414141414142,6.26262626262626,38.4946589422483
1.81818181818182,6.26262626262626,48.0467448327488
2.22222222222222,6.26262626262626,59.0422317570168
2.62626262626263,6.26262626262626,71.0072763605406
3.03030303030303,6.26262626262626,84.1093866763045
3.43434343434343,6.26262626262626,98.5210607111009
3.83838383838384,6.26262626262626,114.252851364452
4.24242424242424,6.26262626262626,131.504494130132
4.64646464646465,6.26262626262626,150.483392174946
5.05050505050505,6.26262626262626,170.780599950604
5.45454545454545,6.26262626262626,193.755467787098
5.85858585858586,6.26262626262626,219.943498051229
6.26262626262626,6.26262626262626,249.346661762631
6.66666666666667,6.26262626262626,281.548585198789
7.07070707070707,6.26262626262626,314.848101534241
7.47474747474747,6.26262626262626,348.255822763323
7.87878787878788,6.26262626262626,381.02871115761
8.28282828282828,6.26262626262626,414.84680702602
8.68686868686869,6.26262626262626,449.769893615877
9.09090909090909,6.26262626262626,485.689008163931
9.4949494949495,6.26262626262626,522.778129960571
9.8989898989899,6.26262626262626,560.946500275699
10.3030303030303,6.26262626262626,600.413012895116
10.7070707070707,6.26262626262626,640.943611179254
11.1111111111111,6.26262626262626,682.459227128379
11.5151515151515,6.26262626262626,724.851344462408
11.9191919191919,6.26262626262626,768.318324681338
12.3232323232323,6.26262626262626,813.001647314592
12.7272727272727,6.26262626262626,858.765500896613
13.1313131313131,6.26262626262626,905.591093650622
13.5353535353535,6.26262626262626,953.633021782804
13.9393939393939,6.26262626262626,1002.88284479506
14.3434343434343,6.26262626262626,1053.75469923484
14.7474747474747,6.26262626262626,1105.97160269826
15.1515151515151,6.26262626262626,1159.36232259141
15.5555555555556,6.26262626262626,1213.94616818808
15.959595959596,6.26262626262626,1269.58764564323
16.3636363636364,6.26262626262626,1326.4644872802
16.7676767676768,6.26262626262626,1384.78717374901
17.1717171717172,6.26262626262626,1444.20310554072
17.5757575757576,6.26262626262626,1504.57495695277
17.979797979798,6.26262626262626,1566.30283181052
18.3838383838384,6.26262626262626,1629.47057206915
18.7878787878788,6.26262626262626,1693.88324148167
19.1919191919192,6.26262626262626,1759.54510345034
19.5959595959596,6.26262626262626,1826.45652020182
20,6.26262626262626,1894.6155534733
-20,6.66666666666667,490.709745390803
-19.5959595959596,6.66666666666667,467.024499270796
-19.1919191919192,6.66666666666667,443.792483708058
-18.7878787878788,6.66666666666667,421.156191782167
-18.3838383838384,6.66666666666667,399.076971883344
-17.979797979798,6.66666666666667,377.798143654117
-17.5757575757576,6.66666666666667,357.209819638591
-17.1717171717172,6.66666666666667,337.224998028833
-16.7676767676768,6.66666666666667,317.726483887155
-16.3636363636364,6.66666666666667,299.108431026532
-15.959595959596,6.66666666666667,280.923130731482
-15.5555555555556,6.66666666666667,263.321398641468
-15.1515151515152,6.66666666666667,246.23368027372
-14.7474747474747,6.66666666666667,229.96002530021
-14.3434343434343,6.66666666666667,214.383824236997
-13.9393939393939,6.66666666666667,199.541796549055
-13.5353535353535,6.66666666666667,185.262681935832
-13.1313131313131,6.66666666666667,171.555054519097
-12.7272727272727,6.66666666666667,158.464507816161
-12.3232323232323,6.66666666666667,146.093431539158
-11.9191919191919,6.66666666666667,134.379779398171
-11.5151515151515,6.66666666666667,123.478470260632
-11.1111111111111,6.66666666666667,113.177228145841
-10.7070707070707,6.66666666666667,103.442410513116
-10.3030303030303,6.66666666666667,94.0744262054902
-9.8989898989899,6.66666666666667,85.1509337942489
-9.4949494949495,6.66666666666667,76.6016313407805
-9.09090909090909,6.66666666666667,68.6025262590551
-8.68686868686869,6.66666666666667,60.8787853517236
-8.28282828282828,6.66666666666667,53.5998756789858
-7.87878787878788,6.66666666666667,46.74023683332
-7.47474747474748,6.66666666666667,40.3816665369642
-7.07070707070707,6.66666666666667,34.2760435346324
-6.66666666666667,6.66666666666667,28.5924745048791
-6.26262626262626,6.66666666666667,23.2839284887866
-5.85858585858586,6.66666666666667,18.4627016020662
-5.45454545454546,6.66666666666667,14.2049832510329
-5.05050505050505,6.66666666666667,10.2575639628224
-4.64646464646465,6.66666666666667,6.96896244101989
-4.24242424242424,6.66666666666667,4.31868039905641
-3.83838383838384,6.66666666666667,2.27896811645661
-3.43434343434344,6.66666666666667,0.874565867522229
-3.03030303030303,6.66666666666667,0.116223433688587
-2.62626262626263,6.66666666666667,0.0797989131072611
-2.22222222222222,6.66666666666667,0.823897074181853
-1.81818181818182,6.66666666666667,2.38991138173142
-1.41414141414142,6.66666666666667,4.7269804434358
-1.01010101010101,6.66666666666667,7.7749633383326
-0.606060606060606,6.66666666666667,11.7335276656055
-0.202020202020201,6.66666666666667,16.5680812627402
0.202020202020201,6.66666666666667,22.1284019621209
0.606060606060606,6.66666666666667,28.3860766914156
1.01010101010101,6.66666666666667,35.5282975769932
1.41414141414142,6.66666666666667,41.7672869045655
1.81818181818182,6.66666666666667,51.4500342965756
2.22222222222222,6.66666666666667,62.847477763896
2.62626262626263,6.66666666666667,75.2720457201825
3.03030303030303,6.66666666666667,88.6347389448533
3.43434343434343,6.66666666666667,103.331066212167
3.83838383838384,6.66666666666667,119.344401185505
4.24242424242424,6.66666666666667,136.66062005055
4.64646464646465,6.66666666666667,155.675086531549
5.05050505050505,6.66666666666667,176.342287691713
5.45454545454545,6.66666666666667,198.352710323567
5.85858585858586,6.66666666666667,223.319499414897
6.26262626262626,6.66666666666667,251.532727101098
6.66666666666667,6.66666666666667,282.974508238283
7.07070707070707,6.66666666666667,317.207024783567
7.47474747474747,6.66666666666667,352.597096387921
7.87878787878788,6.66666666666667,388.206827215624
8.28282828282828,6.66666666666667,423.149768518943
8.68686868686869,6.66666666666667,458.839452516378
9.09090909090909,6.66666666666667,495.620560554954
9.4949494949495,6.66666666666667,533.408338148271
9.8989898989899,6.66666666666667,572.361241040149
10.3030303030303,6.66666666666667,612.320265771225
10.7070707070707,6.66666666666667,653.653132319774
11.1111111111111,6.66666666666667,696.021805899125
11.5151515151515,6.66666666666667,739.578494511616
11.9191919191919,6.66666666666667,783.951837250404
12.3232323232323,6.66666666666667,829.226843736328
12.7272727272727,6.66666666666667,875.691271041793
13.1313131313131,6.66666666666667,923.332979987012
13.5353535353535,6.66666666666667,972.046967559179
13.9393939393939,6.66666666666667,1021.82477452738
14.3434343434343,6.66666666666667,1072.82100845861
14.7474747474747,6.66666666666667,1125.0203392024
15.1515151515151,6.66666666666667,1178.77940352285
15.5555555555556,6.66666666666667,1234.00106951556
15.959595959596,6.66666666666667,1290.37302960945
16.3636363636364,6.66666666666667,1347.93480513684
16.7676767676768,6.66666666666667,1406.65129848829
17.1717171717172,6.66666666666667,1466.42114644345
17.5757575757576,6.66666666666667,1527.63492884838
17.979797979798,6.66666666666667,1590.17946494098
18.3838383838384,6.66666666666667,1653.65984094983
18.7878787878788,6.66666666666667,1718.14447768706
19.1919191919192,6.66666666666667,1784.19084555206
19.5959595959596,6.66666666666667,1851.56685560155
20,6.66666666666667,1920.1878732508
-20,7.07070707070707,477.480839106411
-19.5959595959596,7.07070707070707,453.953241052226
-19.1919191919192,7.07070707070707,431.138600253416
-18.7878787878788,7.07070707070707,409.0697511417
-18.3838383838384,7.07070707070707,387.678597619761
-17.979797979798,7.07070707070707,366.746935999424
-17.5757575757576,7.07070707070707,346.541557937079
-17.1717171717172,7.07070707070707,327.060824138508
-16.7676767676768,7.07070707070707,308.036597419327
-16.3636363636364,7.07070707070707,289.584540474002
-15.959595959596,7.07070707070707,271.643867727023
-15.5555555555556,7.07070707070707,254.562704138299
-15.1515151515152,7.07070707070707,238.162976887102
-14.7474747474747,7.07070707070707,222.495869353535
-14.3434343434343,7.07070707070707,207.405733023003
-13.9393939393939,7.07070707070707,192.872886082748
-13.5353535353535,7.07070707070707,178.938215905854
-13.1313131313131,7.07070707070707,165.730716365595
-12.7272727272727,7.07070707070707,153.164309530111
-12.3232323232323,7.07070707070707,141.359213460132
-11.9191919191919,7.07070707070707,130.341926848341
-11.5151515151515,7.07070707070707,119.771713224947
-11.1111111111111,7.07070707070707,109.737668894333
-10.7070707070707,7.07070707070707,100.099157044064
-10.3030303030303,7.07070707070707,90.8407707055055
-9.8989898989899,7.07070707070707,82.043943042124
-9.4949494949495,7.07070707070707,73.7237171777485
-9.09090909090909,7.07070707070707,65.6978567955388
-8.68686868686869,7.07070707070707,58.1074253526648
-8.28282828282828,7.07070707070707,50.9698122870627
-7.87878787878788,7.07070707070707,44.3149502081471
-7.47474747474748,7.07070707070707,37.9030706072039
-7.07070707070707,7.07070707070707,31.9567892773744
-6.66666666666667,7.07070707070707,26.3237009687186
-6.26262626262626,7.07070707070707,21.1769460166359
-5.85858585858586,7.07070707070707,16.6259907481091
-5.45454545454546,7.07070707070707,12.376926427488
-5.05050505050505,7.07070707070707,8.73007465017265
-4.64646464646465,7.07070707070707,5.71945535960106
-4.24242424242424,7.07070707070707,3.35212596531328
-3.83838383838384,7.07070707070707,1.58660027961869
-3.43434343434344,7.07070707070707,0.4579061740084
-3.03030303030303,7.07070707070707,0.00481064130996779
-2.62626262626263,7.07070707070707,0.307426319151355
-2.22222222222222,7.07070707070707,1.4039979560043
-1.81818181818182,7.07070707070707,3.32855471305428
-1.41414141414142,7.07070707070707,5.98818883525282
-1.01010101010101,7.07070707070707,9.37313658056804
-0.606060606060606,7.07070707070707,13.685035034303
-0.202020202020201,7.07070707070707,18.8797947712215
0.202020202020201,7.07070707070707,24.7906660648682
0.606060606060606,7.07070707070707,31.3959256925547
1.01010101010101,7.07070707070707,38.8453363505457
1.41414141414142,7.07070707070707,45.1805824264063
1.81818181818182,7.07070707070707,55.1901409715412
2.22222222222222,7.07070707070707,66.7896907703834
2.62626262626263,7.07070707070707,79.6232394751763
3.03030303030303,7.07070707070707,93.4081900820174
3.43434343434343,7.07070707070707,108.360594737416
3.83838383838384,7.07070707070707,124.598586500355
4.24242424242424,7.07070707070707,142.184753906691
4.64646464646465,7.07070707070707,161.173893284283
5.05050505050505,7.07070707070707,181.973305231989
5.45454545454545,7.07070707070707,204.250141250866
5.85858585858586,7.07070707070707,228.067736895656
6.26262626262626,7.07070707070707,255.036070207363
6.66666666666667,7.07070707070707,285.239548173398
7.07070707070707,7.07070707070707,318.729160581113
7.47474747474747,7.07070707070707,354.991034070432
7.87878787878788,7.07070707070707,392.482636837582
8.28282828282828,7.07070707070707,430.291443212347
8.68686868686869,7.07070707070707,467.472196383531
9.09090909090909,7.07070707070707,505.050118980091
9.4949494949495,7.07070707070707,543.602153315889
9.8989898989899,7.07070707070707,583.307523330118
10.3030303030303,7.07070707070707,624.077668224771
10.7070707070707,7.07070707070707,665.997868731885
11.1111111111111,7.07070707070707,708.977678094077
11.5151515151515,7.07070707070707,753.311983809423
11.9191919191919,7.07070707070707,798.671498087692
12.3232323232323,7.07070707070707,845.15704589207
12.7272727272727,7.07070707070707,892.478596135294
13.1313131313131,7.07070707070707,940.630194609486
13.5353535353535,7.07070707070707,990.083093547177
13.9393939393939,7.07070707070707,1040.68030495489
14.3434343434343,7.07070707070707,1092.3444432375
14.7474747474747,7.07070707070707,1145.07320262527
15.1515151515151,7.07070707070707,1199.02576115097
15.5555555555556,7.07070707070707,1254.1738010712
15.959595959596,7.07070707070707,1310.82771926961
16.3636363636364,7.07070707070707,1369.0094678933
16.7676767676768,7.07070707070707,1428.38303463028
17.1717171717172,7.07070707070707,1488.94038077597
17.5757575757576,7.07070707070707,1550.70142400387
17.979797979798,7.07070707070707,1613.46036270798
18.3838383838384,7.07070707070707,1677.50326329963
18.7878787878788,7.07070707070707,1743.00565604007
19.1919191919192,7.07070707070707,1809.68138767294
19.5959595959596,7.07070707070707,1877.27370405694
20,7.07070707070707,1945.9269058151
-20,7.47474747474747,464.467141264559
-19.5959595959596,7.47474747474747,441.601155603043
-19.1919191919192,7.47474747474747,419.40098320154
-18.7878787878788,7.47474747474747,397.56579491742
-18.3838383838384,7.47474747474747,376.613473100436
-17.979797979798,7.47474747474747,356.260131120398
-17.5757575757576,7.47474747474747,336.391335795021
-17.1717171717172,7.47474747474747,317.095449688327
-16.7676767676768,7.47474747474747,298.313113136162
-16.3636363636364,7.47474747474747,280.415315187263
-15.959595959596,7.47474747474747,263.192256410256
-15.5555555555556,7.47474747474747,246.699518283877
-15.1515151515152,7.47474747474747,230.798510002529
-14.7474747474747,7.47474747474747,215.43791317527
-14.3434343434343,7.47474747474747,200.641533966807
-13.9393939393939,7.47474747474747,186.611317292002
-13.5353535353535,7.47474747474747,173.22609575172
-13.1313131313131,7.47474747474747,160.55288519549
-12.7272727272727,7.47474747474747,148.676905741891
-12.3232323232323,7.47474747474747,137.334161970922
-11.9191919191919,7.47474747474747,126.595963235903
-11.5151515151515,7.47474747474747,116.21903279367
-11.1111111111111,7.47474747474747,106.303077895699
-10.7070707070707,7.47474747474747,96.7146464647213
-10.3030303030303,7.47474747474747,87.6713464562462
-9.8989898989899,7.47474747474747,79.0138773501053
-9.4949494949495,7.47474747474747,70.7036196321303
-9.09090909090909,7.47474747474747,62.7968671977233
-8.68686868686869,7.47474747474747,55.382566340109
-8.28282828282828,7.47474747474747,48.430979625392
-7.87878787878788,7.47474747474747,41.7139259406155
-7.47474747474748,7.47474747474747,35.5011174628351
-7.07070707070707,7.47474747474747,29.5436136579862
-6.66666666666667,7.47474747474747,24.0926171998777
-6.26262626262626,7.47474747474747,19.2046079714517
-5.85858585858586,7.47474747474747,14.727275423804
-5.45454545454546,7.47474747474747,10.7006439056435
-5.05050505050505,7.47474747474747,7.33349753542864
-4.64646464646465,7.47474747474747,4.6124124032812
-4.24242424242424,7.47474747474747,2.48828851011369
-3.83838383838384,7.47474747474747,1.00928693400739
-3.43434343434344,7.47474747474747,0.171761350969851
-3.03030303030303,7.47474747474747,0.0417494605317456
-2.62626262626263,7.47474747474747,0.685066369133499
-2.22222222222222,7.47474747474747,2.1349865810441
-1.81818181818182,7.47474747474747,4.41130487902558
-1.41414141414142,7.47474747474747,7.39732422281529
-1.01010101010101,7.47474747474747,11.1231005669722
-0.606060606060606,7.47474747474747,15.7868861615726
-0.202020202020201,7.47474747474747,21.3396857190782
0.202020202020201,7.47474747474747,27.6079263154253
0.606060606060606,7.47474747474747,34.5545880667285
1.01010101010101,7.47474747474747,42.3277958479382
1.41414141414142,7.47474747474747,48.7369588742948
1.81818181818182,7.47474747474747,59.0766780631694
2.22222222222222,7.47474747474747,70.8343139033017
2.62626262626263,7.47474747474747,84.0716770363521
3.03030303030303,7.47474747474747,98.2908506988725
3.43434343434343,7.47474747474747,113.484194877508
3.83838383838384,7.47474747474747,130.04130745211
4.24242424242424,7.47474747474747,147.904126663008
4.64646464646465,7.47474747474747,167.070080524355
5.05050505050505,7.47474747474747,187.805854097094
5.45454545454545,7.47474747474747,210.325651888231
5.85858585858586,7.47474747474747,234.205382861838
6.26262626262626,7.47474747474747,259.963039804156
6.66666666666667,7.47474747474747,288.940087006265
7.07070707070707,7.47474747474747,321.065912981057
7.47474747474747,7.47474747474747,356.609957421154
7.87878787878788,7.47474747474747,394.900170020791
8.28282828282828,7.47474747474747,434.505096808517
8.68686868686869,7.47474747474747,474.523068655643
9.09090909090909,7.47474747474747,513.931937123453
9.4949494949495,7.47474747474747,553.318379196022
9.8989898989899,7.47474747474747,593.800548370541
10.3030303030303,7.47474747474747,635.451550754309
10.7070707070707,7.47474747474747,678.019970134183
11.1111111111111,7.47474747474747,721.835215873026
11.5151515151515,7.47474747474747,766.608015402004
11.9191919191919,7.47474747474747,812.77129054479
12.3232323232323,7.47474747474747,860.022128344855
12.7272727272727,7.47474747474747,908.379101625981
13.1313131313131,7.47474747474747,957.688280850187
13.5353535353535,7.47474747474747,1007.94200219332
13.9393939393939,7.47474747474747,1059.05413559017
14.3434343434343,7.47474747474747,1111.47791345613
14.7474747474747,7.47474747474747,1165.04434231368
15.1515151515151,7.47474747474747,1219.65872726952
15.5555555555556,7.47474747474747,1275.33768356708
15.959595959596,7.47474747474747,1332.245694764
16.3636363636364,7.47474747474747,1390.34347201162
16.7676767676768,7.47474747474747,1449.89960269409
17.1717171717172,7.47474747474747,1511.02466483889
17.5757575757576,7.47474747474747,1573.40506406028
17.979797979798,7.47474747474747,1636.96600744455
18.3838383838384,7.47474747474747,1701.70334930307
18.7878787878788,7.47474747474747,1767.50586521109
19.1919191919192,7.47474747474747,1834.45400059727
19.5959595959596,7.47474747474747,1902.84226576031
20,7.47474747474747,1972.57185708501
-20,7.87878787878788,452.263774524109
-19.5959595959596,7.87878787878788,429.645558751136
-19.1919191919192,7.87878787878788,407.936603792209
-18.7878787878788,7.87878787878788,386.713663686914
-18.3838383838384,7.87878787878788,365.993991175534
-17.979797979798,7.87878787878788,345.84562541312
-17.5757575757576,7.87878787878788,326.243412300351
-17.1717171717172,7.87878787878788,307.518074485452
-16.7676767676768,7.87878787878788,289.471858296314
-16.3636363636364,7.87878787878788,272.152523273042
-15.959595959596,7.87878787878788,255.440930467861
-15.5555555555556,7.87878787878788,239.250669708876
-15.1515151515152,7.87878787878788,223.619660013578
-14.7474747474747,7.87878787878788,208.755157986032
-14.3434343434343,7.87878787878788,194.547883842701
-13.9393939393939,7.87878787878788,180.967748642851
-13.5353535353535,7.87878787878788,168.194150951875
-13.1313131313131,7.87878787878788,156.180327477249
-12.7272727272727,7.87878787878788,144.597345115143
-12.3232323232323,7.87878787878788,133.561197457736
-11.9191919191919,7.87878787878788,122.888715129944
-11.5151515151515,7.87878787878788,112.649662164472
-11.1111111111111,7.87878787878788,102.76521695988
-10.7070707070707,7.87878787878788,93.4793268575746
-10.3030303030303,7.87878787878788,84.4854796194681
-9.8989898989899,7.87878787878788,75.8911805663008
-9.4949494949495,7.87878787878788,67.669785989842
-9.09090909090909,7.87878787878788,59.9784777008803
-8.68686868686869,7.87878787878788,52.7297322835953
-8.28282828282828,7.87878787878788,45.7072596375777
-7.87878787878788,7.87878787878788,39.2018055529061
-7.47474747474748,7.87878787878788,32.9418651188322
-7.07070707070707,7.87878787878788,27.207028887205
-6.66666666666667,7.87878787878788,21.968931684584
-6.26262626262626,7.87878787878788,17.2692687331111
-5.85858585858586,7.87878787878788,12.8651906802969
-5.45454545454546,7.87878787878788,9.14074842821084
-5.05050505050505,7.87878787878788,6.05121671848059
-4.64646464646465,7.87878787878788,3.60510703311708
-4.24242424242424,7.87878787878788,1.7610266392135
-3.83838383838384,7.87878787878788,0.556054033814337
-3.43434343434344,7.87878787878788,0.0216239608061392
-3.03030303030303,7.87878787878788,0.227692659034643
-2.62626262626263,7.87878787878788,1.21175516515966
-2.22222222222222,7.87878787878788,3.01455834412267
-1.81818181818182,7.87878787878788,5.63994373034095
-1.41414141414142,7.87878787878788,8.95819249000952
-1.01010101010101,7.87878787878788,13.0268588719328
-0.606060606060606,7.87878787878788,18.0399360859801
-0.202020202020201,7.87878787878788,23.9501500220643
0.202020202020201,7.87878787878788,30.5759304000995
0.606060606060606,7.87878787878788,37.864555083566
1.01010101010101,7.87878787878788,45.9656820714308
1.41414141414142,7.87878787878788,52.4443645388412
1.81818181818182,7.87878787878788,63.1099454397935
2.22222222222222,7.87878787878788,74.9507282768848
2.62626262626263,7.87878787878788,88.57565254171
3.03030303030303,7.87878787878788,103.273102551045
3.43434343434343,7.87878787878788,118.87208234273
3.83838383838384,7.87878787878788,135.678590275184
4.24242424242424,7.87878787878788,153.748121672923
4.64646464646465,7.87878787878788,173.202041336478
5.05050505050505,7.87878787878788,193.969277117859
5.45454545454545,7.87878787878788,216.484140707921
5.85858585858586,7.87878787878788,240.713553597121
6.26262626262626,7.87878787878788,266.166737936083
6.66666666666667,7.87878787878788,293.97838499039
7.07070707070707,7.87878787878788,324.94324927208
7.47474747474747,7.87878787878788,359.033936147386
7.87878787878788,7.87878787878788,396.617523492423
8.28282828282828,7.87878787878788,436.934214169643
8.68686868686869,7.87878787878788,478.664094489626
9.09090909090909,7.87878787878788,520.87244379195
9.4949494949495,7.87878787878788,562.567979802738
9.8989898989899,7.87878787878788,603.795870468849
10.3030303030303,7.87878787878788,646.215490944423
10.7070707070707,7.87878787878788,689.733881724066
11.1111111111111,7.87878787878788,734.194604337016
11.5151515151515,7.87878787878788,779.790464338696
11.9191919191919,7.87878787878788,826.534871484845
12.3232323232323,7.87878787878788,874.335936162609
12.7272727272727,7.87878787878788,923.5364218356
13.1313131313131,7.87878787878788,973.732507646877
13.5353535353535,7.87878787878788,1025.13887601169
13.9393939393939,7.87878787878788,1077.26820153972
14.3434343434343,7.87878787878788,1130.39373049534
14.7474747474747,7.87878787878788,1184.49798349263
15.1515151515151,7.87878787878788,1239.89085740137
15.5555555555556,7.87878787878788,1296.42260702997
15.959595959596,7.87878787878788,1353.98770237698
16.3636363636364,7.87878787878788,1412.61912046926
16.7676767676768,7.87878787878788,1472.48151610687
17.1717171717172,7.87878787878788,1533.52965079307
17.5757575757576,7.87878787878788,1595.98047558602
17.979797979798,7.87878787878788,1660.04537411298
18.3838383838384,7.87878787878788,1725.43525514378
18.7878787878788,7.87878787878788,1791.97875938963
19.1919191919192,7.87878787878788,1859.69769658128
19.5959595959596,7.87878787878788,1928.61861956166
20,7.87878787878788,1998.49508011606
-20,8.28282828282828,440.509046575838
-19.5959595959596,8.28282828282828,418.399429503427
-19.1919191919192,8.28282828282828,396.844907359947
-18.7878787878788,8.28282828282828,375.842622954715
-18.3838383838384,8.28282828282828,355.424608028899
-17.979797979798,8.28282828282828,335.8709956042
-17.5757575757576,8.28282828282828,317.002122140092
-17.1717171717172,8.28282828282828,298.854681959684
-16.7676767676768,8.28282828282828,281.329822703965
-16.3636363636364,8.28282828282828,264.310122716454
-15.959595959596,8.28282828282828,247.90305125573
-15.5555555555556,8.28282828282828,232.14466006828
-15.1515151515152,8.28282828282828,217.104909196845
-14.7474747474747,8.28282828282828,202.693442153882
-14.3434343434343,8.28282828282828,189.053042921799
-13.9393939393939,8.28282828282828,176.207521544825
-13.5353535353535,8.28282828282828,163.826538283237
-13.1313131313131,8.28282828282828,152.085707779957
-12.7272727272727,8.28282828282828,140.702131817076
-12.3232323232323,8.28282828282828,129.763423624841
-11.9191919191919,8.28282828282828,119.180310233514
-11.5151515151515,8.28282828282828,109.051632526804
-11.1111111111111,8.28282828282828,99.4658830507085
-10.7070707070707,8.28282828282828,90.1255670009746
-10.3030303030303,8.28282828282828,81.26182140035
-9.8989898989899,8.28282828282828,72.7310175591161
-9.4949494949495,8.28282828282828,64.7575830097887
-9.09090909090909,8.28282828282828,57.2109946698007
-8.68686868686869,8.28282828282828,49.8835658128391
-8.28282828282828,8.28282828282828,43.0789165829953
-7.87878787878788,8.28282828282828,36.5265647415156
-7.47474747474748,8.28282828282828,30.4852931762332
-7.07070707070707,8.28282828282828,24.9286769719739
-6.66666666666667,8.28282828282828,19.9546420005426
-6.26262626262626,8.28282828282828,15.2278263648977
-5.85858585858586,8.28282828282828,11.1470065600556
-5.45454545454546,8.28282828282828,7.70460839939935
-5.05050505050505,8.28282828282828,4.91309131916405
-4.64646464646465,8.28282828282828,2.70680161437289
-4.24242424242424,8.28282828282828,1.15334214630763
-3.83838383838384,8.28282828282828,0.237332577977619
-3.43434343434344,8.28282828282828,0.0156014896313442
-3.03030303030303,8.28282828282828,0.561218246350018
-2.62626262626263,8.28282828282828,1.89296601374599
-2.22222222222222,8.28282828282828,4.05124705678414
-1.81818181818182,8.28282828282828,7.01648496472488
-1.41414141414142,8.28282828282828,10.6673284101426
-1.01010101010101,8.28282828282828,15.0810552863453
-0.606060606060606,8.28282828282828,20.4432311007929
-0.202020202020201,8.28282828282828,26.7112436863063
0.202020202020201,8.28282828282828,33.6929311496177
0.606060606060606,8.28282828282828,41.3259345688118
1.01010101010101,8.28282828282828,49.7541734137227
1.41414141414142,8.28282828282828,56.3615659133107
1.81818181818182,8.28282828282828,67.2830638888197
2.22222222222222,8.28282828282828,79.3933173781252
2.62626262626263,8.28282828282828,93.2580860400354
3.03030303030303,8.28282828282828,108.339648923375
3.43434343434343,8.28282828282828,124.367818853661
3.83838383838384,8.28282828282828,141.400279723158
4.24242424242424,8.28282828282828,159.818774323038
4.64646464646465,8.28282828282828,179.547214839939
5.05050505050505,8.28282828282828,200.534742733195
5.45454545454545,8.28282828282828,222.972579460572
5.85858585858586,8.28282828282828,247.27618165059
6.26262626262626,8.28282828282828,273.147233130279
6.66666666666667,8.28282828282828,300.198219932884
7.07070707070707,8.28282828282828,330.084242384451
7.47474747474747,8.28282828282828,363.060042337539
7.87878787878788,8.28282828282828,399.131108940624
8.28282828282828,8.28282828282828,438.751186859264
8.68686868686869,8.28282828282828,481.093502289677
9.09090909090909,8.28282828282828,524.960043235265
9.4949494949495,8.28282828282828,569.381009983035
9.8989898989899,8.28282828282828,613.316349919931
10.3030303030303,8.28282828282828,656.501539600345
10.7070707070707,8.28282828282828,700.853242335059
11.1111111111111,8.28282828282828,746.136354320318
11.5151515151515,8.28282828282828,792.54276141449
11.9191919191919,8.28282828282828,839.957127051822
12.3232323232323,8.28282828282828,888.631301146427
12.7272727272727,8.28282828282828,938.214150912983
13.1313131313131,8.28282828282828,989.205616377046
13.5353535353535,8.28282828282828,1041.32671915402
13.9393939393939,8.28282828282828,1094.50093883339
14.3434343434343,8.28282828282828,1148.82619995815
14.7474747474747,8.28282828282828,1203.87761901531
15.1515151515151,8.28282828282828,1259.8644945417
15.5555555555556,8.28282828282828,1316.96154720497
15.959595959596,8.28282828282828,1375.32249126022
16.3636363636364,8.28282828282828,1434.81978652153
16.7676767676768,8.28282828282828,1495.33321939218
17.1717171717172,8.28282828282828,1556.91617961088
17.5757575757576,8.28282828282828,1619.73533167444
17.979797979798,8.28282828282828,1683.73269334438
18.3838383838384,8.28282828282828,1749.07303822468
18.7878787878788,8.28282828282828,1816.07398254821
19.1919191919192,8.28282828282828,1884.46469683791
19.5959595959596,8.28282828282828,1953.98928700588
20,8.28282828282828,2024.71317766945
-20,8.68686868686869,428.944251401202
-19.5959595959596,8.68686868686869,407.087447546376
-19.1919191919192,8.68686868686869,385.856029850301
-18.7878787878788,8.68686868686869,365.47376394344
-18.3838383838384,8.68686868686869,345.782348365243
-17.979797979798,8.68686868686869,326.806445415006
-17.5757575757576,8.68686868686869,308.465504936761
-17.1717171717172,8.68686868686869,290.632149746736
-16.7676767676768,8.68686868686869,273.426164852416
-16.3636363636364,8.68686868686869,256.787971038294
-15.959595959596,8.68686868686869,240.903699809646
-15.5555555555556,8.68686868686869,225.679272342084
-15.1515151515152,8.68686868686869,211.153911632851
-14.7474747474747,8.68686868686869,197.393029525679
-14.3434343434343,8.68686868686869,184.353524007873
-13.9393939393939,8.68686868686869,171.759070363583
-13.5353535353535,8.68686868686869,159.722440633741
-13.1313131313131,8.68686868686869,148.028885407856
-12.7272727272727,8.68686868686869,136.802740507051
-12.3232323232323,8.68686868686869,125.894963106605
-11.9191919191919,8.68686868686869,115.522405793615
-11.5151515151515,8.68686868686869,105.626664314256
-11.1111111111111,8.68686868686869,95.9559528598952
-10.7070707070707,8.68686868686869,86.8017408004294
-10.3030303030303,8.68686868686869,77.9776802057944
-9.8989898989899,8.68686868686869,69.7198769013174
-9.4949494949495,8.68686868686869,61.8748424038119
-9.09090909090909,8.68686868686869,54.2437329176379
-8.68686868686869,8.68686868686869,47.1437970432553
-8.28282828282828,8.68686868686869,40.2964132350913
-7.87878787878788,8.68686868686869,33.9497340465058
-7.47474747474748,8.68686868686869,28.0675029666127
-7.07070707070707,8.68686868686869,22.786011907999
-6.66666666666667,8.68686868686869,17.8211754816851
-6.26262626262626,8.68686868686869,13.3595347280274
-5.85858585858586,8.68686868686869,9.55942107972448
-5.45454545454546,8.68686868686869,6.39329648331953
-5.05050505050505,8.68686868686869,3.86729316747274
-4.64646464646465,8.68686868686869,1.94476891704646
-4.24242424242424,8.68686868686869,0.664649813411919
-3.83838383838384,8.68686868686869,0.049427923291082
-3.43434343434344,8.68686868686869,0.159121599433234
-3.03030303030303,8.68686868686869,1.04203063932967
-2.62626262626263,8.68686868686869,2.73307657813598
-2.22222222222222,8.68686868686869,5.24693538001046
-1.81818181818182,8.68686868686869,8.53841300039688
-1.41414141414142,8.68686868686869,12.523951562367
-1.01010101010101,8.68686868686869,17.2925694717468
-0.606060606060606,8.68686868686869,22.9967644117319
-0.202020202020201,8.68686868686869,29.6228951340093
0.202020202020201,8.68686868686869,36.9621154205804
0.606060606060606,8.68686868686869,44.9386880675777
1.01010101010101,8.68686868686869,53.7046392722384
1.41414141414142,8.68686868686869,60.484942076359
1.81818181818182,8.68686868686869,71.6022813615233
2.22222222222222,8.68686868686869,84.0528428737394
2.62626262626263,8.68686868686869,98.0308431206435
3.03030303030303,8.68686868686869,113.481533132048
3.43434343434343,8.68686868686869,129.98230483587
3.83838383838384,8.68686868686869,147.398090464022
4.24242424242424,8.68686868686869,166.06332099518
4.64646464646465,8.68686868686869,185.966735013417
5.05050505050505,8.68686868686869,207.281805571738
5.45454545454545,8.68686868686869,229.892572936892
5.85858585858586,8.68686868686869,254.112992149614
6.26262626262626,8.68686868686869,280.146056649245
6.66666666666667,8.68686868686869,307.630092869705
7.07070707070707,8.68686868686869,336.415710824509
7.47474747474747,8.68686868686869,368.28101612321
7.87878787878788,8.68686868686869,403.292964689817
8.28282828282828,8.68686868686869,441.355760474105
8.68686868686869,8.68686868686869,483.011223870182
9.09090909090909,8.68686868686869,527.378185992961
9.4949494949495,8.68686868686869,573.392247769462
9.8989898989899,8.68686868686869,620.006094150357
10.3030303030303,8.68686868686869,666.095530389254
10.7070707070707,8.68686868686869,711.475410108112
11.1111111111111,8.68686868686869,757.673492910858
11.5151515151515,8.68686868686869,804.75804348725
11.9191919191919,8.68686868686869,853.138481366447
12.3232323232323,8.68686868686869,902.359150441053
12.7272727272727,8.68686868686869,952.827665420255
13.1313131313131,8.68686868686869,1004.3893662059
13.5353535353535,8.68686868686869,1057.01099780137
13.9393939393939,8.68686868686869,1111.08547814451
14.3434343434343,8.68686868686869,1166.12660616643
14.7474747474747,8.68686868686869,1222.32704329674
15.1515151515151,8.68686868686869,1279.44204763036
15.5555555555556,8.68686868686869,1337.52211383208
15.959595959596,8.68686868686869,1396.35189998892
16.3636363636364,8.68686868686869,1456.45156637734
16.7676767676768,8.68686868686869,1517.77230632251
17.1717171717172,8.68686868686869,1580.23340846113
17.5757575757576,8.68686868686869,1643.69412679367
17.979797979798,8.68686868686869,1708.2291334519
18.3838383838384,8.68686868686869,1774.00257855533
18.7878787878788,8.68686868686869,1840.95039396067
19.1919191919192,8.68686868686869,1909.17350455041
19.5959595959596,8.68686868686869,1979.11061866849
20,8.68686868686869,2050.47815609912
-20,9.09090909090909,417.536874611169
-19.5959595959596,9.09090909090909,396.326732074651
-19.1919191919192,9.09090909090909,375.81296788845
-18.7878787878788,9.09090909090909,356.007449427079
-18.3838383838384,9.09090909090909,336.850394470857
-17.979797979798,9.09090909090909,318.20849000671
-17.5757575757576,9.09090909090909,300.172021953926
-17.1717171717172,9.09090909090909,282.669468566231
-16.7676767676768,9.09090909090909,265.966727457934
-16.3636363636364,9.09090909090909,249.929921064928
-15.959595959596,9.09090909090909,234.476172604027
-15.5555555555556,9.09090909090909,219.880372894815
-15.1515151515152,9.09090909090909,206.075359402915
-14.7474747474747,9.09090909090909,192.6539900968
-14.3434343434343,9.09090909090909,179.912138107454
-13.9393939393939,9.09090909090909,167.523476467834
-13.5353535353535,9.09090909090909,155.558218569007
-13.1313131313131,9.09090909090909,143.990075780313
-12.7272727272727,9.09090909090909,132.783488406999
-12.3232323232323,9.09090909090909,122.183479692916
-11.9191919191919,9.09090909090909,111.936123875723
-11.5151515151515,9.09090909090909,101.980254295868
-11.1111111111111,9.09090909090909,92.5136919124008
-10.7070707070707,9.09090909090909,83.4058497842984
-10.3030303030303,9.09090909090909,74.8652620874377
-9.8989898989899,9.09090909090909,66.721398408472
-9.4949494949495,9.09090909090909,58.7865625857875
-9.09090909090909,9.09090909090909,51.3954573580099
-8.68686868686869,9.09090909090909,44.2513477786515
-8.28282828282828,9.09090909090909,37.600861018931
-7.87878787878788,9.09090909090909,31.3948013325895
-7.47474747474748,9.09090909090909,25.7860497980783
-7.07070707070707,9.09090909090909,20.6133003594432
-6.66666666666667,9.09090909090909,15.7677208189693
-6.26262626262626,9.09090909090909,11.6045330276151
-5.85858585858586,9.09090909090909,8.08514265610801
-5.45454545454546,9.09090909090909,5.22326809130212
-5.05050505050505,9.09090909090909,2.93451181083672
-4.64646464646465,9.09090909090909,1.30798372409533
-4.24242424242424,9.09090909090909,0.31032921826588
-3.83838383838384,9.09090909090909,0.00222151480183709
-3.43434343434344,9.09090909090909,0.451390838662471
-3.03030303030303,9.09090909090909,1.67952233330238
-2.62626262626263,9.09090909090909,3.72488131156065
-2.22222222222222,9.09090909090909,6.60018661530763
-1.81818181818182,9.09090909090909,10.2114670672797
-1.41414141414142,9.09090909090909,14.5127540543812
-1.01010101010101,9.09090909090909,19.6592491329752
-0.606060606060606,9.09090909090909,25.7005319682137
-0.202020202020201,9.09090909090909,32.6851315831752
0.202020202020201,9.09090909090909,40.382729594554
0.606060606060606,9.09090909090909,48.7026300146592
1.01010101010101,9.09090909090909,57.8172728434132
1.41414141414142,9.09090909090909,64.7940610055055
1.81818181818182,9.09090909090909,76.0618270794601
2.22222222222222,9.09090909090909,88.8477641388653
2.62626262626263,9.09090909090909,102.863092119899
3.03030303030303,9.09090909090909,118.724105832307
3.43434343434343,9.09090909090909,135.672302932267
3.83838383838384,9.09090909090909,153.512679441961
4.24242424242424,9.09090909090909,172.38305822399
4.64646464646465,9.09090909090909,192.662905641867
5.05050505050505,9.09090909090909,214.2095599022
5.45454545454545,9.09090909090909,237.064363535385
5.85858585858586,9.09090909090909,261.287033918103
6.26262626262626,9.09090909090909,287.316626875404
6.66666666666667,9.09090909090909,315.075370591286
7.07070707070707,9.09090909090909,344.161991277883
7.47474747474747,9.09090909090909,374.696348276676
7.87878787878788,9.09090909090909,408.568509988615
8.28282828282828,9.09090909090909,445.65081493593
8.68686868686869,9.09090909090909,485.720450720168
9.09090909090909,9.09090909090909,529.398412664195
9.4949494949495,9.09090909090909,575.788173743594
9.8989898989899,9.09090909090909,623.959410204226
10.3030303030303,9.09090909090909,672.609859800281
10.7070707070707,9.09090909090909,720.9023511336
11.1111111111111,9.09090909090909,768.571799325879
11.5151515151515,9.09090909090909,816.526535100566
11.9191919191919,9.09090909090909,865.595222105949
12.3232323232323,9.09090909090909,915.850823968403
12.7272727272727,9.09090909090909,966.982975119963
13.1313131313131,9.09090909090909,1019.21861693858
13.5353535353535,9.09090909090909,1072.74879066059
13.9393939393939,9.09090909090909,1127.13711504639
14.3434343434343,9.09090909090909,1182.95584391661
14.7474747474747,9.09090909090909,1239.94216948648
15.1515151515151,9.09090909090909,1297.95590275557
15.5555555555556,9.09090909090909,1357.21105910982
15.959595959596,9.09090909090909,1417.09423023212
16.3636363636364,9.09090909090909,1478.12434075466
16.7676767676768,9.09090909090909,1539.86680973001
17.1717171717172,9.09090909090909,1602.96143370398
17.5757575757576,9.09090909090909,1667.23967954363
17.979797979798,9.09090909090909,1732.6592157501
18.3838383838384,9.09090909090909,1799.07292767867
18.7878787878788,9.09090909090909,1866.55732275655
19.1919191919192,9.09090909090909,1935.28454908497
19.5959595959596,9.09090909090909,2005.18561304499
20,9.09090909090909,2076.32155372001
-20,9.4949494949495,407.094220660795
-19.5959595959596,9.4949494949495,386.45782588842
-19.1919191919192,9.4949494949495,366.484427322761
-18.7878787878788,9.4949494949495,347.034705365635
-18.3838383838384,9.4949494949495,328.165496356125
-17.979797979798,9.4949494949495,309.793697706889
-17.5757575757576,9.4949494949495,292.286393078954
-17.1717171717172,9.4949494949495,275.404428522984
-16.7676767676768,9.4949494949495,259.149993188383
-16.3636363636364,9.4949494949495,243.66715868316
-15.959595959596,9.4949494949495,228.944215570251
-15.5555555555556,9.4949494949495,214.861895490333
-15.1515151515152,9.4949494949495,201.257512095682
-14.7474747474747,9.4949494949495,188.224391481254
-14.3434343434343,9.4949494949495,175.509694746176
-13.9393939393939,9.4949494949495,163.271904360149
-13.5353535353535,9.4949494949495,151.361506250142
-13.1313131313131,9.4949494949495,139.892999301284
-12.7272727272727,9.4949494949495,129.023341145972
-12.3232323232323,9.4949494949495,118.435304786153
-11.9191919191919,9.4949494949495,108.189895494777
-11.5151515151515,9.4949494949495,98.4141667422305
-11.1111111111111,9.4949494949495,89.0128336557966
-10.7070707070707,9.4949494949495,80.1900320267323
-10.3030303030303,9.4949494949495,71.7506205633838
-9.8989898989899,9.4949494949495,63.5126865046464
-9.4949494949495,9.4949494949495,55.8221053993137
-9.09090909090909,9.4949494949495,48.3915117120151
-8.68686868686869,9.4949494949495,41.4384397639143
-8.28282828282828,9.4949494949495,34.93341782214
-7.87878787878788,9.4949494949495,28.9758654563275
-7.47474747474748,9.4949494949495,23.5644985707903
-7.07070707070707,9.4949494949495,18.3739279128006
-6.66666666666667,9.4949494949495,13.8589108246396
-6.26262626262626,9.4949494949495,9.98536335311945
-5.85858585858586,9.4949494949495,6.74450447560766
-5.45454545454546,9.4949494949495,4.13867789328112
-5.05050505050505,9.4949494949495,2.13819881318102
-4.64646464646465,9.4949494949495,0.78310085100185
-4.24242424242424,9.4949494949495,0.0872319957973236
-3.83838383838384,9.4949494949495,0.101858288674887
-3.43434343434344,9.4949494949495,0.890814154689481
-3.03030303030303,9.4949494949495,2.46024579305614
-2.62626262626263,9.4949494949495,4.86122394419854
-2.22222222222222,9.4949494949495,8.09865782403737
-1.81818181818182,9.4949494949495,12.0298389463198
-1.41414141414142,9.4949494949495,16.6542725866895
-1.01010101010101,9.4949494949495,22.1757562959442
-0.606060606060606,9.4949494949495,28.5545184819515
-0.202020202020201,9.4949494949495,35.8979922462634
0.202020202020201,9.4949494949495,43.9556445827775
0.606060606060606,9.4949494949495,52.6289327083124
1.01010101010101,9.4949494949495,62.0854233102393
1.41414141414142,9.4949494949495,69.2643618149743
1.81818181818182,9.4949494949495,80.6610521860369
2.22222222222222,9.4949494949495,93.780727365944
2.62626262626263,9.4949494949495,107.991292753377
3.03030303030303,9.4949494949495,124.138795189228
3.43434343434343,9.4949494949495,141.464178290291
3.83838383838384,9.4949494949495,159.757437763523
4.24242424242424,9.4949494949495,178.993528866017
4.64646464646465,9.4949494949495,199.515359878958
5.05050505050505,9.4949494949495,221.264210931465
5.45454545454545,9.4949494949495,244.432541296616
5.85858585858586,9.4949494949495,268.903502823399
6.26262626262626,9.4949494949495,294.778255404656
6.66666666666667,9.4949494949495,322.553419699664
7.07070707070707,9.4949494949495,352.039814701597
7.47474747474747,9.4949494949495,382.739099064627
7.87878787878788,9.4949494949495,415.120733968253
8.28282828282828,9.4949494949495,450.977831215656
8.68686868686869,9.4949494949495,490.123501594064
9.09090909090909,9.4949494949495,532.211252231258
9.4949494949495,9.4949494949495,577.911472076682
9.8989898989899,9.4949494949495,626.324026554429
10.3030303030303,9.4949494949495,676.662012245429
10.7070707070707,9.4949494949495,727.290440353151
11.1111111111111,9.4949494949495,777.858777133388
11.5151515151515,9.4949494949495,827.833333939825
11.9191919191919,9.4949494949495,877.615093835337
12.3232323232323,9.4949494949495,928.649048428385
12.7272727272727,9.4949494949495,980.674184402434
13.1313131313131,9.4949494949495,1033.78339848372
13.5353535353535,9.4949494949495,1087.84431475863
13.9393939393939,9.4949494949495,1143.18288414129
14.3434343434343,9.4949494949495,1199.56237618675
14.7474747474747,9.4949494949495,1257.00320140267
15.1515151515151,9.4949494949495,1315.95974360192
15.5555555555556,9.4949494949495,1375.85446743941
15.959595959596,9.4949494949495,1436.84201123303
16.3636363636364,9.4949494949495,1499.01267372884
16.7676767676768,9.4949494949495,1561.79652808531
17.1717171717172,9.4949494949495,1625.6708570331
17.5757575757576,9.4949494949495,1690.40683169116
17.979797979798,9.4949494949495,1756.49110630352
18.3838383838384,9.4949494949495,1823.72452517306
18.7878787878788,9.4949494949495,1892.1011685641
19.1919191919192,9.4949494949495,1961.46379716903
19.5959595959596,9.4949494949495,2031.89963006669
20,9.4949494949495,2103.58037194739
-20,9.8989898989899,397.367679534961
-19.5959595959596,9.8989898989899,377.110304409901
-19.1919191919192,9.8989898989899,357.409558347968
-18.7878787878788,9.8989898989899,338.264808216412
-18.3838383838384,9.8989898989899,319.845649955272
-17.979797979798,9.8989898989899,302.130388675122
-17.5757575757576,9.8989898989899,285.059673018429
-17.1717171717172,9.8989898989899,268.675703879594
-16.7676767676768,9.8989898989899,253.035621278463
-16.3636363636364,9.8989898989899,238.280143448241
-15.959595959596,9.8989898989899,223.816478890042
-15.5555555555556,9.8989898989899,210.076087219616
-15.1515151515152,9.8989898989899,196.683424676201
-14.7474747474747,9.8989898989899,183.681840990047
-14.3434343434343,9.8989898989899,171.143843295871
-13.9393939393939,9.8989898989899,158.916726280947
-13.5353535353535,9.8989898989899,147.210470935704
-13.1313131313131,9.8989898989899,136.041085808696
-12.7272727272727,9.8989898989899,125.113523180923
-12.3232323232323,9.8989898989899,114.580922099425
-11.9191919191919,9.8989898989899,104.498691957202
-11.5151515151515,9.8989898989899,94.8005125734879
-11.1111111111111,9.8989898989899,85.6957279955856
-10.7070707070707,9.8989898989899,76.9626534108358
-10.3030303030303,9.8989898989899,68.4229661712827
-9.8989898989899,9.8989898989899,60.4315258900047
-9.4949494949495,9.8989898989899,52.7367199702754
-9.09090909090909,9.8989898989899,45.4614247802921
-8.68686868686869,9.8989898989899,38.6536314504863
-8.28282828282828,9.8989898989899,32.3608368474813
-7.87878787878788,9.8989898989899,26.6637189529582
-7.47474747474748,9.8989898989899,21.2079851948815
-7.07070707070707,9.8989898989899,16.3110919553837
-6.66666666666667,9.8989898989899,12.0783446149738
-6.26262626262626,9.8989898989899,8.47460067386696
-5.85858585858586,9.8989898989899,5.54223250593146
-5.45454545454546,9.8989898989899,3.17141318548521
-5.05050505050505,9.8989898989899,1.47031878363786
-4.64646464646465,9.8989898989899,0.391968811557419
-4.24242424242424,9.8989898989899,0.000894921245132636
-3.83838383838384,9.8989898989899,0.352213664173318
-3.43434343434344,9.8989898989899,1.4781769503859
-3.03030303030303,9.8989898989899,3.40038773483143
-2.62626262626263,9.8989898989899,6.15193800211373
-2.22222222222222,9.8989898989899,9.74643639456516
-1.81818181818182,9.8989898989899,13.9974949159254
-1.41414141414142,9.8989898989899,18.9469383303492
-1.01010101010101,9.8989898989899,24.8406630510718
-0.606060606060606,9.8989898989899,31.5587430304385
-0.202020202020201,9.8989898989899,39.2614519555729
0.202020202020201,9.8989898989899,47.677890038012
0.606060606060606,9.8989898989899,56.7158568197186
1.01010101010101,9.8989898989899,66.4998615063292
1.41414141414142,9.8989898989899,73.8967391687045
1.81818181818182,9.8989898989899,85.4370367140461
2.22222222222222,9.8989898989899,98.8541269923709
2.62626262626263,9.8989898989899,113.422759183251
3.03030303030303,9.8989898989899,129.636257884385
3.43434343434343,9.8989898989899,147.295246504105
3.83838383838384,9.8989898989899,166.075856600601
4.24242424242424,9.8989898989899,185.728945592483
4.64646464646465,9.8989898989899,206.432605507452
5.05050505050505,9.8989898989899,228.573710958048
5.45454545454545,9.8989898989899,251.945750367454
5.85858585858586,9.8989898989899,276.66327358974
6.26262626262626,9.8989898989899,302.719836025829
6.66666666666667,9.8989898989899,330.42732817726
7.07070707070707,9.8989898989899,359.974935681427
7.47474747474747,9.8989898989899,391.048051114012
7.87878787878788,9.8989898989899,423.313944995558
8.28282828282828,9.8989898989899,457.77045443344
8.68686868686869,9.8989898989899,495.530374478362
9.09090909090909,9.8989898989899,536.710859681703
9.4949494949495,9.8989898989899,580.841559570307
9.8989898989899,9.8989898989899,628.55118024677
10.3030303030303,9.8989898989899,678.985107606597
10.7070707070707,9.8989898989899,731.500130131392
11.1111111111111,9.8989898989899,784.108425952581
11.5151515151515,9.8989898989899,836.971854307656
11.9191919191919,9.8989898989899,889.264697366726
12.3232323232323,9.8989898989899,940.909132800598
12.7272727272727,9.8989898989899,993.941783469159
13.1313131313131,9.8989898989899,1047.71966280417
13.5353535353535,9.8989898989899,1102.8314593445
13.9393939393939,9.8989898989899,1158.69946803537
14.3434343434343,9.8989898989899,1215.80443807828
14.7474747474747,9.8989898989899,1274.18843406867
15.1515151515151,9.8989898989899,1333.37876150657
15.5555555555556,9.8989898989899,1394.01568040309
15.959595959596,9.8989898989899,1455.88210471712
16.3636363636364,9.8989898989899,1518.7444056906
16.7676767676768,9.8989898989899,1582.78627726119
17.1717171717172,9.8989898989899,1647.71272222377
17.5757575757576,9.8989898989899,1713.52538940768
17.979797979798,9.8989898989899,1780.23596965942
18.3838383838384,9.8989898989899,1847.96659197783
18.7878787878788,9.8989898989899,1917.04087534025
19.1919191919192,9.8989898989899,1987.22913820054
19.5959595959596,9.8989898989899,2058.56160425307
20,9.8989898989899,2130.87115140976
-20,10.3030303030303,387.899601826671
-19.5959595959596,10.3030303030303,367.987195879261
-19.1919191919192,10.3030303030303,348.65812623504
-18.7878787878788,10.3030303030303,330.106671569523
-18.3838383838384,10.3030303030303,312.239397742689
-17.979797979798,10.3030303030303,294.933997984643
-17.5757575757576,10.3030303030303,278.507809071427
-17.1717171717172,10.3030303030303,262.833745727186
-16.7676767676768,10.3030303030303,247.705396039084
-16.3636363636364,10.3030303030303,233.092372148701
-15.959595959596,10.3030303030303,219.071775352685
-15.5555555555556,10.3030303030303,205.328956558576
-15.1515151515152,10.3030303030303,192.063993529038
-14.7474747474747,10.3030303030303,179.172078708973
-14.3434343434343,10.3030303030303,166.649416835461
-13.9393939393939,10.3030303030303,154.714712180777
-13.5353535353535,10.3030303030303,143.236421356223
-13.1313131313131,10.3030303030303,131.962033916675
-12.7272727272727,10.3030303030303,121.15859144457
-12.3232323232323,10.3030303030303,110.75643421487
-11.9191919191919,10.3030303030303,100.77058657356
-11.5151515151515,10.3030303030303,91.3841519245214
-11.1111111111111,10.3030303030303,82.3574112618027
-10.7070707070707,10.3030303030303,73.5161542996926
-10.3030303030303,10.3030303030303,65.2238419786098
-9.8989898989899,10.3030303030303,57.2710114379795
-9.4949494949495,10.3030303030303,49.6538088938876
-9.09090909090909,10.3030303030303,42.5450457593887
-8.68686868686869,10.3030303030303,35.9283029843147
-8.28282828282828,10.3030303030303,29.9147987349239
-7.87878787878788,10.3030303030303,24.2510560928944
-7.47474747474748,10.3030303030303,18.9652393520984
-7.07070707070707,10.3030303030303,14.3627038301254
-6.66666666666667,10.3030303030303,10.4188531196984
-6.26262626262626,10.3030303030303,7.10621568870904
-5.85858585858586,10.3030303030303,4.41926360329529
-5.45454545454546,10.3030303030303,2.34101287684106
-5.05050505050505,10.3030303030303,0.910841007144502
-4.64646464646465,10.3030303030303,0.135215959198132
-4.24242424242424,10.3030303030303,0.0582732609920657
-3.83838383838384,10.3030303030303,0.750996620581053
-3.43434343434344,10.3030303030303,2.2161751943195
-3.03030303030303,10.3030303030303,4.50076981379192
-2.62626262626263,10.3030303030303,7.60211032620894
-2.22222222222222,10.3030303030303,11.532106787356
-1.81818181818182,10.3030303030303,16.1141065534034
-1.41414141414142,10.3030303030303,21.3926725448554
-1.01010101010101,10.3030303030303,27.6567090536005
-0.606060606060606,10.3030303030303,34.7132063978067
-0.202020202020201,10.3030303030303,42.7754865469187
0.202020202020201,10.3030303030303,51.5509747033416
0.606060606060606,10.3030303030303,60.9665199951215
1.01010101010101,10.3030303030303,71.0623904719786
1.41414141414142,10.3030303030303,78.6785417372118
1.81818181818182,10.3030303030303,90.4449866691414
2.22222222222222,10.3030303030303,104.080391616601
2.62626262626263,10.3030303030303,118.972358736976
3.03030303030303,10.3030303030303,135.184379259892
3.43434343434343,10.3030303030303,153.283321172981
3.83838383838384,10.3030303030303,172.485497190125
4.24242424242424,10.3030303030303,192.600615982579
4.64646464646465,10.3030303030303,213.654535779883
5.05050505050505,10.3030303030303,236.034752318437
5.45454545454545,10.3030303030303,259.631322045686
5.85858585858586,10.3030303030303,284.67841136892
6.26262626262626,10.3030303030303,310.926508000811
6.66666666666667,10.3030303030303,338.61368935981
7.07070707070707,10.3030303030303,368.145376938662
7.47474747474747,10.3030303030303,399.415426721064
7.87878787878788,10.3030303030303,432.106063493311
8.28282828282828,10.3030303030303,465.943564193867
8.68686868686869,10.3030303030303,502.54916696008
9.09090909090909,10.3030303030303,542.182786605481
9.4949494949495,10.3030303030303,585.412969728802
9.8989898989899,10.3030303030303,631.599598227434
10.3030303030303,10.3030303030303,681.317859489643
10.7070707070707,10.3030303030303,733.771393305214
11.1111111111111,10.3030303030303,788.428562290508
11.5151515151515,10.3030303030303,843.062902543284
11.9191919191919,10.3030303030303,898.208870819895
12.3232323232323,10.3030303030303,952.801995718324
12.7272727272727,10.3030303030303,1006.48751896353
13.1313131313131,10.3030303030303,1061.32939166827
13.5353535353535,10.3030303030303,1116.97877349284
13.9393939393939,10.3030303030303,1173.97138065453
14.3434343434343,10.3030303030303,1231.76368134906
14.7474747474747,10.3030303030303,1290.6536836387
15.1515151515151,10.3030303030303,1350.86211407757
15.5555555555556,10.3030303030303,1412.05284704059
15.959595959596,10.3030303030303,1474.31360594594
16.3636363636364,10.3030303030303,1538.12607232337
16.7676767676768,10.3030303030303,1602.87101938876
17.1717171717172,10.3030303030303,1668.69106598891
17.5757575757576,10.3030303030303,1735.7893795605
17.979797979798,10.3030303030303,1803.44553555597
18.3838383838384,10.3030303030303,1872.28816596883
18.7878787878788,10.3030303030303,1941.81808339613
19.1919191919192,10.3030303030303,2012.54613346932
19.5959595959596,10.3030303030303,2084.60760576104
20,10.3030303030303,2157.75054342473
-20,10.7070707070707,378.720864975865
-19.5959595959596,10.7070707070707,359.348257800601
-19.1919191919192,10.7070707070707,340.638747088146
-18.7878787878788,10.7070707070707,322.533799703556
-18.3838383838384,10.7070707070707,305.202188764228
-17.979797979798,10.7070707070707,288.566330156813
-17.5757575757576,10.7070707070707,272.81934154915
-17.1717171717172,10.7070707070707,257.314010845702
-16.7676767676768,10.7070707070707,242.576590715886
-16.3636363636364,10.7070707070707,228.181680198405
-15.959595959596,10.7070707070707,214.160549254203
-15.5555555555556,10.7070707070707,200.624783646077
-15.1515151515152,10.7070707070707,187.384165741049
-14.7474747474747,10.7070707070707,174.571038198866
-14.3434343434343,10.7070707070707,162.410456097714
-13.9393939393939,10.7070707070707,150.586201664687
-13.5353535353535,10.7070707070707,138.97937271793
-13.1313131313131,10.7070707070707,127.921058112499
-12.7272727272727,10.7070707070707,117.196135509393
-12.3232323232323,10.7070707070707,106.933282609812
-11.9191919191919,10.7070707070707,97.2553362439178
-11.5151515151515,10.7070707070707,87.9348225727143
-11.1111111111111,10.7070707070707,78.7921596863943
-10.7070707070707,10.7070707070707,70.198533223485
-10.3030303030303,10.7070707070707,61.9936806295527
-9.8989898989899,10.7070707070707,54.0304602429903
-9.4949494949495,10.7070707070707,46.6208933566873
-9.09090909090909,10.7070707070707,39.6791812250892
-8.68686868686869,10.7070707070707,33.3356408240697
-8.28282828282828,10.7070707070707,27.4716106548488
-7.87878787878788,10.7070707070707,21.8152645360172
-7.47474747474748,10.7070707070707,16.8643354506448
-7.07070707070707,10.7070707070707,12.5589122914656
-6.66666666666667,10.7070707070707,8.87408938908688
-6.26262626262626,10.7070707070707,5.87046280910912
-5.85858585858586,10.7070707070707,3.41763838611434
-5.45454545454546,10.7070707070707,1.64056175662051
-5.05050505050505,10.7070707070707,0.483131487600957
-4.64646464646465,10.7070707070707,0.010719907099267
-4.24242424242424,10.7070707070707,0.263534820600971
-3.83838383838384,10.7070707070707,1.29621444780632
-3.43434343434344,10.7070707070707,3.10926739161887
-3.03030303030303,10.7070707070707,5.75188763884784
-2.62626262626263,10.7070707070707,9.21280218781003
-2.22222222222222,10.7070707070707,13.4695627879804
-1.81818181818182,10.7070707070707,18.3778398930297
-1.41414141414142,10.7070707070707,23.9971762158974
-1.01010101010101,10.7070707070707,30.6238104213336
-0.606060606060606,10.7070707070707,38.0179093681899
-0.202020202020201,10.7070707070707,46.4400806670947
0.202020202020201,10.7070707070707,55.5753261390679
0.606060606060606,10.7070707070707,65.3463104127434
1.01010101010101,10.7070707070707,75.7762865333417
1.41414141414142,10.7070707070707,83.6122339727508
1.81818181818182,10.7070707070707,95.6494050601583
2.22222222222222,10.7070707070707,109.442929079394
2.62626262626263,10.7070707070707,124.672411728521
3.03030303030303,10.7070707070707,140.983399833839
3.43434343434343,10.7070707070707,159.428461195582
3.83838383838384,10.7070707070707,178.968343363396
4.24242424242424,10.7070707070707,199.544349750885
4.64646464646465,10.7070707070707,221.012001506593
5.05050505050505,10.7070707070707,243.5491143418
5.45454545454545,10.7070707070707,267.551527848113
5.85858585858586,10.7070707070707,292.750168004165
6.26262626262626,10.7070707070707,319.339798513443
6.66666666666667,10.7070707070707,347.283285983525
7.07070707070707,10.7070707070707,376.590848472721
7.47474747474747,10.7070707070707,407.8723783974
7.87878787878788,10.7070707070707,440.920061578396
8.28282828282828,10.7070707070707,475.212613982562
8.68686868686869,10.7070707070707,510.737609193681
9.09090909090909,10.7070707070707,549.435599323743
9.4949494949495,10.7070707070707,591.0281070628
9.8989898989899,10.7070707070707,636.269860045285
10.3030303030303,10.7070707070707,684.48322071398
10.7070707070707,10.7070707070707,736.21032674812
11.1111111111111,10.7070707070707,790.683396384531
11.5151515151515,10.7070707070707,847.411577513176
11.9191919191919,10.7070707070707,904.15430528671
12.3232323232323,10.7070707070707,961.58061390638
12.7272727272727,10.7070707070707,1018.44031594482
13.1313131313131,10.7070707070707,1074.27687759522
13.5353535353535,10.7070707070707,1130.79058687872
13.9393939393939,10.7070707070707,1188.45438351011
14.3434343434343,10.7070707070707,1247.2152851823
14.7474747474747,10.7070707070707,1307.0309984944
15.1515151515151,10.7070707070707,1367.73861751482
15.5555555555556,10.7070707070707,1429.71521062317
15.959595959596,10.7070707070707,1492.94830255806
16.3636363636364,10.7070707070707,1556.93755344964
16.7676767676768,10.7070707070707,1622.38473874336
17.1717171717172,10.7070707070707,1689.14639011645
17.5757575757576,10.7070707070707,1756.86523587558
17.979797979798,10.7070707070707,1825.69558030822
18.3838383838384,10.7070707070707,1895.71691080137
18.7878787878788,10.7070707070707,1966.23302263081
19.1919191919192,10.7070707070707,2038.03922048883
19.5959595959596,10.7070707070707,2110.42092499848
20,10.7070707070707,2184.15013430862
-20,11.1111111111111,370.282751234393
-19.5959595959596,11.1111111111111,351.367455246628
-19.1919191919192,11.1111111111111,333.117827788072
-18.7878787878788,11.1111111111111,315.675696502033
-18.3838383838384,11.1111111111111,299.05948014233
-17.979797979798,11.1111111111111,282.883690155237
-17.5757575757576,11.1111111111111,267.263432250663
-17.1717171717172,11.1111111111111,252.241418700207
-16.7676767676768,11.1111111111111,237.486712612911
-16.3636363636364,11.1111111111111,223.190576382299
-15.959595959596,11.1111111111111,209.326717090372
-15.5555555555556,11.1111111111111,195.780280793888
-15.1515151515152,11.1111111111111,182.740140725075
-14.7474747474747,11.1111111111111,170.282254263187
-14.3434343434343,11.1111111111111,158.098443608678
-13.9393939393939,11.1111111111111,146.210384592169
-13.5353535353535,11.1111111111111,134.866272334578
-13.1313131313131,11.1111111111111,123.817880735685
-12.7272727272727,11.1111111111111,113.278605819931
-12.3232323232323,11.1111111111111,103.309279223965
-11.9191919191919,11.1111111111111,93.6950096622249
-11.5151515151515,11.1111111111111,84.2509123024612
-11.1111111111111,11.1111111111111,75.3560213382437
-10.7070707070707,11.1111111111111,66.8971297856756
-10.3030303030303,11.1111111111111,58.595427674111
-9.8989898989899,11.1111111111111,50.8831758984386
-9.4949494949495,11.1111111111111,43.6213816979324
-9.09090909090909,11.1111111111111,36.9510570600936
-8.68686868686869,11.1111111111111,30.8307397821904
-8.28282828282828,11.1111111111111,24.8886673244287
-7.87878787878788,11.1111111111111,19.560577468578
-7.47474747474748,11.1111111111111,14.8898559326088
-7.07070707070707,11.1111111111111,10.859549884436
-6.66666666666667,11.1111111111111,7.47812565815142
-6.26262626262626,11.1111111111111,4.70906080670872
-5.85858585858586,11.1111111111111,2.55301371993748
-5.45454545454546,11.1111111111111,1.04822621094804
-5.05050505050505,11.1111111111111,0.19136699815586
-4.64646464646465,11.1111111111111,0.0268298477870095
-4.24242424242424,11.1111111111111,0.621024360367327
-3.83838383838384,11.1111111111111,1.98947502113744
-3.43434343434344,11.1111111111111,4.14648873316759
-3.03030303030303,11.1111111111111,7.14700904709092
-2.62626262626263,11.1111111111111,10.9807487110829
-2.22222222222222,11.1111111111111,15.5475907056201
-1.81818181818182,11.1111111111111,20.7934220775559
-1.41414141414142,11.1111111111111,26.751320542465
-1.01010101010101,11.1111111111111,33.7398732866202
-0.606060606060606,11.1111111111111,41.4728343009032
-0.202020202020201,11.1111111111111,50.2552777156028
0.202020202020201,11.1111111111111,59.750867189312
0.606060606060606,11.1111111111111,69.8668675377578
1.01010101010101,11.1111111111111,80.6415668185324
1.41414141414142,11.1111111111111,88.7105872760249
1.81818181818182,11.1111111111111,101.048287298224
2.22222222222222,11.1111111111111,114.940063140392
2.62626262626263,11.1111111111111,130.508384698441
3.03030303030303,11.1111111111111,147.183992272173
3.43434343434343,11.1111111111111,165.649641402258
3.83838383838384,11.1111111111111,185.511986700425
4.24242424242424,11.1111111111111,206.568553372053
4.64646464646465,11.1111111111111,228.492860437239
5.05050505050505,11.1111111111111,251.381317712048
5.45454545454545,11.1111111111111,275.621762044267
5.85858585858586,11.1111111111111,301.067327420893
6.26262626262626,11.1111111111111,327.971644020622
6.66666666666667,11.1111111111111,356.064124486832
7.07070707070707,11.1111111111111,385.554137778897
7.47474747474747,11.1111111111111,416.751709296739
7.87878787878788,11.1111111111111,449.774343196011
8.28282828282828,11.1111111111111,484.461695105861
8.68686868686869,11.1111111111111,520.368828180944
9.09090909090909,11.1111111111111,557.665338678606
9.4949494949495,11.1111111111111,598.41212199722
9.8989898989899,11.1111111111111,642.065834216182
10.3030303030303,11.1111111111111,689.25718572704
10.7070707070707,11.1111111111111,739.492184163126
11.1111111111111,11.1111111111111,793.229466365018
11.5151515151515,11.1111111111111,849.720818641961
11.9191919191919,11.1111111111111,908.521098104402
12.3232323232323,11.1111111111111,967.38206460211
12.7272727272727,11.1111111111111,1027.10282049867
13.1313131313131,11.1111111111111,1086.06873859281
13.5353535353535,11.1111111111111,1144.14113851763
13.9393939393939,11.1111111111111,1202.48508297112
14.3434343434343,11.1111111111111,1262.15570847827
14.7474747474747,11.1111111111111,1322.68401756588
15.1515151515151,11.1111111111111,1384.53024658483
15.5555555555556,11.1111111111111,1447.04588943634
15.959595959596,11.1111111111111,1510.78830853624
16.3636363636364,11.1111111111111,1575.86791287705
16.7676767676768,11.1111111111111,1641.86071141682
17.1717171717172,11.1111111111111,1708.94090385874
17.5757575757576,11.1111111111111,1777.58670521727
17.979797979798,11.1111111111111,1847.20151186615
18.3838383838384,11.1111111111111,1917.87374147068
18.7878787878788,11.1111111111111,1989.75896961506
19.1919191919192,11.1111111111111,2062.50239888951
19.5959595959596,11.1111111111111,2136.0485684836
20,11.1111111111111,2210.68046757735
-20,11.5151515151515,362.320958962542
-19.5959595959596,11.5151515151515,344.056031632155
-19.1919191919192,11.5151515151515,326.469932024247
-18.7878787878788,11.5151515151515,309.685138081704
-18.3838383838384,11.5151515151515,293.146396206263
-17.979797979798,11.5151515151515,277.412822621042
-17.5757575757576,11.5151515151515,262.018187411315
-17.1717171717172,11.5151515151515,246.977457880116
-16.7676767676768,11.5151515151515,232.41410391943
-16.3636363636364,11.5151515151515,218.195437625747
-15.959595959596,11.5151515151515,204.357698967909
-15.5555555555556,11.5151515151515,191.085383499021
-15.1515151515152,11.5151515151515,178.333327478567
-14.7474747474747,11.5151515151515,165.807163424234
-14.3434343434343,11.5151515151515,153.625336275194
-13.9393939393939,11.5151515151515,141.990437362586
-13.5353535353535,11.5151515151515,130.622069180877
-13.1313131313131,11.5151515151515,119.806784235784
-12.7272727272727,11.5151515151515,109.546118876706
-12.3232323232323,11.5151515151515,99.6379396411384
-11.9191919191919,11.5151515151515,89.892531815194
-11.5151515151515,11.5151515151515,80.6966652707829
-11.1111111111111,11.5151515151515,71.9599167573336
-10.7070707070707,11.5151515151515,63.3454534850133
-10.3030303030303,11.5151515151515,55.3322232004547
-9.8989898989899,11.5151515151515,47.775151857489
-9.4949494949495,11.5151515151515,40.761285260829
-9.09090909090909,11.5151515151515,34.3391812722252
-8.68686868686869,11.5151515151515,28.1794705884072
-8.28282828282828,11.5151515151515,22.4577954439957
-7.87878787878788,11.5151515151515,17.4210812145356
-7.47474747474748,11.5151515151515,13.0456958306007
-7.07070707070707,11.5151515151515,9.28741921841641
-6.66666666666667,11.5151515151515,6.20808688506818
-6.26262626262626,11.5151515151515,3.67309216841127
-5.85858585858586,11.5151515151515,1.81794262760582
-5.45454545454546,11.5151515151515,0.58534502877005
-5.05050505050505,11.5151515151515,0.0310670886953811
-4.64646464646465,11.5151515151515,0.189802322159446
-4.24242424242424,11.5151515151515,1.12656092454045
-3.83838383838384,11.5151515151515,2.82838303162811
-3.43434343434344,11.5151515151515,5.3461626702575
-3.03030303030303,11.5151515151515,8.69372686272503
-2.62626262626263,11.5151515151515,12.897203579699
-2.22222222222222,11.5151515151515,17.7790885834129
-1.81818181818182,11.5151515151515,23.3635520494282
-1.41414141414142,11.5151515151515,29.6528158568049
-1.01010101010101,11.5151515151515,37.006930171687
-0.606060606060606,11.5151515151515,45.0779796276822
-0.202020202020201,11.5151515151515,54.2210933073266
0.202020202020201,11.5151515151515,64.0776694738905
0.606060606060606,11.5151515151515,74.5449748244928
1.01010101010101,11.5151515151515,85.6580916790487
1.41414141414142,11.5151515151515,93.9657301946781
1.81818181818182,11.5151515151515,106.614427318718
2.22222222222222,11.5151515151515,120.582300329888
2.62626262626263,11.5151515151515,136.484127253464
3.03030303030303,11.5151515151515,153.486968800123
3.43434343434343,11.5151515151515,171.914506654619
3.83838383838384,11.5151515151515,192.244887161666
4.24242424242424,11.5151515151515,213.705084437897
4.64646464646465,11.5151515151515,236.069566044797
5.05050505050505,11.5151515151515,259.361185530323
5.45454545454545,11.5151515151515,283.733765895604
5.85858585858586,11.5151515151515,309.596423433
6.26262626262626,11.5151515151515,336.622777394912
6.66666666666667,11.5151515151515,365.080893933823
7.07070707070707,11.5151515151515,394.825807808911
7.47474747474747,11.5151515151515,425.94958685194
7.87878787878788,11.5151515151515,458.979192158678
8.28282828282828,11.5151515151515,493.754059630069
8.68686868686869,11.5151515151515,530.044956109745
9.09090909090909,11.5151515151515,567.566778119598
9.4949494949495,11.5151515151515,606.655375614579
9.8989898989899,11.5151515151515,649.479819681104
10.3030303030303,11.5151515151515,695.217218857483
10.7070707070707,11.5151515151515,744.364230441045
11.1111111111111,11.5151515151515,796.627506264309
11.5151515151515,11.5151515151515,852.374745081861
11.9191919191919,11.5151515151515,910.883199554348
12.3232323232323,11.5151515151515,971.758218797966
12.7272727272727,11.5151515151515,1032.74651277497
13.1313131313131,11.5151515151515,1094.73139682878
13.5353535353535,11.5151515151515,1155.74646130693
13.9393939393939,11.5151515151515,1216.20430605116
14.3434343434343,11.5151515151515,1276.36642724585
14.7474747474747,11.5151515151515,1338.07966059036
15.1515151515151,11.5151515151515,1400.36576262944
15.5555555555556,11.5151515151515,1464.09648197012
15.959595959596,11.5151515151515,1528.56484127446
16.3636363636364,11.5151515151515,1594.09772012257
16.7676767676768,11.5151515151515,1660.94944726689
17.1717171717172,11.5151515151515,1729.0121972603
17.5757575757576,11.5151515151515,1797.8140031569
17.979797979798,11.5151515151515,1868.06892657281
18.3838383838384,11.5151515151515,1939.73522697236
18.7878787878788,11.5151515151515,2012.31887566069
19.1919191919192,11.5151515151515,2085.93882194299
19.5959595959596,11.5151515151515,2160.87958962721
20,11.5151515151515,2236.31984742579
-20,11.9191919191919,355.170569354092
-19.5959595959596,11.9191919191919,337.616631772717
-19.1919191919192,11.9191919191919,320.397265221127
-18.7878787878788,11.9191919191919,303.771048028315
-18.3838383838384,11.9191919191919,287.741903632847
-17.979797979798,11.9191919191919,271.982604001269
-17.5757575757576,11.9191919191919,256.654757625752
-17.1717171717172,11.9191919191919,241.823131332888
-16.7676767676768,11.9191919191919,227.24835613547
-16.3636363636364,11.9191919191919,213.101157077785
-15.959595959596,11.9191919191919,199.622418345575
-15.5555555555556,11.9191919191919,186.560877292359
-15.1515151515152,11.9191919191919,173.692206965855
-14.7474747474747,11.9191919191919,161.225262308602
-14.3434343434343,11.9191919191919,149.270990872523
-13.9393939393939,11.9191919191919,137.606456630321
-13.5353535353535,11.9191919191919,126.510479005193
-13.1313131313131,11.9191919191919,115.965639644016
-12.7272727272727,11.9191919191919,105.763555392679
-12.3232323232323,11.9191919191919,95.7169301117845
-11.9191919191919,11.9191919191919,86.2194998362862
-11.5151515151515,11.9191919191919,77.1873470120619
-11.1111111111111,11.9191919191919,68.2806427791171
-10.7070707070707,11.9191919191919,59.9676801407417
-10.3030303030303,11.9191919191919,52.1049804969103
-9.8989898989899,11.9191919191919,44.7597297879663
-9.4949494949495,11.9191919191919,38.0123091684908
-9.09090909090909,11.9191919191919,31.6595201927226
-8.68686868686869,11.9191919191919,25.5517977945725
-8.28282828282828,11.9191919191919,20.1609341996257
-7.87878787878788,11.9191919191919,15.4245869770255
-7.47474747474748,11.9191919191919,11.3101542449654
-7.07070707070707,11.9191919191919,7.86264754025689
-6.66666666666667,11.9191919191919,5.00805306073058
-6.26262626262626,11.9191919191919,2.77420377823877
-5.85858585858586,11.9191919191919,1.19535345140061
-5.45454545454546,11.9191919191919,0.256499167655371
-5.05050505050505,11.9191919191919,0.00790773745321197
-4.64646464646465,11.9191919191919,0.500489229483086
-4.24242424242424,11.9191919191919,1.77741990066866
-3.83838383838384,11.9191919191919,3.83008928111017
-3.43434343434344,11.9191919191919,6.70707504774712
-3.03030303030303,11.9191919191919,10.3974112666009
-2.62626262626263,11.9191919191919,14.957046697857
-2.22222222222222,11.9191919191919,20.1582533301229
-1.81818181818182,11.9191919191919,26.0755168921046
-1.41414141414142,11.9191919191919,32.7060388252244
-1.01010101010101,11.9191919191919,40.4249024752982
-0.606060606060606,11.9191919191919,48.833390430785
-0.202020202020201,11.9191919191919,58.3374868781325
0.202020202020201,11.9191919191919,68.5557045546736
0.606060606060606,11.9191919191919,79.375719042239
1.01010101010101,11.9191919191919,90.8260318712876
1.41414141414142,11.9191919191919,99.3856388782433
1.81818181818182,11.9191919191919,112.336923656255
2.22222222222222,11.9191919191919,126.456546160232
2.62626262626263,11.9191919191919,142.614861909533
3.03030303030303,11.9191919191919,159.956993485826
3.43434343434343,11.9191919191919,178.372472536284
3.83838383838384,11.9191919191919,199.126894225952
4.24242424242424,11.9191919191919,220.868772501978
4.64646464646465,11.9191919191919,243.726434077752
5.05050505050505,11.9191919191919,267.448457912103
5.45454545454545,11.9191919191919,292.173928518107
5.85858585858586,11.9191919191919,318.275887132206
6.26262626262626,11.9191919191919,345.575772183052
6.66666666666667,11.9191919191919,374.270035632281
7.07070707070707,11.9191919191919,404.241767776625
7.47474747474747,11.9191919191919,435.654950161444
7.87878787878788,11.9191919191919,468.4099458614
8.28282828282828,11.9191919191919,503.239521146472
8.68686868686869,11.9191919191919,539.78185858559
9.09090909090909,11.9191919191919,577.677832581883
9.4949494949495,11.9191919191919,616.755965941558
9.8989898989899,11.9191919191919,657.780128564316
10.3030303030303,11.9191919191919,702.637739705152
10.7070707070707,11.9191919191919,750.481355748651
11.1111111111111,11.9191919191919,801.589348595787
11.5151515151515,11.9191919191919,855.888911207388
11.9191919191919,11.9191919191919,913.647165245237
12.3232323232323,11.9191919191919,974.172039754449
12.7272727272727,11.9191919191919,1037.12247179967
13.1313131313131,11.9191919191919,1100.24790287217
13.5353535353535,11.9191919191919,1164.49702019733
13.9393939393939,11.9191919191919,1227.57538700971
14.3434343434343,11.9191919191919,1290.43030905664
14.7474747474747,11.9191919191919,1352.53781080688
15.1515151515151,11.9191919191919,1416.03378687633
15.5555555555556,11.9191919191919,1480.26461015485
15.959595959596,11.9191919191919,1545.76106489463
16.3636363636364,11.9191919191919,1612.28439596665
16.7676767676768,11.9191919191919,1679.63192468037
17.1717171717172,11.9191919191919,1748.24704817731
17.5757575757576,11.9191919191919,1818.18859202182
17.979797979798,11.9191919191919,1888.98656514958
18.3838383838384,11.9191919191919,1960.88536563549
18.7878787878788,11.9191919191919,2034.36378358734
19.1919191919192,11.9191919191919,2108.85698163671
19.5959595959596,11.9191919191919,2184.38867874551
20,11.9191919191919,2261.06103087142
-20,12.3232323232323,348.877120134443
-19.5959595959596,12.3232323232323,331.315687117515
-19.1919191919192,12.3232323232323,314.586042985713
-18.7878787878788,12.3232323232323,298.191960218331
-18.3838383838384,12.3232323232323,282.133004117937
-17.979797979798,12.3232323232323,266.54019483517
-17.5757575757576,12.3232323232323,251.351145250106
-17.1717171717172,12.3232323232323,236.485308780598
-16.7676767676768,12.3232323232323,222.101008454427
-16.3636363636364,12.3232323232323,208.351930405637
-15.959595959596,12.3232323232323,194.954095939737
-15.5555555555556,12.3232323232323,181.750355042368
-15.1515151515152,12.3232323232323,169.008539608707
-14.7474747474747,12.3232323232323,156.721288682699
-14.3434343434343,12.3232323232323,144.782632397654
-13.9393939393939,12.3232323232323,133.395243385807
-13.5353535353535,12.3232323232323,122.570409082023
-13.1313131313131,12.3232323232323,112.07197460951
-12.7272727272727,12.3232323232323,101.724161443904
-12.3232323232323,12.3232323232323,91.9205036383797
-11.9191919191919,12.3232323232323,82.5909069224314
-11.5151515151515,12.3232323232323,73.4008963025082
-11.1111111111111,12.3232323232323,64.7896276646701
-10.7070707070707,12.3232323232323,56.6100388869536
-10.3030303030303,12.3232323232323,48.9325236603237
-9.8989898989899,12.3232323232323,41.8547568149132
-9.4949494949495,12.3232323232323,35.2801043993339
-9.09090909090909,12.3232323232323,28.8637084646713
-8.68686868686869,12.3232323232323,23.1062318875439
-8.28282828282828,12.3232323232323,17.990437878847
-7.87878787878788,12.3232323232323,13.5420909305234
-7.47474747474748,12.3232323232323,9.71013105604451
-7.07070707070707,12.3232323232323,6.55297543848843
-6.66666666666667,12.3232323232323,3.93774658852439
-6.26262626262626,12.3232323232323,2.00433241683829
-5.85858585858586,12.3232323232323,0.696686244456103
-5.45454545454546,12.3232323232323,0.061543024039429
-5.05050505050505,12.3232323232323,0.128084391046858
-4.64646464646465,12.3232323232323,0.965551630569582
-4.24242424242424,12.3232323232323,2.57657720522345
-3.83838383838384,12.3232323232323,4.97544862975471
-3.43434343434344,12.3232323232323,8.21723777465534
-3.03030303030303,12.3232323232323,12.2624273547774
-2.62626262626263,12.3232323232323,17.1657033719018
-2.22222222222222,12.3232323232323,22.682840625943
-1.81818181818182,12.3232323232323,28.9363372853849
-1.41414141414142,12.3232323232323,35.9099810791348
-1.01010101010101,12.3232323232323,43.9907619382048
-0.606060606060606,12.3232323232323,52.7389805962826
-0.202020202020201,12.3232323232323,62.6044568578871
0.202020202020201,12.3232323232323,73.1849561146349
0.606060606060606,12.3232323232323,84.3584971427561
1.01010101010101,12.3232323232323,96.145373415446
1.41414141414142,12.3232323232323,104.958091239056
1.81818181818182,12.3232323232323,118.216038385567
2.22222222222222,12.3232323232323,132.548393207538
2.62626262626263,12.3232323232323,148.880351366383
3.03030303030303,12.3232323232323,166.550640197371
3.43434343434343,12.3232323232323,185.326857309906
3.83838383838384,12.3232323232323,206.071464873191
4.24242424242424,12.3232323232323,228.140042198239
4.64646464646465,12.3232323232323,251.479973630104
5.05050505050505,12.3232323232323,275.663055448885
5.45454545454545,12.3232323232323,300.776889917793
5.85858585858586,12.3232323232323,326.985381784246
6.26262626262626,12.3232323232323,354.716745939497
6.66666666666667,12.3232323232323,383.567712452189
7.07070707070707,12.3232323232323,413.926143394263
7.47474747474747,12.3232323232323,445.457966572721
7.87878787878788,12.3232323232323,478.41475014181
8.28282828282828,12.3232323232323,513.08305981673
8.68686868686869,12.3232323232323,549.553546236194
9.09090909090909,12.3232323232323,587.860583213644
9.4949494949495,12.3232323232323,627.359904705575
9.8989898989899,12.3232323232323,667.979081845294
10.3030303030303,12.3232323232323,711.179039401406
10.7070707070707,12.3232323232323,757.88655868915
11.1111111111111,12.3232323232323,807.859041703124
11.5151515151515,12.3232323232323,860.930867162724
11.9191919191919,12.3232323232323,917.27607598755
12.3232323232323,12.3232323232323,977.045247553497
12.7272727272727,12.3232323232323,1039.58633845772
13.1313131313131,12.3232323232323,1104.5943088151
13.5353535353535,12.3232323232323,1169.88599759845
13.9393939393939,12.3232323232323,1236.16081854497
14.3434343434343,12.3232323232323,1301.56794439383
14.7474747474747,12.3232323232323,1366.76309082164
15.1515151515151,12.3232323232323,1430.96286773019
15.5555555555556,12.3232323232323,1496.10628521911
15.959595959596,12.3232323232323,1562.37940206612
16.3636363636364,12.3232323232323,1629.65382144742
16.7676767676768,12.3232323232323,1698.23589772323
17.1717171717172,12.3232323232323,1767.39905613022
17.5757575757576,12.3232323232323,1837.78105606954
17.979797979798,12.3232323232323,1909.5012109527
18.3838383838384,12.3232323232323,1982.39475707131
18.7878787878788,12.3232323232323,2056.007764687
19.1919191919192,12.3232323232323,2131.06767418141
19.5959595959596,12.3232323232323,2207.65105722394
20,12.3232323232323,2285.04508153412
-20,12.7272727272727,342.614791442704
-19.5959595959596,12.7272727272727,325.579605265828
-19.1919191919192,12.7272727272727,308.817278920977
-18.7878787878788,12.7272727272727,292.469487363013
-18.3838383838384,12.7272727272727,276.608462506831
-17.979797979798,12.7272727272727,261.060728330069
-17.5757575757576,12.7272727272727,245.906117837397
-17.1717171717172,12.7272727272727,231.294477899702
-16.7676767676768,12.7272727272727,217.255852780568
-16.3636363636364,12.7272727272727,203.489973506828
-15.959595959596,12.7272727272727,189.970205395466
-15.5555555555556,12.7272727272727,176.966075791091
-15.1515151515152,12.7272727272727,164.379471587405
-14.7474747474747,12.7272727272727,152.147600463093
-14.3434343434343,12.7272727272727,140.471636628699
-13.9393939393939,12.7272727272727,129.360629653175
-13.5353535353535,12.7272727272727,118.562871914208
-13.1313131313131,12.7272727272727,107.914148286049
-12.7272727272727,12.7272727272727,97.8092658803343
-12.3232323232323,12.7272727272727,88.1764478279649
-11.9191919191919,12.7272727272727,78.706285849273
-11.5151515151515,12.7272727272727,69.7835319658595
-11.1111111111111,12.7272727272727,61.297271275557
-10.7070707070707,12.7272727272727,53.2959399472946
-10.3030303030303,12.7272727272727,45.8946873592277
-9.8989898989899,12.7272727272727,39.0543273999323
-9.4949494949495,12.7272727272727,32.4026889546981
-9.09090909090909,12.7272727272727,26.2458721040356
-8.68686868686869,12.7272727272727,20.7744489009089
-8.28282828282828,12.7272727272727,15.9670591074761
-7.87878787878788,12.7272727272727,11.7696678979548
-7.47474747474748,12.7272727272727,8.25771413881079
-7.07070707070707,12.7272727272727,5.31624573306383
-6.66666666666667,12.7272727272727,3.00458322142211
-6.26262626262626,12.7272727272727,1.35269827002527
-5.85858585858586,12.7272727272727,0.331155112232928
-5.45454545454546,12.7272727272727,0.000241939588121209
-5.05050505050505,12.7272727272727,0.396807898323294
-4.64646464646465,12.7272727272727,1.57801551515492
-4.24242424242424,12.7272727272727,3.5236757059249
-3.83838383838384,12.7272727272727,6.26928314046117
-3.43434343434344,12.7272727272727,9.87490180906125
-3.03030303030303,12.7272727272727,14.2872812319736
-2.62626262626263,12.7272727272727,19.5093069482385
-2.22222222222222,12.7272727272727,25.356919650434
-1.81818181818182,12.7272727272727,31.9146843036234
-1.41414141414142,12.7272727272727,39.2635972339035
-1.01010101010101,12.7272727272727,47.7046949285386
-0.606060606060606,12.7272727272727,56.7948444707257
-0.202020202020201,12.7272727272727,67.0219860615786
0.202020202020201,12.7272727272727,77.9654731048535
0.606060606060606,12.7272727272727,89.4930009627802
1.01010101010101,12.7272727272727,101.616081005872
1.41414141414142,12.7272727272727,110.674165072384
1.81818181818182,12.7272727272727,124.244223610148
2.22222222222222,12.7272727272727,138.835451589472
2.62626262626263,12.7272727272727,155.280671382109
3.03030303030303,12.7272727272727,173.291139433057
3.43434343434343,12.7272727272727,192.403462701889
3.83838383838384,12.7272727272727,213.053652194984
4.24242424242424,12.7272727272727,235.628781866593
4.64646464646465,12.7272727272727,259.315725967214
5.05050505050505,12.7272727272727,283.952664993897
5.45454545454545,12.7272727272727,309.468772561319
5.85858585858586,12.7272727272727,336.032186751867
6.26262626262626,12.7272727272727,363.997347836851
6.66666666666667,12.7272727272727,393.151597152414
7.07070707070707,12.7272727272727,423.669246475254
7.47474747474747,12.7272727272727,455.518299559314
7.87878787878788,12.7272727272727,488.740723006832
8.28282828282828,12.7272727272727,523.294515806498
8.68686868686869,12.7272727272727,559.818705675772
9.09090909090909,12.7272727272727,598.105335383872
9.4949494949495,12.7272727272727,637.978393688254
9.8989898989899,12.7272727272727,679.090675437725
10.3030303030303,12.7272727272727,721.318044347568
10.7070707070707,12.7272727272727,766.708357822237
11.1111111111111,12.7272727272727,815.266709067779
11.5151515151515,12.7272727272727,867.350075556881
11.9191919191919,12.7272727272727,922.390716481087
12.3232323232323,12.7272727272727,980.788391471301
12.7272727272727,12.7272727272727,1042.57063381511
13.1313131313131,12.7272727272727,1107.12711109117
13.5353535353535,12.7272727272727,1174.18103920826
13.9393939393939,12.7272727272727,1241.66052811527
14.3434343434343,12.7272727272727,1309.91108900666
14.7474747474747,12.7272727272727,1377.67499989607
15.1515151515151,12.7272727272727,1445.23720728721
15.5555555555556,12.7272727272727,1511.51582311959
15.959595959596,12.7272727272727,1578.40755490977
16.3636363636364,12.7272727272727,1646.7416693565
16.7676767676768,12.7272727272727,1715.75673000263
17.1717171717172,12.7272727272727,1786.2265180347
17.5757575757576,12.7272727272727,1857.3709965073
17.979797979798,12.7272727272727,1929.54481667245
18.3838383838384,12.7272727272727,2003.03181656559
18.7878787878788,12.7272727272727,2077.82400428029
19.1919191919192,12.7272727272727,2153.42905941936
19.5959595959596,12.7272727272727,2230.14555010112
20,12.7272727272727,2308.45730743358
-20,13.1313131313131,336.703313243395
-19.5959595959596,13.1313131313131,319.626964667166
-19.1919191919192,13.1313131313131,302.995978397086
-18.7878787878788,13.1313131313131,286.850684564492
-18.3838383838384,13.1313131313131,270.954344139161
-17.979797979798,13.1313131313131,255.489677087854
-17.5757575757576,13.1313131313131,240.673760475373
-17.1717171717172,13.1313131313131,226.340072581679
-16.7676767676768,13.1313131313131,212.214043369226
-16.3636363636364,13.1313131313131,198.386538243872
-15.959595959596,13.1313131313131,185.119689520232
-15.5555555555556,13.1313131313131,172.223805738867
-15.1515151515152,13.1313131313131,159.692888868245
-14.7474747474747,13.1313131313131,147.735473000031
-14.3434343434343,13.1313131313131,136.333809139021
-13.9393939393939,13.1313131313131,125.236610762054
-13.5353535353535,13.1313131313131,114.287089353596
-13.1313131313131,13.1313131313131,103.87194201939
-12.7272727272727,13.1313131313131,93.946322074311
-12.3232323232323,13.1313131313131,84.2140286106489
-11.9191919191919,13.1313131313131,74.9512606050812
-11.5151515151515,13.1313131313131,66.1708648511858
-11.1111111111111,13.1313131313131,57.8562243063428
-10.7070707070707,13.1313131313131,50.1299896612485
-10.3030303030303,13.1313131313131,42.980274948535
-9.8989898989899,13.1313131313131,36.1324771146873
-9.4949494949495,13.1313131313131,29.5835668324875
-9.09090909090909,13.1313131313131,23.7535098674515
-8.68686868686869,13.1313131313131,18.5841475679037
-8.28282828282828,13.1313131313131,14.0428026564616
-7.87878787878788,13.1313131313131,10.1418701191416
-7.47474747474748,13.1313131313131,6.9054744783023
-7.07070707070707,13.1313131313131,4.21161234201352
-6.66666666666667,13.1313131313131,2.20029919420033
-6.26262626262626,13.1313131313131,0.817443625006522
-5.85858585858586,13.1313131313131,0.101021167362634
-5.45454545454546,13.1313131313131,0.0790092427368988
-5.05050505050505,13.1313131313131,0.812485334238311
-4.64646464646465,13.1313131313131,2.3344291096453
-4.24242424242424,13.1313131313131,4.62110461653862
-3.83838383838384,13.1313131313131,7.7302855169473
-3.43434343434344,13.1313131313131,11.6764489255452
-3.03030303030303,13.1313131313131,16.4702797580716
-2.62626262626263,13.1313131313131,22.0072489221788
-2.22222222222222,13.1313131313131,28.1799839956931
-1.81818181818182,13.1313131313131,35.050038027779
-1.41414141414142,13.1313131313131,42.7725488227508
-1.01010101010101,13.1313131313131,51.5691490044215
-0.606060606060606,13.1313131313131,61.0009867589159
-0.202020202020201,13.1313131313131,71.5901843167781
0.202020202020201,13.1313131313131,82.8971197442263
0.606060606060606,13.1313131313131,94.7755214816841
1.01010101010101,13.1313131313131,107.248465284145
1.41414141414142,13.1313131313131,116.538145186651
1.81818181818182,13.1313131313131,130.425248822685
2.22222222222222,13.1313131313131,145.32492146007
2.62626262626263,13.1313131313131,161.8190578324
3.03030303030303,13.1313131313131,180.171693648775
3.43434343434343,13.1313131313131,199.621899925307
3.83838383838384,13.1313131313131,220.214740031188
4.24242424242424,13.1313131313131,243.234408765131
4.64646464646465,13.1313131313131,267.172350848673
5.05050505050505,13.1313131313131,292.312114219209
5.45454545454545,13.1313131313131,318.323935986635
5.85858585858586,13.1313131313131,345.257796263265
6.26262626262626,13.1313131313131,373.303814599631
6.66666666666667,13.1313131313131,402.905884101799
7.07070707070707,13.1313131313131,433.601781704778
7.47474747474747,13.1313131313131,465.820881186083
7.87878787878788,13.1313131313131,499.175752525533
8.28282828282828,13.1313131313131,534.02558900386
8.68686868686869,13.1313131313131,570.236603793682
9.09090909090909,13.1313131313131,608.608723043144
9.4949494949495,13.1313131313131,648.633625712079
9.8989898989899,13.1313131313131,690.138285927048
10.3030303030303,13.1313131313131,732.871119557882
10.7070707070707,13.1313131313131,776.892396454545
11.1111111111111,13.1313131313131,824.370622514883
11.5151515151515,13.1313131313131,874.807267369478
11.9191919191919,13.1313131313131,928.964340049932
12.3232323232323,13.1313131313131,985.967891178957
12.7272727272727,13.1313131313131,1046.4304760631
13.1313131313131,13.1313131313131,1110.22251689305
13.5353535353535,13.1313131313131,1176.79419031469
13.9393939393939,13.1313131313131,1245.8932281046
14.3434343434343,13.1313131313131,1315.57202421389
14.7474747474747,13.1313131313131,1385.79751184079
15.1515151515151,13.1313131313131,1455.93450451242
15.5555555555556,13.1313131313131,1525.70055643144
15.959595959596,13.1313131313131,1594.1799665249
16.3636363636364,13.1313131313131,1662.89148680607
16.7676767676768,13.1313131313131,1733.27473124145
17.1717171717172,13.1313131313131,1804.07868212995
17.5757575757576,13.1313131313131,1876.30990690402
17.979797979798,13.1313131313131,1949.54282560815
18.3838383838384,13.1313131313131,2023.53343283657
18.7878787878788,13.1313131313131,2098.78709253952
19.1919191919192,13.1313131313131,2175.37655975493
19.5959595959596,13.1313131313131,2253.09555249519
20,13.1313131313131,2331.51950747246
-20,13.5353535353535,330.622806501482
-19.5959595959596,13.5353535353535,313.731811543117
-19.1919191919192,13.5353535353535,297.216980383725
-18.7878787878788,13.5353535353535,281.03212231223
-18.3838383838384,13.5353535353535,265.291286337742
-17.979797979798,13.5353535353535,250.245668639586
-17.5757575757576,13.5353535353535,235.601677992583
-17.1717171717172,13.5353535353535,221.129926325084
-16.7676767676768,13.5353535353535,207.008641307634
-16.3636363636364,13.5353535353535,193.457039470012
-15.959595959596,13.5353535353535,180.235812761317
-15.5555555555556,13.5353535353535,167.416697623792
-15.1515151515152,13.5353535353535,155.183933428296
-14.7474747474747,13.5353535353535,143.49016909151
-14.3434343434343,13.5353535353535,132.093048079796
-13.9393939393939,13.5353535353535,120.843185461631
-13.5353535353535,13.5353535353535,110.11692758812
-13.1313131313131,13.5353535353535,99.8990008253871
-12.7272727272727,13.5353535353535,89.9192437067784
-12.3232323232323,13.5353535353535,80.3100132979508
-11.9191919191919,13.5353535353535,71.2311524254488
-11.5151515151515,13.5353535353535,62.6192895748607
-11.1111111111111,13.5353535353535,54.5539970855539
-10.7070707070707,13.5353535353535,47.0753554310054
-10.3030303030303,13.5353535353535,40.0285703209537
-9.8989898989899,13.5353535353535,33.1331272799873
-9.4949494949495,13.5353535353535,26.9470788359922
-9.09090909090909,13.5353535353535,21.390238150898
-8.68686868686869,13.5353535353535,16.5144917396337
-8.28282828282828,13.5353535353535,12.2360226730348
-7.87878787878788,13.5353535353535,8.66248175155308
-7.47474747474748,13.5353535353535,5.63363980994663
-7.07070707070707,13.5353535353535,3.24415243387991
-6.66666666666667,13.5353535353535,1.51977136565984
-6.26262626262626,13.5353535353535,0.41568402649438
-5.85858585858586,13.5353535353535,0.00326812886525
-5.45454545454546,13.5353535353535,0.304874482609191
-5.05050505050505,13.5353535353535,1.38579688973835
-4.64646464646465,13.5353535353535,3.23948178616722
-4.24242424242424,13.5353535353535,5.88252062406349
-3.83838383838384,13.5353535353535,9.3519775794382
-3.43434343434344,13.5353535353535,13.6326915215728
-3.03030303030303,13.5353535353535,18.8083405302409
-2.62626262626263,13.5353535353535,24.6427099759973
-2.22222222222222,13.5353535353535,31.1525105194552
-1.81818181818182,13.5353535353535,38.3393996692519
-1.41414141414142,13.5353535353535,46.4338678304351
-1.01010101010101,13.5353535353535,55.5840996494753
-0.606060606060606,13.5353535353535,65.3573042274552
-0.202020202020201,13.5353535353535,76.3088928577503
0.202020202020201,13.5353535353535,87.980065496882
0.606060606060606,13.5353535353535,100.207466870639
1.01010101010101,13.5353535353535,113.044485094626
1.41414141414142,13.5353535353535,122.553469182656
1.81818181818182,13.5353535353535,136.773958287618
2.22222222222222,13.5353535353535,151.987725320573
2.62626262626263,13.5353535353535,168.520773774213
3.03030303030303,13.5353535353535,187.205587852568
3.43434343434343,13.5353535353535,206.99098961391
3.83838383838384,13.5353535353535,227.858087532051
4.24242424242424,13.5353535353535,250.90192374733
4.64646464646465,13.5353535353535,275.19501261035
5.05050505050505,13.5353535353535,300.794752840636
5.45454545454545,13.5353535353535,327.233274492361
5.85858585858586,13.5353535353535,354.566460606956
6.26262626262626,13.5353535353535,382.956078244573
6.66666666666667,13.5353535353535,412.78357236628
7.07070707070707,13.5353535353535,443.794443035121
7.47474747474747,13.5353535353535,476.128125177182
7.87878787878788,13.5353535353535,509.849770975472
8.28282828282828,13.5353535353535,544.853468112429
8.68686868686869,13.5353535353535,581.284687020145
9.09090909090909,13.5353535353535,619.422069922056
9.4949494949495,13.5353535353535,659.386505555396
9.8989898989899,13.5353535353535,701.245639102057
10.3030303030303,13.5353535353535,744.345600857808
10.7070707070707,13.5353535353535,788.688653543813
11.1111111111111,13.5353535353535,834.530796717102
11.5151515151515,13.5353535353535,884.127054020701
11.9191919191919,13.5353535353535,936.446764847668
12.3232323232323,13.5353535353535,992.703916986373
12.7272727272727,13.5353535353535,1051.66546632546
13.1313131313131,13.5353535353535,1114.20321667321
13.5353535353535,13.5353535353535,1180.00037263053
13.9393939393939,13.5353535353535,1248.59142114201
14.3434343434343,13.5353535353535,1319.73253847309
14.7474747474747,13.5353535353535,1391.61994033142
15.1515151515151,13.5353535353535,1463.82208303243
15.5555555555556,13.5353535353535,1536.33488362579
15.959595959596,13.5353535353535,1608.189327868
16.3636363636364,13.5353535353535,1679.04414173166
16.7676767676768,13.5353535353535,1749.65125159224
17.1717171717172,13.5353535353535,1821.78677290569
17.5757575757576,13.5353535353535,1894.61588555936
17.979797979798,13.5353535353535,1968.62590018607
18.3838383838384,13.5353535353535,2043.9469628179
18.7878787878788,13.5353535353535,2119.7577461855
19.1919191919192,13.5353535353535,2196.77947104934
19.5959595959596,13.5353535353535,2275.13997187709
20,13.5353535353535,2354.7800048956
-20,13.9393939393939,324.647053424965
-19.5959595959596,13.9393939393939,307.767510607086
-19.1919191919192,13.9393939393939,291.293583227093
-18.7878787878788,13.9393939393939,275.345208853202
-18.3838383838384,13.9393939393939,260.00816354892
-17.979797979798,13.9393939393939,245.035614633415
-17.5757575757576,13.9393939393939,230.221687084519
-17.1717171717172,13.9393939393939,215.814115350055
-16.7676767676768,13.9393939393939,201.976831439558
-16.3636363636364,13.9393939393939,188.427220759419
-15.959595959596,13.9393939393939,175.32288341937
-15.5555555555556,13.9393939393939,162.815376430076
-15.1515151515152,13.9393939393939,150.829602773882
-14.7474747474747,13.9393939393939,139.132159639906
-14.3434343434343,13.9393939393939,127.58244274769
-13.9393939393939,13.9393939393939,116.544100768621
-13.5353535353535,13.9393939393939,106.034460980435
-13.1313131313131,13.9393939393939,95.8114317954026
-12.7272727272727,13.9393939393939,85.8552245323965
-12.3232323232323,13.9393939393939,76.4780320032461
-11.9191919191919,13.9393939393939,67.5609165396994
-11.5151515151515,13.9393939393939,59.1551099874389
-11.1111111111111,13.9393939393939,51.342252309748
-10.7070707070707,13.9393939393939,44.0619983200819
-10.3030303030303,13.9393939393939,36.9202459084556
-9.8989898989899,13.9393939393939,30.32921664643
-9.4949494949495,13.9393939393939,24.4219506190324
-9.09090909090909,13.9393939393939,19.1794840158858
-8.68686868686869,13.9393939393939,14.5545866951899
-8.28282828282828,13.9393939393939,10.5843291453752
-7.87878787878788,13.9393939393939,7.26657970744646
-7.47474747474748,13.9393939393939,4.4946765921616
-7.07070707070707,13.9393939393939,2.40574657487077
-6.66666666666667,13.9393939393939,0.947853651953426
-6.26262626262626,13.9393939393939,0.149646020771768
-5.85858585858586,13.9393939393939,0.0431364151594506
-5.45454545454546,13.9393939393939,0.679292299832734
-5.05050505050505,13.9393939393939,2.10536108430855
-4.64646464646465,13.9393939393939,4.29247614713794
-4.24242424242424,13.9393939393939,7.27789082023095
-3.83838383838384,13.9393939393939,11.1211159429907
-3.43434343434344,13.9393939393939,15.7512385028845
-3.03030303030303,13.9393939393939,21.2787617064435
-2.62626262626263,13.9393939393939,27.4315441409827
-2.22222222222222,13.9393939393939,34.2701444855015
-1.81818181818182,13.9393939393939,41.7784673142907
-1.41414141414142,13.9393939393939,50.2453940750332
-1.01010101010101,13.9393939393939,59.7494518164969
-0.606060606060606,13.9393939393939,69.8638384307751
-0.202020202020201,13.9393939393939,81.1782928690186
0.202020202020201,13.9393939393939,93.2143166566915
0.606060606060606,13.9393939393939,105.790650103842
1.01010101010101,13.9393939393939,118.996855895456
1.41414141414142,13.9393939393939,128.720200405663
1.81818181818182,13.9393939393939,143.274951210109
2.22222222222222,13.9393939393939,158.797458430334
2.62626262626263,13.9393939393939,175.501830309465
3.03030303030303,13.9393939393939,194.37422022253
3.43434343434343,13.9393939393939,214.48439494252
3.83838383838384,13.9393939393939,235.712817768461
4.24242424242424,13.9393939393939,258.601797015213
4.64646464646465,13.9393939393939,283.427153542853
5.05050505050505,13.9393939393939,309.295123743635
5.45454545454545,13.9393939393939,336.225145534311
5.85858585858586,13.9393939393939,364.044364925036
6.26262626262626,13.9393939393939,392.793305923811
6.66666666666667,13.9393939393939,422.689428138105
7.07070707070707,13.9393939393939,454.163071240897
7.47474747474747,13.9393939393939,486.696516326137
7.87878787878788,13.9393939393939,520.757703153997
8.28282828282828,13.9393939393939,555.943006330665
8.68686868686869,13.9393939393939,592.665904535549
9.09090909090909,13.9393939393939,630.648833811753
9.4949494949495,13.9393939393939,670.662881995178
9.8989898989899,13.9393939393939,712.396252005885
10.3030303030303,13.9393939393939,755.896103082396
10.7070707070707,13.9393939393939,800.603152192632
11.1111111111111,13.9393939393939,846.492356826551
11.5151515151515,13.9393939393939,894.229221970028
11.9191919191919,13.9393939393939,945.975339925886
12.3232323232323,13.9393939393939,1000.2114514263
12.7272727272727,13.9393939393939,1058.55812176923
13.1313131313131,13.9393939393939,1119.4815646717
13.5353535353535,13.9393939393939,1184.10178742966
13.9393939393939,13.9393939393939,1251.90523360716
14.3434343434343,13.9393939393939,1322.51476546515
14.7474747474747,13.9393939393939,1395.6959765927
15.1515151515151,13.9393939393939,1469.80249783543
15.5555555555556,13.9393939393939,1543.98102365295
15.959595959596,13.9393939393939,1618.86956041612
16.3636363636364,13.9393939393939,1692.73984080949
16.7676767676768,13.9393939393939,1766.06565772153
17.1717171717172,13.9393939393939,1838.67700223035
17.5757575757576,13.9393939393939,1912.47252017486
17.979797979798,13.9393939393939,1987.37742709857
18.3838383838384,13.9393939393939,2063.15246025417
18.7878787878788,13.9393939393939,2140.35788089296
19.1919191919192,13.9393939393939,2218.18510629973
19.5959595959596,13.9393939393939,2296.99551968081
20,13.9393939393939,2377.11988906635
-20,14.3434343434343,318.501708708443
-19.5959595959596,14.3434343434343,301.722011310159
-19.1919191919192,14.3434343434343,285.563713471307
-18.7878787878788,14.3434343434343,269.94423303165
-18.3838383838384,14.3434343434343,254.6089016883
-17.979797979798,14.3434343434343,239.49114478418
-17.5757575757576,14.3434343434343,224.804302732266
-17.1717171717172,14.3434343434343,210.680151910987
-16.7676767676768,14.3434343434343,196.800818533187
-16.3636363636364,14.3434343434343,183.411289540246
-15.959595959596,14.3434343434343,170.630037300286
-15.5555555555556,14.3434343434343,158.3536480298
-15.1515151515152,14.3434343434343,146.353988132346
-14.7474747474747,14.3434343434343,134.504643836676
-14.3434343434343,14.3434343434343,123.15357992382
-13.9393939393939,14.3434343434343,112.352737783672
-13.5353535353535,14.3434343434343,101.891054947679
-13.1313131313131,14.3434343434343,91.5855037617974
-12.7272727272727,14.3434343434343,81.9114174802506
-12.3232323232323,14.3434343434343,72.680283554027
-11.9191919191919,14.3434343434343,63.9431186738177
-11.5151515151515,14.3434343434343,55.8066873135124
-11.1111111111111,14.3434343434343,48.2465980478774
-10.7070707070707,14.3434343434343,40.9005549913649
-10.3030303030303,14.3434343434343,33.9099707165277
-9.8989898989899,14.3434343434343,27.641146573752
-9.4949494949495,14.3434343434343,22.0308843769879
-9.09090909090909,14.3434343434343,17.0724121897477
-8.68686868686869,14.3434343434343,12.7202477052392
-8.28282828282828,14.3434343434343,9.07447578735184
-7.87878787878788,14.3434343434343,5.96024572004496
-7.47474747474748,14.3434343434343,3.49292052130554
-7.07070707070707,14.3434343434343,1.69420763548083
-6.66666666666667,14.3434343434343,0.511078186036125
-6.26262626262626,14.3434343434343,0.016496783456289
-5.85858585858586,14.3434343434343,0.225434898222558
-5.45454545454546,14.3434343434343,1.20062198154589
-5.05050505050505,14.3434343434343,2.96723933208415
-4.64646464646465,14.3434343434343,5.48845713837077
-4.24242424242424,14.3434343434343,8.82928527209767
-3.83838383838384,14.3434343434343,13.0432138436868
-3.43434343434344,14.3434343434343,18.0316454943998
-3.03030303030303,14.3434343434343,23.9028202575389
-2.62626262626263,14.3434343434343,30.3710922749325
-2.22222222222222,14.3434343434343,37.5392987057463
-1.81818181818182,14.3434343434343,45.3725225734505
-1.41414141414142,14.3434343434343,54.2073022333791
-1.01010101010101,14.3434343434343,64.0644480288475
-0.606060606060606,14.3434343434343,74.5211805506466
-0.202020202020201,14.3434343434343,86.1982521042275
0.202020202020201,14.3434343434343,98.5988189090386
0.606060606060606,14.3434343434343,111.525343733911
1.01010101010101,14.3434343434343,125.117111805878
1.41414141414142,14.3434343434343,135.038364168541
1.81818181818182,14.3434343434343,149.943622684089
2.22222222222222,14.3434343434343,165.773855647291
2.62626262626263,14.3434343434343,182.673566874697
3.03030303030303,14.3434343434343,201.677810423536
3.43434343434343,14.3434343434343,222.12908680739
3.83838383838384,14.3434343434343,243.670337378714
4.24242424242424,14.3434343434343,266.462375546777
4.64646464646465,14.3434343434343,291.750510442523
5.05050505050505,14.3434343434343,317.879112363897
5.45454545454545,14.3434343434343,345.322655721121
5.85858585858586,14.3434343434343,373.576938005255
6.26262626262626,14.3434343434343,402.731169004723
6.66666666666667,14.3434343434343,432.94558882749
7.07070707070707,14.3434343434343,464.637285742296
7.47474747474747,14.3434343434343,497.504621831295
7.87878787878788,14.3434343434343,531.652925751152
8.28282828282828,14.3434343434343,567.293898134236
8.68686868686869,14.3434343434343,604.109925978051
9.09090909090909,14.3434343434343,642.401483961754
9.4949494949495,14.3434343434343,682.069831541529
9.8989898989899,14.3434343434343,723.969288601022
10.3030303030303,14.3434343434343,767.523170049202
10.7070707070707,14.3434343434343,812.59044311365
11.1111111111111,14.3434343434343,858.908149025999
11.5151515151515,14.3434343434343,906.327314146097
11.9191919191919,14.3434343434343,956.076137855011
12.3232323232323,14.3434343434343,1009.91317268244
12.7272727272727,14.3434343434343,1066.17718155465
13.1313131313131,14.3434343434343,1126.52732673763
13.5353535353535,14.3434343434343,1189.41537329419
13.9393939393939,14.3434343434343,1256.12695233271
14.3434343434343,14.3434343434343,1325.93575796337
14.7474747474747,14.3434343434343,1398.56367624272
15.1515151515151,14.3434343434343,1473.7860605128
15.5555555555556,14.3434343434343,1550.1174284611
15.959595959596,14.3434343434343,1626.27814417429
16.3636363636364,14.3434343434343,1703.50531513013
16.7676767676768,14.3434343434343,1779.4412728413
17.1717171717172,14.3434343434343,1855.19888353113
17.5757575757576,14.3434343434343,1929.91113469123
17.979797979798,14.3434343434343,2005.38103527891
18.3838383838384,14.3434343434343,2082.39693551724
18.7878787878788,14.3434343434343,2159.89589028801
19.1919191919192,14.3434343434343,2238.8616280947
19.5959595959596,14.3434343434343,2318.80821705045
20,14.3434343434343,2399.44116688151
-20,14.7474747474747,312.342336460728
-19.5959595959596,14.7474747474747,295.976759316801
-19.1919191919192,14.7474747474747,280.059587783969
-18.7878787878788,14.7474747474747,264.336977144276
-18.3838383838384,14.7474747474747,248.913212760523
-17.979797979798,14.7474747474747,233.980012560734
-17.5757575757576,14.7474747474747,219.540063892151
-17.1717171717172,14.7474747474747,205.355851122163
-16.7676767676768,14.7474747474747,191.680979643272
-16.3636363636364,14.7474747474747,178.627944994307
-15.959595959596,14.7474747474747,166.060131556725
-15.5555555555556,14.7474747474747,153.758628161171
-15.1515151515152,14.7474747474747,141.609659464816
-14.7474747474747,14.7474747474747,129.945671177079
-14.3434343434343,14.7474747474747,118.853912680767
-13.9393939393939,14.7474747474747,108.146828949905
-13.5353535353535,14.7474747474747,97.5008663382492
-13.1313131313131,14.7474747474747,87.5311730863162
-12.7272727272727,14.7474747474747,77.9788844732679
-12.3232323232323,14.7474747474747,68.9191019708763
-11.9191919191919,14.7474747474747,60.4669238199036
-11.5151515151515,14.7474747474747,52.5901449331614
-11.1111111111111,14.7474747474747,45.0667148411718
-10.7070707070707,14.7474747474747,37.6968977864504
-10.3030303030303,14.7474747474747,31.0830462534524
-9.8989898989899,14.7474747474747,25.0900806441628
-9.4949494949495,14.7474747474747,19.7838607000825
-9.09090909090909,14.7474747474747,15.0755304468614
-8.68686868686869,14.7474747474747,11.037159910007
-8.28282828282828,14.7474747474747,7.6368742471965
-7.87878787878788,14.7474747474747,4.78695686842152
-7.47474747474748,14.7474747474747,2.62036081505037
-7.07070707070707,14.7474747474747,1.087904709421
-6.66666666666667,14.7474747474747,0.207794192376012
-6.26262626262626,14.7474747474747,0.018129362757984
-5.85858585858586,14.7474747474747,0.557139620698843
-5.45454545454546,14.7474747474747,1.88176144609819
-5.05050505050505,14.7474747474747,3.97819486447022
-4.64646464646465,14.7474747474747,6.85421554624438
-4.24242424242424,14.7474747474747,10.5527644390981
-3.83838383838384,14.7474747474747,15.0982890319261
-3.43434343434344,14.7474747474747,20.4705737601007
-3.03030303030303,14.7474747474747,26.6688180680615
-2.62626262626263,14.7474747474747,33.4551030140401
-2.22222222222222,14.7474747474747,40.9697747926364
-1.81818181818182,14.7474747474747,49.1180657677443
-1.41414141414142,14.7474747474747,58.3178069885212
-1.01010101010101,14.7474747474747,68.5286388195016
-0.606060606060606,14.7474747474747,79.3296572940079
-0.202020202020201,14.7474747474747,91.3687309595516
0.202020202020201,14.7474747474747,104.129052771996
0.606060606060606,14.7474747474747,117.411374347444
1.01010101010101,14.7474747474747,131.399558182494
1.41414141414142,14.7474747474747,141.507738301228
1.81818181818182,14.7474747474747,156.770690047288
2.22222222222222,14.7474747474747,172.899269149667
2.62626262626263,14.7474747474747,190.044025624767
3.03030303030303,14.7474747474747,209.109726121314
3.43434343434343,14.7474747474747,229.915824897718
3.83838383838384,14.7474747474747,251.822425269179
4.24242424242424,14.7474747474747,274.784971388697
4.64646464646465,14.7474747474747,300.141051068687
5.05050505050505,14.7474747474747,326.65904909096
5.45454545454545,14.7474747474747,354.513523502711
5.85858585858586,14.7474747474747,383.204183079176
6.26262626262626,14.7474747474747,412.813566763241
6.66666666666667,14.7474747474747,443.400113726014
7.07070707070707,14.7474747474747,475.142348066562
7.47474747474747,14.7474747474747,508.488881149521
7.87878787878788,14.7474747474747,542.85646336239
8.28282828282828,14.7474747474747,578.701592975279
8.68686868686869,14.7474747474747,615.817864412684
9.09090909090909,14.7474747474747,654.305666543985
9.4949494949495,14.7474747474747,694.163619391472
9.8989898989899,14.7474747474747,735.766978400145
10.3030303030303,14.7474747474747,779.272415796119
10.7070707070707,14.7474747474747,824.614447721455
11.1111111111111,14.7474747474747,871.327513617973
11.5151515151515,14.7474747474747,919.26387579062
11.9191919191919,14.7474747474747,968.250760237568
12.3232323232323,14.7474747474747,1020.18240748754
12.7272727272727,14.7474747474747,1075.9431880996
13.1313131313131,14.7474747474747,1134.32842662188
13.5353535353535,14.7474747474747,1196.61102759419
13.9393939393939,14.7474747474747,1261.46896575727
14.3434343434343,14.7474747474747,1330.27762191542
14.7474747474747,14.7474747474747,1402.09187489722
15.1515151515151,14.7474747474747,1476.73871624763
15.5555555555556,14.7474747474747,1554.0001778024
15.959595959596,14.7474747474747,1632.57025808451
16.3636363636364,14.7474747474747,1710.71072286659
16.7676767676768,14.7474747474747,1790.26615829817
17.1717171717172,14.7474747474747,1868.30668482784
17.5757575757576,14.7474747474747,1946.45129055378
17.979797979798,14.7474747474747,2023.22285019485
18.3838383838384,14.7474747474747,2100.4703773727
18.7878787878788,14.7474747474747,2179.52195784522
19.1919191919192,14.7474747474747,2258.85512656664
19.5959595959596,14.7474747474747,2339.60164113887
20,14.7474747474747,2421.66363419182
-20,15.1515151515151,306.583589639498
-19.5959595959596,15.1515151515151,290.352966334439
-19.1919191919192,15.1515151515151,274.280596368817
-18.7878787878788,15.1515151515151,258.517339776682
-18.3838383838384,15.1515151515151,243.324527715925
-17.979797979798,15.1515151515151,228.565903168335
-17.5757575757576,15.1515151515151,214.091638664201
-17.1717171717172,15.1515151515151,200.13139547116
-16.7676767676768,15.1515151515151,186.808870083703
-16.3636363636364,15.1515151515151,173.949583465892
-15.959595959596,15.1515151515151,161.345820141732
-15.5555555555556,15.1515151515151,148.897067237394
-15.1515151515152,15.1515151515151,136.923949099448
-14.7474747474747,15.1515151515151,125.537884008806
-14.3434343434343,15.1515151515151,114.577900442935
-13.9393939393939,15.1515151515151,103.601388176585
-13.5353535353535,15.1515151515151,93.3302343762323
-13.1313131313131,15.1515151515151,83.4638483980407
-12.7272727272727,15.1515151515151,74.090648374751
-12.3232323232323,15.1515151515151,65.3165221858764
-11.9191919191919,15.1515151515151,57.1058140214397
-11.5151515151515,15.1515151515151,49.3518174857698
-11.1111111111111,15.1515151515151,41.7295970055339
-10.7070707070707,15.1515151515151,34.7076472570904
-10.3030303030303,15.1515151515151,28.3618889075615
-9.8989898989899,15.1515151515151,22.6865747132724
-9.4949494949495,15.1515151515151,17.6369635865837
-9.09090909090909,15.1515151515151,13.2141723486063
-8.68686868686869,15.1515151515151,9.49208789000378
-8.28282828282828,15.1515151515151,6.29604035862287
-7.87878787878788,15.1515151515151,3.75096483644958
-7.47474747474748,15.1515151515151,1.87539614256144
-7.07070707070707,15.1515151515151,0.615319325265569
-6.66666666666667,15.1515151515151,0.0392917967757344
-6.26262626262626,15.1515151515151,0.160139994327689
-5.85858585858586,15.1515151515151,1.0372561877215
-5.45454545454546,15.1515151515151,2.70859398681008
-5.05050505050505,15.1515151515151,5.13708968584682
-4.64646464646465,15.1515151515151,8.36927786271098
-4.24242424242424,15.1515151515151,12.4354982839954
-3.83838383838384,15.1515151515151,17.3120668285047
-3.43434343434344,15.1515151515151,23.0687593038725
-3.03030303030303,15.1515151515151,29.571753920386
-2.62626262626263,15.1515151515151,36.6859871117272
-2.22222222222222,15.1515151515151,44.541192449618
-1.81818181818182,15.1515151515151,53.0310543226711
-1.41414141414142,15.1515151515151,62.6000954873326
-1.01010101010101,15.1515151515151,73.1432068023323
-0.606060606060606,15.1515151515151,84.2884205736997
-0.202020202020201,15.1515151515151,96.6893668072481
0.202020202020201,15.1515151515151,109.80549756424
0.606060606060606,15.1515151515151,123.448676794115
1.01010101010101,15.1515151515151,137.788043826122
1.41414141414142,15.1515151515151,148.128613566269
1.81818181818182,15.1515151515151,163.75005529959
2.22222222222222,15.1515151515151,180.173946629067
2.62626262626263,15.1515151515151,197.624059284041
3.03030303030303,15.1515151515151,216.694387970694
3.43434343434343,15.1515151515151,237.852764944789
3.83838383838384,15.1515151515151,260.078683515551
4.24242424242424,15.1515151515151,283.413153417119
4.64646464646465,15.1515151515151,308.558732073301
5.05050505050505,15.1515151515151,335.62337277913
5.45454545454545,15.1515151515151,363.685408894208
5.85858585858586,15.1515151515151,392.903165544405
6.26262626262626,15.1515151515151,422.98797755079
6.66666666666667,15.1515151515151,453.962131236137
7.07070707070707,15.1515151515151,486.001377105078
7.47474747474747,15.1515151515151,519.55786321288
7.87878787878788,15.1515151515151,554.281443404114
8.28282828282828,15.1515151515151,590.250001791126
8.68686868686869,15.1515151515151,627.79156612455
9.09090909090909,15.1515151515151,666.404314336699
9.4949494949495,15.1515151515151,706.601858395107
9.8989898989899,15.1515151515151,748.01188735334
10.3030303030303,15.1515151515151,791.510202883556
10.7070707070707,15.1515151515151,836.675671674411
11.1111111111111,15.1515151515151,883.80631084154
11.5151515151515,15.1515151515151,932.110067108134
11.9191919191919,15.1515151515151,981.665952883769
12.3232323232323,15.1515151515151,1032.37877390646
12.7272727272727,15.1515151515151,1086.48414223014
13.1313131313131,15.1515151515151,1144.06217185077
13.5353535353535,15.1515151515151,1204.62741325335
13.9393939393939,15.1515151515151,1268.809472565
14.3434343434343,15.1515151515151,1335.64048450285
14.7474747474747,15.1515151515151,1406.55515604477
15.1515151515151,15.1515151515151,1480.37644906605
15.5555555555556,15.1515151515151,1557.0399090772
15.959595959596,15.1515151515151,1636.34160532741
16.3636363636364,15.1515151515151,1717.15952422724
16.7676767676768,15.1515151515151,1797.28157608931
17.1717171717172,15.1515151515151,1879.1692984071
17.5757575757576,15.1515151515151,1959.29849582612
17.979797979798,15.1515151515151,2039.81443576337
18.3838383838384,15.1515151515151,2118.68828334769
18.7878787878788,15.1515151515151,2197.80730002962
19.1919191919192,15.1515151515151,2278.58932667886
19.5959595959596,15.1515151515151,2360.03382727179
20,15.1515151515151,2442.55021156865
-20,15.5555555555556,300.821390667405
-19.5959595959596,15.5555555555556,284.403107830439
-19.1919191919192,15.5555555555556,268.337784034848
-18.7878787878788,15.5555555555556,252.858312870868
-18.3838383838384,15.5555555555556,237.756708848013
-17.979797979798,15.5555555555556,223.00907192593
-17.5757575757576,15.5555555555556,208.76444515658
-17.1717171717172,15.5555555555556,195.173121936386
-16.7676767676768,15.5555555555556,182.022123766409
-16.3636363636364,15.5555555555556,169.115948831855
-15.959595959596,15.5555555555556,156.367238016215
-15.5555555555556,15.5555555555556,144.084868078393
-15.1515151515152,15.5555555555556,132.404143519497
-14.7474747474747,15.5555555555556,121.162832386834
-14.3434343434343,15.5555555555556,109.887014516652
-13.9393939393939,15.5555555555556,99.2971681834897
-13.5353535353535,15.5555555555556,89.1352970140365
-13.1313131313131,15.5555555555556,79.4685932620065
-12.7272727272727,15.5555555555556,70.349719456456
-12.3232323232323,15.5555555555556,61.7980942711914
-11.9191919191919,15.5555555555556,53.8022520959822
-11.5151515151515,15.5555555555556,45.9583087753114
-11.1111111111111,15.5555555555556,38.5306513353907
-10.7070707070707,15.5555555555556,31.823594359761
-10.3030303030303,15.5555555555556,25.7706715018157
-9.8989898989899,15.5555555555556,20.391744620426
-9.4949494949495,15.5555555555556,15.6047033795606
-9.09090909090909,15.5555555555556,11.4994675142071
-8.68686868686869,15.5555555555556,8.01637265313113
-8.28282828282828,15.5555555555556,5.08843047750349
-7.87878787878788,15.5555555555556,2.84414444719858
-7.47474747474748,15.5555555555556,1.23811577874946
-7.07070707070707,15.5555555555556,0.27546411451613
-6.66666666666667,15.5555555555556,0.00384135640636325
-6.26262626262626,15.5555555555556,0.447192956807554
-5.85858585858586,15.5555555555556,1.66488514123719
-5.45454545454546,15.5555555555556,3.6758567677295
-5.05050505050505,15.5555555555556,6.4425596961806
-4.64646464646465,15.5555555555556,10.0225957981169
-4.24242424242424,15.5555555555556,14.4635312926815
-3.83838383838384,15.5555555555556,19.6819033563483
-3.43434343434344,15.5555555555556,25.822516098115
-3.03030303030303,15.5555555555556,32.6298038458241
-2.62626262626263,15.5555555555556,40.0665218331209
-2.22222222222222,15.5555555555556,48.2573325845271
-1.81818181818182,15.5555555555556,57.0888030968761
-1.41414141414142,15.5555555555556,67.0315114785104
-1.01010101010101,15.5555555555556,77.9080541031265
-0.606060606060606,15.5555555555556,89.3975934905188
-0.202020202020201,15.5555555555556,102.160470548845
0.202020202020201,15.5555555555556,115.632523621704
0.606060606060606,15.5555555555556,129.63739679489
1.01010101010101,15.5555555555556,144.328875685889
1.41414141414142,15.5555555555556,154.900880715176
1.81818181818182,15.5555555555556,170.869746291862
2.22222222222222,15.5555555555556,187.602340755253
2.62626262626263,15.5555555555556,205.384381033146
3.03030303030303,15.5555555555556,224.499546912509
3.43434343434343,15.5555555555556,245.923129754291
3.83838383838384,15.5555555555556,268.477300608851
4.24242424242424,15.5555555555556,292.133698426492
4.64646464646465,15.5555555555556,317.116941509249
5.05050505050505,15.5555555555556,344.67596415947
5.45454545454545,15.5555555555556,372.991669566352
5.85858585858586,15.5555555555556,402.733465627001
6.26262626262626,15.5555555555556,433.248849526669
6.66666666666667,15.5555555555556,464.647646465541
7.07070707070707,15.5555555555556,497.07358394591
7.47474747474747,15.5555555555556,530.661664438628
7.87878787878788,15.5555555555556,565.881660543661
8.28282828282828,15.5555555555556,602.083784264832
8.68686868686869,15.5555555555556,639.764861990414
9.09090909090909,15.5555555555556,678.738516431585
9.4949494949495,15.5555555555556,719.036794557589
9.8989898989899,15.5555555555556,760.782660631516
10.3030303030303,15.5555555555556,803.910175666192
10.7070707070707,15.5555555555556,849.33589367726
11.1111111111111,15.5555555555556,896.347563842626
11.5151515151515,15.5555555555556,945.027336330543
11.9191919191919,15.5555555555556,994.941439827063
12.3232323232323,15.5555555555556,1046.10447857564
12.7272727272727,15.5555555555556,1098.66376855137
13.1313131313131,15.5555555555556,1154.88913993972
13.5353535353535,15.5555555555556,1214.27288455343
13.9393939393939,15.5555555555556,1277.03894554438
14.3434343434343,15.5555555555556,1343.12322086396
14.7474747474747,15.5555555555556,1411.97544126593
15.1515151515151,15.5555555555556,1484.95989592073
15.5555555555556,15.5555555555556,1560.78753578517
15.959595959596,15.5555555555556,1639.47314775228
16.3636363636364,15.5555555555556,1720.80763627529
16.7676767676768,15.5555555555556,1803.79384962895
17.1717171717172,15.5555555555556,1885.98817149717
17.5757575757576,15.5555555555556,1969.89179300383
17.979797979798,15.5555555555556,2052.4194985018
18.3838383838384,15.5555555555556,2135.12835337107
18.7878787878788,15.5555555555556,2216.35435754241
19.1919191919192,15.5555555555556,2297.42518304258
19.5959595959596,15.5555555555556,2379.89229457248
20,15.5555555555556,2463.46058546829
-20,15.959595959596,294.701540841039
-19.5959595959596,15.959595959596,278.350491208042
-19.1919191919192,15.959595959596,262.586858894386
-18.7878787878788,15.959595959596,247.172483537781
-18.3838383838384,15.959595959596,232.104993600444
-17.979797979798,15.959595959596,217.592136633402
-17.5757575757576,15.959595959596,203.720547600081
-17.1717171717172,15.959595959596,190.277805078672
-16.7676767676768,15.959595959596,177.068801372455
-16.3636363636364,15.959595959596,164.020215466067
-15.959595959596,15.959595959596,151.428368071827
-15.5555555555556,15.959595959596,139.45269301184
-15.1515151515152,15.959595959596,127.9190950197
-14.7474747474747,15.959595959596,116.357642486343
-14.3434343434343,15.959595959596,105.440226547882
-13.9393939393939,15.959595959596,94.9934705558921
-13.5353535353535,15.959595959596,85.021654490922
-13.1313131313131,15.959595959596,75.5592083560011
-12.7272727272727,15.959595959596,66.6869636432563
-12.3232323232323,15.959595959596,58.4066957388232
-11.9191919191919,15.959595959596,50.3748343533466
-11.5151515151515,15.959595959596,42.5550302312835
-11.1111111111111,15.959595959596,35.5140628309278
-10.7070707070707,15.959595959596,29.0849173257353
-10.3030303030303,15.959595959596,23.3430324171636
-9.8989898989899,15.959595959596,18.2075950534727
-9.4949494949495,15.959595959596,13.7175064748566
-9.09090909090909,15.959595959596,9.91841035510235
-8.68686868686869,15.959595959596,6.64104288533426
-8.28282828282828,15.959595959596,4.01820254513652
-7.87878787878788,15.959595959596,2.06488008678717
-7.47474747474748,15.959595959596,0.729100381712353
-7.07070707070707,15.959595959596,0.0714090350543483
-6.66666666666667,15.959595959596,0.106577132415497
-6.26262626262626,15.959595959596,0.88488762094894
-5.85858585858586,15.959595959596,2.45344361565261
-5.45454545454546,15.959595959596,4.79271470091485
-5.05050505050505,15.959595959596,7.89986449432871
-4.64646464646465,15.959595959596,11.8290381410808
-4.24242424242424,15.959595959596,16.6482990387626
-3.83838383838384,15.959595959596,22.2143009869518
-3.43434343434344,15.959595959596,28.7117807725443
-3.03030303030303,15.959595959596,35.8246571206998
-2.62626262626263,15.959595959596,43.5960168898167
-2.22222222222222,15.959595959596,52.1207419656748
-1.81818181818182,15.959595959596,61.2962589108936
-1.41414141414142,15.959595959596,71.6089220675115
-1.01010101010101,15.959595959596,82.8221850290693
-0.606060606060606,15.959595959596,94.6600045673719
-0.202020202020201,15.959595959596,107.782054136259
0.202020202020201,15.959595959596,121.610147266899
0.606060606060606,15.959595959596,135.982321032213
1.01010101010101,15.959595959596,151.021469740921
1.41414141414142,15.959595959596,161.824347214717
1.81818181818182,15.959595959596,178.13765581525
2.22222222222222,15.959595959596,195.201521805592
2.62626262626263,15.959595959596,213.283480489288
3.03030303030303,15.959595959596,232.566635015539
3.43434343434343,15.959595959596,254.129228623244
3.83838383838384,15.959595959596,277.022012679558
4.24242424242424,15.959595959596,301.025165914582
4.64646464646465,15.959595959596,326.111435954701
5.05050505050505,15.959595959596,353.788675953548
5.45454545454545,15.959595959596,382.532104367954
5.85858585858586,15.959595959596,412.574339453859
6.26262626262626,15.959595959596,443.570341575181
6.66666666666667,15.959595959596,475.467943343256
7.07070707070707,15.959595959596,508.259748964848
7.47474747474747,15.959595959596,542.122298784563
7.87878787878788,15.959595959596,577.54581231502
8.28282828282828,15.959595959596,614.126051665056
8.68686868686869,15.959595959596,651.937748898654
9.09090909090909,15.959595959596,691.341677983517
9.4949494949495,15.959595959596,731.766547820996
9.8989898989899,15.959595959596,773.76742686424
10.3030303030303,15.959595959596,817.049187248543
10.7070707070707,15.959595959596,862.118959752573
11.1111111111111,15.959595959596,909.179830917081
11.5151515151515,15.959595959596,958.012714333537
11.9191919191919,15.959595959596,1008.29736848755
12.3232323232323,15.959595959596,1059.82221795868
12.7272727272727,15.959595959596,1112.52254093263
13.1313131313131,15.959595959596,1167.00998064573
13.5353535353535,15.959595959596,1225.42582506909
13.9393939393939,15.959595959596,1286.62112105838
14.3434343434343,15.959595959596,1351.56519678557
14.7474747474747,15.959595959596,1419.55145720586
15.1515151515151,15.959595959596,1490.43421525714
15.5555555555556,15.959595959596,1565.48949740968
15.959595959596,15.959595959596,1643.32451649464
16.3636363636364,15.959595959596,1724.03098465849
16.7676767676768,15.959595959596,1807.39787550754
17.1717171717172,15.959595959596,1892.47818667648
17.5757575757576,15.959595959596,1976.83111654761
17.979797979798,15.959595959596,2062.70994999585
18.3838383838384,15.959595959596,2147.70057259744
18.7878787878788,15.959595959596,2232.46067740599
19.1919191919192,15.959595959596,2316.1729723313
19.5959595959596,15.959595959596,2399.29392387196
20,15.959595959596,2483.40567300399
-20,16.3636363636364,288.546306939921
-19.5959595959596,16.3636363636364,272.498975518606
-19.1919191919192,16.3636363636364,256.770732944652
-18.7878787878788,16.3636363636364,241.394519045173
-18.3838383838384,16.3636363636364,226.604806721918
-17.979797979798,16.3636363636364,212.451008070065
-17.5757575757576,16.3636363636364,198.716550203367
-17.1717171717172,16.3636363636364,185.2040143647
-16.7676767676768,16.3636363636364,171.855997856893
-16.3636363636364,16.3636363636364,158.957388050325
-15.959595959596,16.3636363636364,146.683954709477
-15.5555555555556,16.3636363636364,134.849150611493
-15.1515151515152,16.3636363636364,123.024327517897
-14.7474747474747,16.3636363636364,111.780531773421
-14.3434343434343,16.3636363636364,101.03826451682
-13.9393939393939,16.3636363636364,90.7557128080981
-13.5353535353535,16.3636363636364,80.9587875745793
-13.1313131313131,16.3636363636364,71.7721424183995
-12.7272727272727,16.3636363636364,63.1687385533725
-12.3232323232323,16.3636363636364,54.941399742811
-11.9191919191919,16.3636363636364,46.8333426732753
-11.5151515151515,16.3636363636364,39.3812204863562
-11.1111111111111,16.3636363636364,32.5933453745275
-10.7070707070707,16.3636363636364,26.4803129018262
-10.3030303030303,16.3636363636364,21.0112025757302
-9.8989898989899,16.3636363636364,16.1409312835882
-9.4949494949495,16.3636363636364,11.9745662084381
-9.09090909090909,16.3636363636364,8.40507645322158
-8.68686868686869,16.3636363636364,5.39911675238608
-8.28282828282828,16.3636363636364,3.07710096240395
-7.87878787878788,16.3636363636364,1.39816696992476
-7.47474747474748,16.3636363636364,0.353492826381078
-7.07070707070707,16.3636363636364,7.77012711840795e-05
-6.66666666666667,16.3636363636364,0.350749294123261
-6.26262626262626,16.3636363636364,1.47067191030977
-5.85858585858586,16.3636363636364,3.38741822266493
-5.45454545454546,16.3636363636364,6.05750591903753
-5.05050505050505,16.3636363636364,9.52609241031514
-4.64646464646465,16.3636363636364,13.813604990335
-4.24242424242424,16.3636363636364,18.9626329688181
-3.83838383838384,16.3636363636364,24.9096791540497
-3.43434343434344,16.3636363636364,31.7478119734688
-3.03030303030303,16.3636363636364,39.1688545667754
-2.62626262626263,16.3636363636364,47.2744452725019
-2.22222222222222,16.3636363636364,56.0896340092697
-1.81818181818182,16.3636363636364,65.6539303978009
-1.41414141414142,16.3636363636364,76.3374202453296
-1.01010101010101,16.3636363636364,87.8833403292949
-0.606060606060606,16.3636363636364,100.073591477041
-0.202020202020201,16.3636363636364,113.554253565079
0.202020202020201,16.3636363636364,127.738925844839
0.606060606060606,16.3636363636364,142.480355070008
1.01010101010101,16.3636363636364,157.865688505375
1.41414141414142,16.3636363636364,168.899349079765
1.81818181818182,16.3636363636364,185.556906452586
2.22222222222222,16.3636363636364,202.951653391262
2.62626262626263,16.3636363636364,221.351831476316
3.03030303030303,16.3636363636364,240.820394054541
3.43434343434343,16.3636363636364,262.459496403815
3.83838383838384,16.3636363636364,285.716246016811
4.24242424242424,16.3636363636364,310.065910916008
4.64646464646465,16.3636363636364,335.500525568121
5.05050505050505,16.3636363636364,362.924568730631
5.45454545454545,16.3636363636364,392.228372754964
5.85858585858586,16.3636363636364,422.479424223085
6.26262626262626,16.3636363636364,454.013987708751
6.66666666666667,16.3636363636364,486.34253307004
7.07070707070707,16.3636363636364,519.546733481493
7.47474747474747,16.3636363636364,553.812464421757
7.87878787878788,16.3636363636364,589.248018849619
8.28282828282828,16.3636363636364,626.339492529637
8.68686868686869,16.3636363636364,664.390434911223
9.09090909090909,16.3636363636364,703.883045955504
9.4949494949495,16.3636363636364,744.781635846283
9.8989898989899,16.3636363636364,786.874800909562
10.3030303030303,16.3636363636364,830.542809158411
10.7070707070707,16.3636363636364,875.384138350784
11.1111111111111,16.3636363636364,922.362100336299
11.5151515151515,16.3636363636364,971.028926789082
11.9191919191919,16.3636363636364,1021.69113201071
12.3232323232323,16.3636363636364,1073.61256484687
12.7272727272727,16.3636363636364,1126.75242467084
13.1313131313131,16.3636363636364,1180.96999955544
13.5353535353535,16.3636363636364,1237.4189274973
13.9393939393939,16.3636363636364,1298.05375667507
14.3434343434343,16.3636363636364,1361.150292101
14.7474747474747,16.3636363636364,1428.20397800107
15.1515151515151,16.3636363636364,1498.17477533084
15.5555555555556,16.3636363636364,1571.01369223682
15.959595959596,16.3636363636364,1648.14663011192
16.3636363636364,16.3636363636364,1727.98797828652
16.7676767676768,16.3636363636364,1810.71719759992
17.1717171717172,16.3636363636364,1896.11521859976
17.5757575757576,16.3636363636364,1983.27431684506
17.979797979798,16.3636363636364,2069.81212308667
18.3838383838384,16.3636363636364,2157.66513446427
18.7878787878788,16.3636363636364,2245.13364607448
19.1919191919192,16.3636363636364,2331.88349247873
19.5959595959596,16.3636363636364,2418.11134552755
20,16.3636363636364,2503.33307271652
-20,16.7676767676768,282.59350498802
-19.5959595959596,16.7676767676768,266.544274123426
-19.1919191919192,16.7676767676768,250.877973233281
-18.7878787878788,16.7676767676768,235.800097368424
-18.3838383838384,16.7676767676768,221.364721713318
-17.979797979798,16.7676767676768,207.338494731169
-17.5757575757576,16.7676767676768,193.522280001443
-17.1717171717172,16.7676767676768,179.875811341572
-16.7676767676768,16.7676767676768,166.668992290365
-16.3636363636364,16.7676767676768,154.09816019405
-15.959595959596,16.7676767676768,141.961710728851
-15.5555555555556,16.7676767676768,129.900472293266
-15.1515151515152,16.7676767676768,118.305918433704
-14.7474747474747,16.7676767676768,107.26951857588
-14.3434343434343,16.7676767676768,96.6657141970107
-13.9393939393939,16.7676767676768,86.5537739393094
-13.5353535353535,16.7676767676768,77.0473282113322
-13.1313131313131,16.7676767676768,68.1042120415094
-12.7272727272727,16.7676767676768,59.6493536971746
-12.3232323232323,16.7676767676768,51.3108097675497
-11.9191919191919,16.7676767676768,43.4464854465548
-11.5151515151515,16.7676767676768,36.3065204828928
-11.1111111111111,16.7676767676768,29.8127240772945
-10.7070707070707,16.7676767676768,24.0092966876963
-10.3030303030303,16.7676767676768,18.7897192486349
-9.8989898989899,16.7676767676768,14.2298058886399
-9.4949494949495,16.7676767676768,10.3552421442995
-9.09090909090909,16.7676767676768,6.99524432661113
-8.68686868686869,16.7676767676768,4.29463619510161
-8.28282828282828,16.7676767676768,2.2633783638504
-7.87878787878788,16.7676767676768,0.852527694609836
-7.47474747474748,16.7676767676768,0.113049010132995
-7.07070707070707,16.7676767676768,0.0643821383639675
-6.66666666666667,16.7676767676768,0.744616568266345
-6.26262626262626,16.7676767676768,2.2048624469422
-5.85858585858586,16.7676767676768,4.460283537627
-5.45454545454546,16.7676767676768,7.47023069428939
-5.05050505050505,16.7676767676768,11.2925337257671
-4.64646464646465,16.7676767676768,15.957582801343
-4.24242424242424,16.7676767676768,21.4308443166292
-3.83838383838384,16.7676767676768,27.7627193701501
-3.43434343434344,16.7676767676768,34.9356973914304
-3.03030303030303,16.7676767676768,42.666801875376
-2.62626262626263,16.7676767676768,51.1021575820617
-2.22222222222222,16.7676767676768,60.2129650481124
-1.81818181818182,16.7676767676768,70.1621213732963
-1.41414141414142,16.7676767676768,81.2171356593336
-1.01010101010101,16.7676767676768,93.0969580835244
-0.606060606060606,16.7676767676768,105.637567768978
-0.202020202020201,16.7676767676768,119.476969303289
0.202020202020201,16.7676767676768,134.024792662966
0.606060606060606,16.7676767676768,149.121984856643
1.01010101010101,16.7676767676768,164.861651278047
1.41414141414142,16.7676767676768,176.132757188951
1.81818181818182,16.7676767676768,193.127470123221
2.22222222222222,16.7676767676768,210.86163079115
2.62626262626263,16.7676767676768,229.574682785635
3.03030303030303,16.7676767676768,249.276551062212
3.43434343434343,16.7676767676768,270.94337949462
3.83838383838384,16.7676767676768,294.555025405671
4.24242424242424,16.7676767676768,319.219968743615
4.64646464646465,16.7676767676768,344.989562567994
5.05050505050505,16.7676767676768,372.195024841219
5.45454545454545,16.7676767676768,402.01004751706
5.85858585858586,16.7676767676768,432.525962322047
6.26262626262626,16.7676767676768,464.54996423625
6.66666666666667,16.7676767676768,497.303328474633
7.07070707070707,16.7676767676768,531.016214326417
7.47474747474747,16.7676767676768,565.623701804634
7.87878787878788,16.7676767676768,601.309003024656
8.28282828282828,16.7676767676768,638.600500768246
8.68686868686869,16.7676767676768,677.036163622613
9.09090909090909,16.7676767676768,716.699107572689
9.4949494949495,16.7676767676768,757.916068928223
9.8989898989899,16.7676767676768,800.235886078693
10.3030303030303,16.7676767676768,843.976048560946
10.7070707070707,16.7676767676768,889.168689608708
11.1111111111111,16.7676767676768,935.756753827683
11.5151515151515,16.7676767676768,984.708426845412
11.9191919191919,16.7676767676768,1035.14209355929
12.3232323232323,16.7676767676768,1087.4575840035
12.7272727272727,16.7676767676768,1140.97042350948
13.1313131313131,16.7676767676768,1195.73181931189
13.5353535353535,16.7676767676768,1251.47713693481
13.9393939393939,16.7676767676768,1309.99254813353
14.3434343434343,16.7676767676768,1372.77269888449
14.7474747474747,16.7676767676768,1437.77771753846
15.1515151515151,16.7676767676768,1506.9564032854
15.5555555555556,16.7676767676768,1578.91560742594
15.959595959596,16.7676767676768,1653.71568659792
16.3636363636364,16.7676767676768,1732.93043562748
16.7676767676768,16.7676767676768,1814.77824617464
17.1717171717172,16.7676767676768,1899.53294932198
17.5757575757576,16.7676767676768,1986.95876328129
17.979797979798,16.7676767676768,2076.19814118326
18.3838383838384,16.7676767676768,2164.92844585197
18.7878787878788,16.7676767676768,2254.75845689565
19.1919191919192,16.7676767676768,2344.6763307957
19.5959595959596,16.7676767676768,2433.45605826958
20,16.7676767676768,2522.13532168143
-20,17.1717171717172,276.486060217876
-19.5959595959596,17.1717171717172,260.54013741605
-19.1919191919192,17.1717171717172,245.178381253135
-18.7878787878788,17.1717171717172,230.461664769459
-18.3838383838384,17.1717171717172,216.143505379796
-17.979797979798,17.1717171717172,202.023024344994
-17.5757575757576,17.1717171717172,188.081934505476
-17.1717171717172,17.1717171717172,174.563301605992
-16.7676767676768,17.1717171717172,161.69602493387
-16.3636363636364,17.1717171717172,149.254655692456
-15.959595959596,17.1717171717172,136.963612383107
-15.5555555555556,17.1717171717172,125.016406114168
-15.1515151515152,17.1717171717172,113.687112458435
-14.7474747474747,17.1717171717172,102.762065313894
-14.3434343434343,17.1717171717172,92.33107779561
-13.9393939393939,17.1717171717172,82.5095096755108
-13.5353535353535,17.1717171717172,73.2222908598366
-13.1313131313131,17.1717171717172,64.5071561008115
-12.7272727272727,17.1717171717172,55.9784226449435
-12.3232323232323,17.1717171717172,47.7093426683579
-11.9191919191919,17.1717171717172,40.2401016365721
-11.5151515151515,17.1717171717172,33.3744104555594
-11.1111111111111,17.1717171717172,27.1964841825487
-10.7070707070707,17.1717171717172,21.6399402770115
-10.3030303030303,17.1717171717172,16.6918296126517
-9.8989898989899,17.1717171717172,12.4609899977296
-9.4949494949495,17.1717171717172,8.80299579342626
-9.09090909090909,17.1717171717172,5.71901119242767
-8.68686868686869,17.1717171717172,3.31921699358363
-8.28282828282828,17.1717171717172,1.56794266399977
-7.87878787878788,17.1717171717172,0.441776596923074
-7.47474747474748,17.1717171717172,0.00617911414281103
-7.07070707070707,17.1717171717172,0.269302013510762
-6.66666666666667,17.1717171717172,1.28810992666371
-6.26262626262626,17.1717171717172,3.10084479940655
-5.85858585858586,17.1717171717172,5.68303275859807
-5.45454545454546,17.1717171717172,9.02222155059006
-5.05050505050505,17.1717171717172,13.2025108064392
-4.64646464646465,17.1717171717172,18.2444716032818
-4.24242424242424,17.1717171717172,24.0538500082626
-3.83838383838384,17.1717171717172,30.7762084401784
-3.43434343434344,17.1717171717172,38.2570332361055
-3.03030303030303,17.1717171717172,46.3139947695705
-2.62626262626263,17.1717171717172,55.0741442152684
-2.22222222222222,17.1717171717172,64.500572207251
-1.81818181818182,17.1717171717172,74.8199295990848
-1.41414141414142,17.1717171717172,86.2479844613854
-1.01010101010101,17.1717171717172,98.4608369578665
-0.606060606060606,17.1717171717172,111.352204232996
-0.202020202020201,17.1717171717172,125.550347812841
0.202020202020201,17.1717171717172,140.461627001261
0.606060606060606,17.1717171717172,155.913643927976
1.01010101010101,17.1717171717172,172.009212694323
1.41414141414142,17.1717171717172,183.533769152776
1.81818181818182,17.1717171717172,200.849478834855
2.22222222222222,17.1717171717172,218.942998636987
2.62626262626263,17.1717171717172,237.946434831539
3.03030303030303,17.1717171717172,257.945336917361
3.43434343434343,17.1717171717172,279.570245647727
3.83838383838384,17.1717171717172,303.527848084548
4.24242424242424,17.1717171717172,328.524826376285
4.64646464646465,17.1717171717172,354.607117836773
5.05050505050505,17.1717171717172,381.829904035603
5.45454545454545,17.1717171717172,411.845074081314
5.85858585858586,17.1717171717172,442.817938983657
6.26262626262626,17.1717171717172,475.05180000964
6.66666666666667,17.1717171717172,508.340851037543
7.07070707070707,17.1717171717172,542.504112541717
7.47474747474747,17.1717171717172,577.51922672534
7.87878787878788,17.1717171717172,613.618319063133
8.28282828282828,17.1717171717172,650.901620118172
8.68686868686869,17.1717171717172,689.865430342208
9.09090909090909,17.1717171717172,729.764651054074
9.4949494949495,17.1717171717172,771.058211449562
9.8989898989899,17.1717171717172,813.884330997245
10.3030303030303,17.1717171717172,857.750202072364
10.7070707070707,17.1717171717172,903.238275976272
11.1111111111111,17.1717171717172,949.943991405051
11.5151515151515,17.1717171717172,998.477341939687
11.9191919191919,17.1717171717172,1049.08377570209
12.3232323232323,17.1717171717172,1101.40143093294
12.7272727272727,17.1717171717172,1155.25370900351
13.1313131313131,17.1717171717172,1210.37695468576
13.5353535353535,17.1717171717172,1266.75497104391
13.9393939393939,17.1717171717172,1324.12670675615
14.3434343434343,17.1717171717172,1384.78433464458
14.7474747474747,17.1717171717172,1449.58180366851
15.1515151515151,17.1717171717172,1516.50399158329
15.5555555555556,17.1717171717172,1587.8209761057
15.959595959596,17.1717171717172,1661.77632378671
16.3636363636364,17.1717171717172,1738.54061074329
16.7676767676768,17.1717171717172,1819.83963568931
17.1717171717172,17.1717171717172,1903.69367935606
17.5757575757576,17.1717171717172,1990.4750719907
17.979797979798,17.1717171717172,2079.92577316078
18.3838383838384,17.1717171717172,2171.25217182816
18.7878787878788,17.1717171717172,2262.18216744777
19.1919191919192,17.1717171717172,2353.9848296493
19.5959595959596,17.1717171717172,2446.32492003989
20,17.1717171717172,2537.19464406817
-20,17.5757575757576,270.380285042635
-19.5959595959596,17.5757575757576,254.739360873645
-19.1919191919192,17.5757575757576,239.731711119662
-18.7878787878788,17.5757575757576,225.131494562173
-18.3838383838384,17.5757575757576,210.706702501404
-17.979797979798,17.5757575757576,196.470958143308
-17.5757575757576,17.5757575757576,182.640396785982
-17.1717171717172,17.5757575757576,169.476617990199
-16.7676767676768,17.5757575757576,156.712215254852
-16.3636363636364,17.5757575757576,144.213749536974
-15.959595959596,17.5757575757576,131.912082440672
-15.5555555555556,17.5757575757576,120.291267541505
-15.1515151515152,17.5757575757576,109.044900339887
-14.7474747474747,17.5757575757576,98.3229477168882
-14.3434343434343,17.5757575757576,88.1442477876522
-13.9393939393939,17.5757575757576,78.5356590099342
-13.5353535353535,17.5757575757576,69.5288871785515
-13.1313131313131,17.5757575757576,60.8267315940997
-12.7272727272727,17.5757575757576,52.2313850148004
-12.3232323232323,17.5757575757576,44.3498170059557
-11.9191919191919,17.5757575757576,37.1189178438003
-11.5151515151515,17.5757575757576,30.5662734070286
-11.1111111111111,17.5757575757576,24.6777273099645
-10.7070707070707,17.5757575757576,19.3808773327482
-10.3030303030303,17.5757575757576,14.752973163317
-9.8989898989899,17.5757575757576,10.802175333491
-9.4949494949495,17.5757575757576,7.35865996197331
-9.09090909090909,17.5757575757576,4.58026231157132
-8.68686868686869,17.5757575757576,2.47159681462229
-8.28282828282828,17.5757575757576,0.985600512234887
-7.87878787878788,17.5757575757576,0.164211647979566
-7.47474747474748,17.5757575757576,0.0328360777761144
-7.07070707070707,17.5757575757576,0.61750574451653
-6.66666666666667,17.5757575757576,1.97941062281893
-6.26262626262626,17.5757575757576,4.1420670981331
-5.85858585858586,17.5757575757576,7.05371922401378
-5.45454545454546,17.5757575757576,10.7521812262422
-5.05050505050505,17.5757575757576,15.2667741732495
-4.64646464646465,17.5757575757576,20.6896041450393
-4.24242424242424,17.5757575757576,26.8387179156699
-3.83838383838384,17.5757575757576,33.9449188384805
-3.43434343434344,17.5757575757576,41.7193489601793
-3.03030303030303,17.5757575757576,50.1021567630261
-2.62626262626263,17.5757575757576,59.1959463053172
-2.22222222222222,17.5757575757576,68.9365320304298
-1.81818181818182,17.5757575757576,79.6276041148658
-1.41414141414142,17.5757575757576,91.4300364567609
-1.01010101010101,17.5757575757576,103.974921742149
-0.606060606060606,17.5757575757576,117.217326005049
-0.202020202020201,17.5757575757576,131.774068518323
0.202020202020201,17.5757575757576,147.049544506052
0.606060606060606,17.5757575757576,162.856392898436
1.01010101010101,17.5757575757576,179.308597892041
1.41414141414142,17.5757575757576,191.097268477397
1.81818181818182,17.5757575757576,208.722827086272
2.22222222222222,17.5757575757576,227.176645431207
2.62626262626263,17.5757575757576,246.467570206857
3.03030303030303,17.5757575757576,266.800608258233
3.43434343434343,17.5757575757576,288.506708458758
3.83838383838384,17.5757575757576,312.636575919933
4.24242424242424,17.5757575757576,337.969947353754
4.64646464646465,17.5757575757576,364.438816622972
5.05050505050505,17.5757575757576,391.963164535938
5.45454545454545,17.5757575757576,421.699385323232
5.85858585858586,17.5757575757576,453.242948608708
6.26262626262626,17.5757575757576,485.675641182287
6.66666666666667,17.5757575757576,519.521083382654
7.07070707070707,17.5757575757576,554.105878535686
7.47474747474747,17.5757575757576,589.604766515809
7.87878787878788,17.5757575757576,626.054261928561
8.28282828282828,17.5757575757576,663.561405728685
8.68686868686869,17.5757575757576,702.722478625527
9.09090909090909,17.5757575757576,743.012786139615
9.4949494949495,17.5757575757576,784.521762769434
9.8989898989899,17.5757575757576,827.506181174731
10.3030303030303,17.5757575757576,871.747461595832
10.7070707070707,17.5757575757576,917.340429598928
11.1111111111111,17.5757575757576,964.46198023168
11.5151515151515,17.5757575757576,1012.76549100666
11.9191919191919,17.5757575757576,1063.23265201471
12.3232323232323,17.5757575757576,1115.41983709175
12.7272727272727,17.5757575757576,1169.59583615643
13.1313131313131,17.5757575757576,1225.09974792518
13.5353535353535,17.5757575757576,1281.8326583457
13.9393939393939,17.5757575757576,1339.81415571285
14.3434343434343,17.5757575757576,1399.05618075804
14.7474747474747,17.5757575757576,1461.85592092806
15.1515151515151,17.5757575757576,1528.4822173333
15.5555555555556,17.5757575757576,1597.39410994864
15.959595959596,17.5757575757576,1670.82005595014
16.3636363636364,17.5757575757576,1746.75603849725
16.7676767676768,17.5757575757576,1825.52183178111
17.1717171717172,17.5757575757576,1908.87615949801
17.5757575757576,17.5757575757576,1994.73656866128
17.979797979798,17.5757575757576,2083.54426210654
18.3838383838384,17.5757575757576,2175.0157508548
18.7878787878788,17.5757575757576,2268.42969353749
19.1919191919192,17.5757575757576,2361.57148139829
19.5959595959596,17.5757575757576,2455.35157711015
20,17.5757575757576,2550.08145619376
-20,17.979797979798,264.483242982082
-19.5959595959596,17.979797979798,249.184628149273
-19.1919191919192,17.979797979798,234.30254294022
-18.7878787878788,17.979797979798,219.573045676049
-18.3838383838384,17.979797979798,205.04301015978
-17.979797979798,17.979797979798,190.901261546334
-17.5757575757576,17.979797979798,177.440211921584
-17.1717171717172,17.979797979798,164.373602626216
-16.7676767676768,17.979797979798,151.644637666987
-16.3636363636364,17.979797979798,138.992819455973
-15.959595959596,17.979797979798,127.055656132542
-15.5555555555556,17.979797979798,115.514226262615
-15.1515151515152,17.979797979798,104.486993607361
-14.7474747474747,17.979797979798,93.9686928578469
-14.3434343434343,17.979797979798,84.045730115318
-13.9393939393939,17.979797979798,74.7161632522429
-13.5353535353535,17.979797979798,65.7796494607058
-13.1313131313131,17.979797979798,56.9580629688163
-12.7272727272727,17.979797979798,48.6576735424149
-12.3232323232323,17.979797979798,41.0852603743017
-11.9191919191919,17.979797979798,34.1540275399173
-11.5151515151515,17.979797979798,27.915252335765
-11.1111111111111,17.979797979798,22.2700996377921
-10.7070707070707,17.979797979798,17.2569694039236
-10.3030303030303,17.979797979798,12.9570839582935
-9.8989898989899,17.979797979798,9.21010120620284
-9.4949494949495,17.979797979798,6.0481081283296
-9.09090909090909,17.979797979798,3.57050751689251
-8.68686868686869,17.979797979798,1.74727826390842
-8.28282828282828,17.979797979798,0.539006742181369
-7.87878787878788,17.979797979798,0.0217884744481226
-7.47474747474748,17.979797979798,0.198514965193829
-7.07070707070707,17.979797979798,1.11762255055582
-6.66666666666667,17.979797979798,2.82055915770378
-6.26262626262626,17.979797979798,5.32062002436525
-5.85858585858586,17.979797979798,8.57234673314666
-5.45454545454546,17.979797979798,12.6380753342875
-5.05050505050505,17.979797979798,17.512792559886
-4.64646464646465,17.979797979798,23.2682201762107
-4.24242424242424,17.979797979798,29.7856863720753
-3.83838383838384,17.979797979798,37.2561755289621
-3.43434343434344,17.979797979798,45.3374678800704
-3.03030303030303,17.979797979798,54.0391839582537
-2.62626262626263,17.979797979798,63.4845716718136
-2.22222222222222,17.979797979798,73.5212111202416
-1.81818181818182,17.979797979798,84.5848639279532
-1.41414141414142,17.979797979798,96.7626568755758
-1.01010101010101,17.979797979798,109.639210868153
-0.606060606060606,17.979797979798,123.232929945568
-0.202020202020201,17.979797979798,138.148586505108
0.202020202020201,17.979797979798,153.788340158141
0.606060606060606,17.979797979798,169.950421248482
1.01010101010101,17.979797979798,186.75939927261
1.41414141414142,17.979797979798,198.813322970334
1.81818181818182,17.979797979798,216.74756946461
2.22222222222222,17.979797979798,235.56337892519
2.62626262626263,17.979797979798,255.143544651946
3.03030303030303,17.979797979798,275.796646863231
3.43434343434343,17.979797979798,297.657072424033
3.83838383838384,17.979797979798,321.874558279836
4.24242424242424,17.979797979798,347.571824797052
4.64646464646465,17.979797979798,374.362733369991
5.05050505050505,17.979797979798,402.237776789089
5.45454545454545,17.979797979798,431.681137557893
5.85858585858586,17.979797979798,463.751624610519
6.26262626262626,17.979797979798,496.485642432482
6.66666666666667,17.979797979798,530.720454928818
7.07070707070707,17.979797979798,565.761974167521
7.47474747474747,17.979797979798,601.733948069801
7.87878787878788,17.979797979798,638.565701028933
8.28282828282828,17.979797979798,676.48886578316
8.68686868686869,17.979797979798,715.622102569733
9.09090909090909,17.979797979798,756.458991908941
9.4949494949495,17.979797979798,798.205627182998
9.8989898989899,17.979797979798,841.312003686296
10.3030303030303,17.979797979798,886.029003147414
10.7070707070707,17.979797979798,931.709355736828
11.1111111111111,17.979797979798,978.975244218574
11.5151515151515,17.979797979798,1027.55961638659
11.9191919191919,17.979797979798,1077.61129080959
12.3232323232323,17.979797979798,1130.08568251885
12.7272727272727,17.979797979798,1183.92248389379
13.1313131313131,17.979797979798,1239.86506743491
13.5353535353535,17.979797979798,1296.99432695041
13.9393939393939,17.979797979798,1355.33725361383
14.3434343434343,17.979797979798,1414.84861629251
14.7474747474747,17.979797979798,1476.04981161118
15.1515151515151,17.979797979798,1541.01636748572
15.5555555555556,17.979797979798,1609.47184413721
15.959595959596,17.979797979798,1680.48220336952
16.3636363636364,17.979797979798,1755.94149589217
16.7676767676768,17.979797979798,1833.84919736241
17.1717171717172,17.979797979798,1914.6515240182
17.5757575757576,17.979797979798,2000.03939545362
17.979797979798,17.979797979798,2087.90559043435
18.3838383838384,17.979797979798,2178.73736181751
18.7878787878788,17.979797979798,2272.2332590077
19.1919191919192,17.979797979798,2367.73601527306
19.5959595959596,17.979797979798,2463.09972452662
20,17.979797979798,2558.85353277999
-20,18.3838383838384,258.820144880828
-19.5959595959596,18.3838383838384,243.652153115408
-19.1919191919192,18.3838383838384,228.622079249462
-18.7878787878788,18.3838383838384,213.798006888083
-18.3838383838384,18.3838383838384,199.347315020158
-17.979797979798,18.3838383838384,185.582869312941
-17.5757575757576,18.3838383838384,172.217998616236
-17.1717171717172,18.3838383838384,159.255885733619
-16.7676767676768,18.3838383838384,146.258567544551
-16.3636363636364,18.3838383838384,134.00052196446
-15.959595959596,18.3838383838384,122.170281972249
-15.5555555555556,18.3838383838384,110.836500223943
-15.1515151515152,18.3838383838384,99.9794855484231
-14.7474747474747,18.3838383838384,89.7463287973841
-14.3434343434343,18.3838383838384,80.0706097991616
-13.9393939393939,18.3838383838384,70.9075054654512
-13.5353535353535,18.3838383838384,61.8767703443977
-13.1313131313131,18.3838383838384,53.1644075745877
-12.7272727272727,18.3838383838384,45.2612561773319
-12.3232323232323,18.3838383838384,37.955343549917
-11.9191919191919,18.3838383838384,31.3386925507306
-11.5151515151515,18.3838383838384,25.3584520218143
-11.1111111111111,18.3838383838384,19.9796972490003
-10.7070707070707,18.3838383838384,15.2867612674282
-10.3030303030303,18.3838383838384,11.2575731159566
-9.8989898989899,18.3838383838384,7.73126485910151
-9.4949494949495,18.3838383838384,4.87509433894447
-9.09090909090909,18.3838383838384,2.68906143668041
-8.68686868686869,18.3838383838384,1.12856269200224
-8.28282828282828,18.3838383838384,0.224897270293115
-7.87878787878788,18.3838383838384,0.0122786493308052
-7.47474747474748,18.3838383838384,0.506125595005066
-7.07070707070707,18.3838383838384,1.76680974112569
-6.66666666666667,18.3838383838384,3.82396527570087
-6.26262626262626,18.3838383838384,6.64914859610094
-5.85858585858586,18.3838383838384,10.23472360007
-5.45454545454546,18.3838383838384,14.6498034341638
-5.05050505050505,18.3838383838384,19.917112705035
-4.64646464646465,18.3838383838384,25.9887546959492
-4.24242424242424,18.3838383838384,32.8965559711929
-3.83838383838384,18.3838383838384,40.7039768067952
-3.43434343434344,18.3838383838384,49.0924034899078
-3.03030303030303,18.3838383838384,58.126163856989
-2.62626262626263,18.3838383838384,67.920915357889
-2.22222222222222,18.3838383838384,78.2624186553046
-1.81818181818182,18.3838383838384,89.6972091526961
-1.41414141414142,18.3838383838384,102.242979577274
-1.01010101010101,18.3838383838384,115.453805239408
-0.606060606060606,18.3838383838384,129.399034611802
-0.202020202020201,18.3838383838384,144.673506093051
0.202020202020201,18.3838383838384,160.680594653638
0.606060606060606,18.3838383838384,177.195757514698
1.01010101010101,18.3838383838384,194.353942934801
1.41414141414142,18.3838383838384,206.688942948678
1.81818181818182,18.3838383838384,224.923564517169
2.22222222222222,18.3838383838384,244.085915749014
2.62626262626263,18.3838383838384,263.99326795222
3.03030303030303,18.3838383838384,284.950346257831
3.43434343434343,18.3838383838384,306.993730998049
3.83838383838384,18.3838383838384,331.246351233101
4.24242424242424,18.3838383838384,357.312738043417
4.64646464646465,18.3838383838384,384.416144219226
5.05050505050505,18.3838383838384,412.612539875487
5.45454545454545,18.3838383838384,441.947719592338
5.85858585858586,18.3838383838384,474.310279433965
6.26262626262626,18.3838383838384,507.521441651058
6.66666666666667,18.3838383838384,541.931886328548
7.07070707070707,18.3838383838384,577.553421406763
7.47474747474747,18.3838383838384,613.959682786055
7.87878787878788,18.3838383838384,651.253005392344
8.28282828282828,18.3838383838384,689.550556135874
8.68686868686869,18.3838383838384,728.879506896649
9.09090909090909,18.3838383838384,769.911668383353
9.4949494949495,18.3838383838384,812.064110025274
9.8989898989899,18.3838383838384,855.410543818383
10.3030303030303,18.3838383838384,900.233369273358
10.7070707070707,18.3838383838384,946.389434141091
11.1111111111111,18.3838383838384,993.752975822786
11.5151515151515,18.3838383838384,1042.72066299441
11.9191919191919,18.3838383838384,1092.84881410593
12.3232323232323,18.3838383838384,1144.84344236267
12.7272727272727,18.3838383838384,1198.97741620906
13.1313131313131,18.3838383838384,1254.71288762189
13.5353535353535,18.3838383838384,1312.20368034539
13.9393939393939,18.3838383838384,1370.92603075388
14.3434343434343,18.3838383838384,1430.8907173224
14.7474747474747,18.3838383838384,1491.90699181874
15.1515151515151,18.3838383838384,1555.10625768573
15.5555555555556,18.3838383838384,1622.30914305119
15.959595959596,18.3838383838384,1692.55307809916
16.3636363636364,18.3838383838384,1765.72645579571
16.7676767676768,18.3838383838384,1843.17835073301
17.1717171717172,18.3838383838384,1923.06075301111
17.5757575757576,18.3838383838384,2005.90516919044
17.979797979798,18.3838383838384,2093.32866902239
18.3838383838384,18.3838383838384,2183.20179051895
18.7878787878788,18.3838383838384,2276.05966567691
19.1919191919192,18.3838383838384,2371.57472376353
19.5959595959596,18.3838383838384,2469.17047323734
20,18.3838383838384,2566.76433306938
-20,18.7878787878788,253.181700910771
-19.5959595959596,18.7878787878788,237.853948572653
-19.1919191919192,18.7878787878788,222.736028533055
-18.7878787878788,18.7878787878788,207.975965699545
-18.3838383838384,18.7878787878788,193.907739082016
-17.979797979798,18.7878787878788,180.244954406269
-17.5757575757576,18.7878787878788,167.053544257074
-17.1717171717172,18.7878787878788,153.709485273998
-16.7676767676768,18.7878787878788,141.121224303201
-16.3636363636364,18.7878787878788,129.012942023077
-15.959595959596,18.7878787878788,117.357806373887
-15.5555555555556,18.7878787878788,106.187516040455
-15.1515151515152,18.7878787878788,95.6340951948065
-14.7474747474747,18.7878787878788,85.6147558246274
-14.3434343434343,18.7878787878788,76.1825715555078
-13.9393939393939,18.7878787878788,66.9781278088721
-13.5353535353535,18.7878787878788,57.9238437015787
-13.1313131313131,18.7878787878788,49.6136307680847
-12.7272727272727,18.7878787878788,41.9407094721248
-12.3232323232323,18.7878787878788,34.9460055825057
-11.9191919191919,18.7878787878788,28.6433950734423
-11.5151515151515,18.7878787878788,22.9125120233216
-11.1111111111111,18.7878787878788,17.8314914552551
-10.7070707070707,18.7878787878788,13.4628770370258
-10.3030303030303,18.7878787878788,9.62640193186873
-9.8989898989899,18.7878787878788,6.3864114865447
-9.4949494949495,18.7878787878788,3.8309662347308
-9.09090909090909,18.7878787878788,1.93360719582588
-8.68686868686869,18.7878787878788,0.64580525060427
-8.28282828282828,18.7878787878788,0.0469203463169302
-7.87878787878788,18.7878787878788,0.138999996030824
-7.47474747474748,18.7878787878788,0.959596174620562
-7.07070707070707,18.7878787878788,2.56357944627914
-6.66666666666667,18.7878787878788,4.97254430937101
-6.26262626262626,18.7878787878788,8.12573744458532
-5.85858585858586,18.7878787878788,12.0524579000704
-5.45454545454546,18.7878787878788,16.8189005104712
-5.05050505050505,18.7878787878788,22.4639599759775
-4.64646464646465,18.7878787878788,28.8695774135539
-4.24242424242424,18.7878787878788,36.163682833268
-3.83838383838384,18.7878787878788,44.3042498040542
-3.43434343434344,18.7878787878788,52.9909343534028
-3.03030303030303,18.7878787878788,62.3621259706987
-2.62626262626263,18.7878787878788,72.492427001857
-2.22222222222222,18.7878787878788,83.1563881410717
-1.81818181818182,18.7878787878788,94.9658704040734
-1.41414141414142,18.7878787878788,107.874746190324
-1.01010101010101,18.7878787878788,121.418564009161
-0.606060606060606,18.7878787878788,135.715749534254
-0.202020202020201,18.7878787878788,151.34902747716
0.202020202020201,18.7878787878788,167.725778323203
0.606060606060606,18.7878787878788,184.592121361979
1.01010101010101,18.7878787878788,202.099785819764
1.41414141414142,18.7878787878788,214.744620054086
1.81818181818182,18.7878787878788,233.251038988039
2.22222222222222,18.7878787878788,252.757772574027
2.62626262626263,18.7878787878788,272.993548272031
3.03030303030303,18.7878787878788,294.270299118779
3.43434343434343,18.7878787878788,316.537345175287
3.83838383838384,18.7878787878788,340.774951942976
4.24242424242424,18.7878787878788,367.188342063124
4.64646464646465,18.7878787878788,394.627618589569
5.05050505050505,18.7878787878788,423.182412930035
5.45454545454545,18.7878787878788,452.827801596276
5.85858585858586,18.7878787878788,484.882946843022
6.26262626262626,18.7878787878788,518.666036988201
6.66666666666667,18.7878787878788,553.275488103743
7.07070707070707,18.7878787878788,589.430546808009
7.47474747474747,18.7878787878788,626.250708974059
7.87878787878788,18.7878787878788,664.032770278381
8.28282828282828,18.7878787878788,702.67859172102
8.68686868686869,18.7878787878788,742.425403898186
9.09090909090909,18.7878787878788,783.409558803911
9.4949494949495,18.7878787878788,826.120258525788
9.8989898989899,18.7878787878788,869.713531607354
10.3030303030303,18.7878787878788,914.639636874728
10.7070707070707,18.7878787878788,961.241857367772
11.1111111111111,18.7878787878788,1008.7732261922
11.5151515151515,18.7878787878788,1057.80017501207
11.9191919191919,18.7878787878788,1108.38609086189
12.3232323232323,18.7878787878788,1160.1560752536
12.7272727272727,18.7878787878788,1214.11124883116
13.1313131313131,18.7878787878788,1269.85733024549
13.5353535353535,18.7878787878788,1327.53977479858
13.9393939393939,18.7878787878788,1386.57667211586
14.3434343434343,18.7878787878788,1446.90803698551
14.7474747474747,18.7878787878788,1508.49480422739
15.1515151515151,18.7878787878788,1571.00824906319
15.5555555555556,18.7878787878788,1636.22371379835
15.959595959596,18.7878787878788,1705.71720526913
16.3636363636364,18.7878787878788,1777.72502438726
16.7676767676768,18.7878787878788,1853.17353480218
17.1717171717172,18.7878787878788,1932.52899058255
17.5757575757576,18.7878787878788,2014.39068188566
17.979797979798,18.7878787878788,2099.28658890475
18.3838383838384,18.7878787878788,2188.74467047159
18.7878787878788,18.7878787878788,2280.62375872295
19.1919191919192,18.7878787878788,2375.50652843158
19.5959595959596,18.7878787878788,2473.04270659508
20,18.7878787878788,2572.73040578972
-20,19.1919191919192,247.26851060066
-19.5959595959596,19.1919191919192,231.857365523973
-19.1919191919192,19.1919191919192,216.7877894929
-18.7878787878788,19.1919191919192,202.408414844106
-18.3838383838384,19.1919191919192,188.455210297792
-17.979797979798,19.1919191919192,175.0024415181
-17.5757575757576,19.1919191919192,161.345602094135
-17.1717171717172,19.1919191919192,148.44182495972
-16.7676767676768,19.1919191919192,136.042153651233
-16.3636363636364,19.1919191919192,124.065536843692
-15.959595959596,19.1919191919192,112.576735057416
-15.5555555555556,19.1919191919192,101.70052028352
-15.1515151515152,19.1919191919192,91.3526657100614
-14.7474747474747,19.1919191919192,81.6198213018442
-14.3434343434343,19.1919191919192,72.2096997635036
-13.9393939393939,19.1919191919192,62.8981385904789
-13.5353535353535,19.1919191919192,54.1639012029669
-13.1313131313131,19.1919191919192,46.1593373056238
-12.7272727272727,19.1919191919192,38.7903309482756
-12.3232323232323,19.1919191919192,32.115399235611
-11.9191919191919,19.1919191919192,26.0486985866307
-11.5151515151515,19.1919191919192,20.5857954454622
-11.1111111111111,19.1919191919192,15.8300086549042
-10.7070707070707,19.1919191919192,11.7203797454367
-10.3030303030303,19.1919191919192,8.1130831743186
-9.8989898989899,19.1919191919192,5.17912081623281
-9.4949494949495,19.1919191919192,2.91570627389315
-9.09090909090909,19.1919191919192,1.28163121104172
-8.68686868686869,19.1919191919192,0.29634023970122
-8.28282828282828,19.1919191919192,0.0016817811062145
-7.87878787878788,19.1919191919192,0.406674594230628
-7.47474747474748,19.1919191919192,1.56610423092261
-7.07070707070707,19.1919191919192,3.51197761741424
-6.66666666666667,19.1919191919192,6.25719684352613
-6.26262626262626,19.1919191919192,9.75026558206024
-5.85858585858586,19.1919191919192,14.0432419230086
-5.45454545454546,19.1919191919192,19.1424659011905
-5.05050505050505,19.1919191919192,25.1687178747247
-4.64646464646465,19.1919191919192,31.9040392933585
-4.24242424242424,19.1919191919192,39.5926172958636
-3.83838383838384,19.1919191919192,48.0541150437313
-3.43434343434344,19.1919191919192,57.0473778986853
-3.03030303030303,19.1919191919192,66.7470406953844
-2.62626262626263,19.1919191919192,77.2127314369098
-2.22222222222222,19.1919191919192,88.2069556528976
-1.81818181818182,19.1919191919192,100.384501341493
-1.41414141414142,19.1919191919192,113.657894346316
-1.01010101010101,19.1919191919192,127.533611711749
-0.606060606060606,19.1919191919192,142.182967275459
-0.202020202020201,19.1919191919192,158.175129809056
0.202020202020201,19.1919191919192,174.920830638617
0.606060606060606,19.1919191919192,192.139896781964
1.01010101010101,19.1919191919192,209.997090618784
1.41414141414142,19.1919191919192,222.954579807907
1.81818181818182,19.1919191919192,241.72993986426
2.22222222222222,19.1919191919192,261.580751806209
2.62626262626263,19.1919191919192,282.147830013598
3.03030303030303,19.1919191919192,303.73989202295
3.43434343434343,19.1919191919192,326.289397732672
3.83838383838384,19.1919191919192,350.495011294485
4.24242424242424,19.1919191919192,377.199825226714
4.64646464646465,19.1919191919192,404.97440625354
5.05050505050505,19.1919191919192,433.896849201578
5.45454545454545,19.1919191919192,463.876910445786
5.85858585858586,19.1919191919192,495.574787123314
6.26262626262626,19.1919191919192,529.902250658914
6.66666666666667,19.1919191919192,564.853986264468
7.07070707070707,19.1919191919192,601.270183517408
7.47474747474747,19.1919191919192,638.625372077057
7.87878787878788,19.1919191919192,676.871901411252
8.28282828282828,19.1919191919192,715.965737413535
8.68686868686869,19.1919191919192,756.100527293291
9.09090909090909,19.1919191919192,797.263629662256
9.4949494949495,19.1919191919192,840.167973642242
9.8989898989899,19.1919191919192,884.189326679616
10.3030303030303,19.1919191919192,929.36469334424
10.7070707070707,19.1919191919192,976.013627861296
11.1111111111111,19.1919191919192,1024.09705792135
11.5151515151515,19.1919191919192,1073.21462568491
11.9191919191919,19.1919191919192,1123.98418295013
12.3232323232323,19.1919191919192,1175.96049153907
12.7272727272727,19.1919191919192,1229.47214438901
13.1313131313131,19.1919191919192,1285.46570351148
13.5353535353535,19.1919191919192,1342.79414361244
13.9393939393939,19.1919191919192,1402.27414401957
14.3434343434343,19.1919191919192,1462.99904051623
14.7474747474747,19.1919191919192,1524.93894865994
15.1515151515151,19.1919191919192,1588.13655632393
15.5555555555556,19.1919191919192,1652.24725977274
15.959595959596,19.1919191919192,1719.5251524415
16.3636363636364,19.1919191919192,1791.21696410546
16.7676767676768,19.1919191919192,1865.04435386156
17.1717171717172,19.1919191919192,1942.73432935517
17.5757575757576,19.1919191919192,2023.99403130886
17.979797979798,19.1919191919192,2107.84141235217
18.3838383838384,19.1919191919192,2194.7885130987
18.7878787878788,19.1919191919192,2286.28705860095
19.1919191919192,19.1919191919192,2380.17293670624
19.5959595959596,19.1919191919192,2477.0804901002
20,19.1919191919192,2576.6380528324
-20,19.5959595959596,241.161413152279
-19.5959595959596,19.5959595959596,225.782207031842
-19.1919191919192,19.5959595959596,211.089864947638
-18.7878787878788,19.5959595959596,196.847834051677
-18.3838383838384,19.5959595959596,183.112054924553
-17.979797979798,19.5959595959596,169.167768433534
-17.5757575757576,19.5959595959596,155.947459822192
-17.1717171717172,19.5959595959596,143.257674471771
-16.7676767676768,19.5959595959596,130.959715207488
-16.3636363636364,19.5959595959596,119.181663698197
-15.959595959596,19.5959595959596,107.947557053645
-15.5555555555556,19.5959595959596,97.2874850427173
-15.1515151515152,19.5959595959596,87.2322964273223
-14.7474747474747,19.5959595959596,77.5928342205926
-14.3434343434343,19.5959595959596,68.0638201743764
-13.9393939393939,19.5959595959596,58.9147028845722
-13.5353535353535,19.5959595959596,50.5775174728114
-13.1313131313131,19.5959595959596,42.8307893801542
-12.7272727272727,19.5959595959596,35.7708533627529
-12.3232323232323,19.5959595959596,29.3728126423535
-11.9191919191919,19.5959595959596,23.5649638325871
-11.5151515151515,19.5959595959596,18.4154374626739
-11.1111111111111,19.5959595959596,13.9783612158867
-10.7070707070707,19.5959595959596,10.0519232343883
-10.3030303030303,19.5959595959596,6.7339213155994
-9.8989898989899,19.5959595959596,4.1005923986911
-9.4949494949495,19.5959595959596,2.12593692773396
-9.09090909090909,19.5959595959596,0.762252174608061
-8.68686868686869,19.5959595959596,0.0815753766570278
-8.28282828282828,19.5959595959596,0.0902608584041235
-7.87878787878788,19.5959595959596,0.816582074364923
-7.47474747474748,19.5959595959596,2.32098633788373
-7.07070707070707,19.5959595959596,4.62280532287675
-6.66666666666667,19.5959595959596,7.69108462418046
-6.26262626262626,19.5959595959596,11.5227362457878
-5.85858585858586,19.5959595959596,16.1815124372572
-5.45454545454546,19.5959595959596,21.6503067191528
-5.05050505050505,19.5959595959596,28.0139140634186
-4.64646464646465,19.5959595959596,35.103238297456
-4.24242424242424,19.5959595959596,43.1762325707323
-3.83838383838384,19.5959595959596,51.9302700205236
-3.43434343434344,19.5959595959596,61.2533639088001
-3.03030303030303,19.5959595959596,71.2821947445805
-2.62626262626263,19.5959595959596,82.0767405009058
-2.22222222222222,19.5959595959596,93.4274629217971
-1.81818181818182,19.5959595959596,105.953423983911
-1.41414141414142,19.5959595959596,119.590953686567
-1.01010101010101,19.5959595959596,133.798798613807
-0.606060606060606,19.5959595959596,148.800709532214
-0.202020202020201,19.5959595959596,165.151790147094
0.202020202020201,19.5959595959596,182.264873128691
0.606060606060606,19.5959595959596,199.83871730536
1.01010101010101,19.5959595959596,218.045694640577
1.41414141414142,19.5959595959596,231.26401397072
1.81818181818182,19.5959595959596,250.360028857841
2.22222222222222,19.5959595959596,270.555468315253
2.62626262626263,19.5959595959596,291.474567612231
3.03030303030303,19.5959595959596,313.357623696677
3.43434343434343,19.5959595959596,336.239554972439
3.83838383838384,19.5959595959596,360.539402205605
4.24242424242424,19.5959595959596,387.346637394231
4.64646464646465,19.5959595959596,415.482455965221
5.05050505050505,19.5959595959596,444.71353699761
5.45454545454545,19.5959595959596,475.0153836651
5.85858585858586,19.5959595959596,506.539125864476
6.26262626262626,19.5959595959596,541.183616052132
6.66666666666667,19.5959595959596,576.641237905363
7.07070707070707,19.5959595959596,613.215647078289
7.47474747474747,19.5959595959596,651.157022051862
7.87878787878788,19.5959595959596,689.805715934261
8.28282828282828,19.5959595959596,729.398969484078
8.68686868686869,19.5959595959596,769.85779295782
9.09090909090909,19.5959595959596,811.427867250637
9.4949494949495,19.5959595959596,854.260755463288
9.8989898989899,19.5959595959596,898.849787857887
10.3030303030303,19.5959595959596,944.289625435168
10.7070707070707,19.5959595959596,991.069279256063
11.1111111111111,19.5959595959596,1039.44612794837
11.5151515151515,19.5959595959596,1088.87601682148
11.9191919191919,19.5959595959596,1139.75926155715
12.3232323232323,19.5959595959596,1192.21268529694
12.7272727272727,19.5959595959596,1245.76181494542
13.1313131313131,19.5959595959596,1301.21702739625
13.5353535353535,19.5959595959596,1358.87634444971
13.9393939393939,19.5959595959596,1418.01141875668
14.3434343434343,19.5959595959596,1479.13559673482
14.7474747474747,19.5959595959596,1541.47073920227
15.1515151515151,19.5959595959596,1605.01751999333
15.5555555555556,19.5959595959596,1669.81945803191
15.959595959596,19.5959595959596,1735.70705428331
16.3636363636364,19.5959595959596,1804.99878962243
16.7676767676768,19.5959595959596,1878.80518278896
17.1717171717172,19.5959595959596,1954.56062921815
17.5757575757576,19.5959595959596,2034.4074865053
17.979797979798,19.5959595959596,2117.57380045905
18.3838383838384,19.5959595959596,2203.41022073791
18.7878787878788,19.5959595959596,2292.41396989852
19.1919191919192,19.5959595959596,2385.9558334105
19.5959595959596,19.5959595959596,2481.84785134118
20,19.5959595959596,2580.78004754792
-20,20,234.959262949671
-19.5959595959596,20,219.953801327138
-19.1919191919192,20,205.423532632715
-18.7878787878788,20,191.397024439921
-18.3838383838384,20,177.214871195075
-17.979797979798,20,163.638196865359
-17.5757575757576,20,150.659587648223
-17.1717171717172,20,138.040300139974
-16.7676767676768,20,125.957012276727
-16.3636363636364,20,114.383271354985
-15.959595959596,20,103.413701981603
-15.5555555555556,20,93.0050152559437
-15.1515151515152,20,83.1249407334755
-14.7474747474747,20,73.4168869203826
-14.3434343434343,20,63.9106512738116
-13.9393939393939,20,55.1724477918407
-13.5353535353535,20,47.0573826992639
-13.1313131313131,20,39.6301225254173
-12.7272727272727,20,32.8961270654604
-12.3232323232323,20,26.7439300355513
-11.9191919191919,20,21.2021992966223
-11.5151515151515,20,16.3827409669301
-11.1111111111111,20,12.1925171885593
-10.7070707070707,20,8.50409139792122
-10.3030303030303,20,5.49233158891202
-9.8989898989899,20,3.15151460344057
-9.4949494949495,20,1.44438594225376
-9.09090909090909,20,0.377486688931715
-8.68686868686869,20,0.000783507075822358
-8.28282828282828,20,0.318818761038049
-7.87878787878788,20,1.37751002032094
-7.47474747474748,20,3.22318293888089
-7.07070707070707,20,5.87884578883644
-6.66666666666667,20,9.27357102387848
-6.26262626262626,20,13.4297229837139
-5.85858585858586,20,18.4484806209421
-5.45454545454546,20,24.3149711793369
-5.05050505050505,20,30.9890841415298
-4.64646464646465,20,38.4656291181461
-4.24242424242424,20,46.9128648502006
-3.83838383838384,20,55.952042471683
-3.43434343434344,20,65.6048863573604
-3.03030303030303,20,75.9636219876879
-2.62626262626263,20,87.0376272896365
-2.22222222222222,20,98.7890809996128
-1.81818181818182,20,111.6726351938
-1.41414141414142,20,125.665674599008
-1.01010101010101,20,140.214276539663
-0.606060606060606,20,155.568928724835
-0.202020202020201,20,172.279008491275
0.202020202020201,20,189.752180493114
0.606060606060606,20,207.689011719472
1.01010101010101,20,226.24565211557
1.41414141414142,20,239.715727562977
1.81818181818182,20,259.141419340869
2.22222222222222,20,279.681111646438
2.62626262626263,20,300.963484383749
3.03030303030303,20,323.125260981939
3.43434343434343,20,346.333477212087
3.83838383838384,20,370.772333404754
4.24242424242424,20,397.605072594533
4.64646464646465,20,426.126511093163
5.05050505050505,20,455.673899978377
5.45454545454545,20,486.309808533859
5.85858585858586,20,518.088206440513
6.26262626262626,20,552.47575728917
6.66666666666667,20,588.497923098628
7.07070707070707,20,625.294441527855
7.47474747474747,20,663.72777948244
7.87878787878788,20,702.801154893942
8.28282828282828,20,742.852038642337
8.68686868686869,20,783.742507070646
9.09090909090909,20,825.716601572764
9.4949494949495,20,868.713254360987
9.8989898989899,20,913.490472038532
10.3030303030303,20,959.382835258987
10.7070707070707,20,1006.38513696728
11.1111111111111,20,1054.84370375345
11.5151515151515,20,1104.83977459555
11.9191919191919,20,1155.77162042757
12.3232323232323,20,1208.2886548104
12.7272727272727,20,1262.31508985629
13.1313131313131,20,1317.5552243608
13.5353535353535,20,1374.99571647993
13.9393939393939,20,1434.30253397537
14.3434343434343,20,1495.38720948502
14.7474747474747,20,1558.04497915935
15.1515151515151,20,1621.9788166872
15.5555555555556,20,1687.14614215929
15.959595959596,20,1753.46819513135
16.3636363636364,20,1821.3488123212
16.7676767676768,20,1892.82437282182
17.1717171717172,20,1968.48440549384
17.5757575757576,20,2046.17578667992
17.979797979798,20,2128.19363959281
18.3838383838384,20,2213.26937481668
18.7878787878788,20,2301.09705992699
19.1919191919192,20,2392.19164489643
19.5959595959596,20,2487.75175596838
20,20,2585.64923132467
